image,blur,laplacian_var,occlusion_low_contrast,contrast,lighting
D:\Guvi\Projects\major\number-plate-vehicle-detection\data\final_merged_datasets\images\test\img_000009.jpg,Yes,75.75,No,50.98,Good
D:\Guvi\Projects\major\number-plate-vehicle-detection\data\final_merged_datasets\images\test\img_000010.jpg,No,1334.06,No,55.58,Good
D:\Guvi\Projects\major\number-plate-vehicle-detection\data\final_merged_datasets\images\test\img_000017.jpg,No,583.08,No,42.78,Good
D:\Guvi\Projects\major\number-plate-vehicle-detection\data\final_merged_datasets\images\test\img_000020.jpg,No,975.92,No,63.85,Too Dark
D:\Guvi\Projects\major\number-plate-vehicle-detection\data\final_merged_datasets\images\test\img_000028.jpg,No,1407.23,No,58.73,Good
D:\Guvi\Projects\major\number-plate-vehicle-detection\data\final_merged_datasets\images\test\img_000034.jpg,No,567.55,No,58.12,Good
D:\Guvi\Projects\major\number-plate-vehicle-detection\data\final_merged_datasets\images\test\img_000037.jpg,No,1951.06,No,49.37,Good
D:\Guvi\Projects\major\number-plate-vehicle-detection\data\final_merged_datasets\images\test\img_000055.jpg,No,815.73,No,40.20,Good
D:\Guvi\Projects\major\number-plate-vehicle-detection\data\final_merged_datasets\images\test\img_000061.jpg,No,156.44,No,65.04,Good
D:\Guvi\Projects\major\number-plate-vehicle-detection\data\final_merged_datasets\images\test\img_000065.jpg,No,5914.37,No,51.87,Good
D:\Guvi\Projects\major\number-plate-vehicle-detection\data\final_merged_datasets\images\test\img_000078.jpg,No,1187.57,No,41.81,Good
D:\Guvi\Projects\major\number-plate-vehicle-detection\data\final_merged_datasets\images\test\img_000183.jpg,Yes,94.77,No,73.64,Good
D:\Guvi\Projects\major\number-plate-vehicle-detection\data\final_merged_datasets\images\test\img_000189.jpg,No,329.74,Yes,27.16,Too Dark
D:\Guvi\Projects\major\number-plate-vehicle-detection\data\final_merged_datasets\images\test\img_000199.jpg,No,583.08,No,42.78,Good
D:\Guvi\Projects\major\number-plate-vehicle-detection\data\final_merged_datasets\images\test\img_000228.jpg,No,1380.33,No,72.39,Good
D:\Guvi\Projects\major\number-plate-vehicle-detection\data\final_merged_datasets\images\test\img_000248.jpg,No,596.15,No,106.78,Good
D:\Guvi\Projects\major\number-plate-vehicle-detection\data\final_merged_datasets\images\test\img_000255.jpg,No,1966.80,No,0.00,Unknown
D:\Guvi\Projects\major\number-plate-vehicle-detection\data\final_merged_datasets\images\test\img_000290.jpg,No,598.52,No,55.81,Good
D:\Guvi\Projects\major\number-plate-vehicle-detection\data\final_merged_datasets\images\test\img_000294.jpg,No,784.93,No,79.68,Good
D:\Guvi\Projects\major\number-plate-vehicle-detection\data\final_merged_datasets\images\test\img_000295.jpg,No,792.65,No,79.97,Good
D:\Guvi\Projects\major\number-plate-vehicle-detection\data\final_merged_datasets\images\test\img_000297.jpg,No,5672.36,No,48.04,Good
D:\Guvi\Projects\major\number-plate-vehicle-detection\data\final_merged_datasets\images\test\img_000303.jpg,No,846.68,No,62.24,Good
D:\Guvi\Projects\major\number-plate-vehicle-detection\data\final_merged_datasets\images\test\img_000309.jpg,No,240.31,No,0.00,Unknown
D:\Guvi\Projects\major\number-plate-vehicle-detection\data\final_merged_datasets\images\test\img_000318.jpg,No,225.48,Yes,20.73,Too Bright
D:\Guvi\Projects\major\number-plate-vehicle-detection\data\final_merged_datasets\images\test\img_000324.jpg,Yes,57.93,No,0.00,Unknown
D:\Guvi\Projects\major\number-plate-vehicle-detection\data\final_merged_datasets\images\test\img_000331.jpg,Yes,64.57,No,0.00,Unknown
D:\Guvi\Projects\major\number-plate-vehicle-detection\data\final_merged_datasets\images\test\img_000338.jpg,Yes,45.82,No,33.86,Good
D:\Guvi\Projects\major\number-plate-vehicle-detection\data\final_merged_datasets\images\test\img_000342.jpg,Yes,42.16,No,35.79,Good
D:\Guvi\Projects\major\number-plate-vehicle-detection\data\final_merged_datasets\images\test\img_000347.jpg,Yes,38.85,No,37.69,Good
D:\Guvi\Projects\major\number-plate-vehicle-detection\data\final_merged_datasets\images\test\img_000366.jpg,No,310.20,No,71.74,Good
D:\Guvi\Projects\major\number-plate-vehicle-detection\data\final_merged_datasets\images\test\img_000378.jpg,No,904.62,No,68.42,Good
D:\Guvi\Projects\major\number-plate-vehicle-detection\data\final_merged_datasets\images\test\img_000379.jpg,No,866.78,No,67.70,Good
D:\Guvi\Projects\major\number-plate-vehicle-detection\data\final_merged_datasets\images\test\img_000380.jpg,No,974.05,No,63.44,Good
D:\Guvi\Projects\major\number-plate-vehicle-detection\data\final_merged_datasets\images\test\img_000385.jpg,No,896.13,No,64.39,Good
D:\Guvi\Projects\major\number-plate-vehicle-detection\data\final_merged_datasets\images\test\img_000398.jpg,No,6358.54,No,47.75,Good
D:\Guvi\Projects\major\number-plate-vehicle-detection\data\final_merged_datasets\images\test\img_000413.jpg,No,1015.07,Yes,23.33,Good
D:\Guvi\Projects\major\number-plate-vehicle-detection\data\final_merged_datasets\images\test\img_000414.jpg,No,1672.29,No,35.72,Good
D:\Guvi\Projects\major\number-plate-vehicle-detection\data\final_merged_datasets\images\test\img_000420.jpg,No,1003.43,No,59.73,Good
D:\Guvi\Projects\major\number-plate-vehicle-detection\data\final_merged_datasets\images\test\img_000421.jpg,No,1341.29,No,65.30,Good
D:\Guvi\Projects\major\number-plate-vehicle-detection\data\final_merged_datasets\images\test\img_000428.jpg,No,1050.15,No,0.00,Unknown
D:\Guvi\Projects\major\number-plate-vehicle-detection\data\final_merged_datasets\images\test\img_000430.jpg,No,835.71,No,50.67,Good
D:\Guvi\Projects\major\number-plate-vehicle-detection\data\final_merged_datasets\images\test\img_000438.jpg,No,1922.29,No,63.55,Good
D:\Guvi\Projects\major\number-plate-vehicle-detection\data\final_merged_datasets\images\test\img_000448.jpg,No,1293.77,No,0.00,Unknown
D:\Guvi\Projects\major\number-plate-vehicle-detection\data\final_merged_datasets\images\test\img_000452.jpg,No,192.44,No,49.32,Good
D:\Guvi\Projects\major\number-plate-vehicle-detection\data\final_merged_datasets\images\test\img_000461.jpg,No,1297.73,No,94.38,Good
D:\Guvi\Projects\major\number-plate-vehicle-detection\data\final_merged_datasets\images\test\img_000482.jpg,No,1081.95,No,40.36,Good
D:\Guvi\Projects\major\number-plate-vehicle-detection\data\final_merged_datasets\images\test\img_000494.jpg,No,2803.31,No,0.00,Unknown
D:\Guvi\Projects\major\number-plate-vehicle-detection\data\final_merged_datasets\images\test\img_000498.jpg,No,7756.32,No,63.24,Good
D:\Guvi\Projects\major\number-plate-vehicle-detection\data\final_merged_datasets\images\test\img_000529.jpg,No,2495.40,No,40.81,Good
D:\Guvi\Projects\major\number-plate-vehicle-detection\data\final_merged_datasets\images\test\img_000549.jpg,No,4673.93,No,0.00,Unknown
D:\Guvi\Projects\major\number-plate-vehicle-detection\data\final_merged_datasets\images\test\img_000554.jpg,No,2202.36,No,36.67,Good
D:\Guvi\Projects\major\number-plate-vehicle-detection\data\final_merged_datasets\images\test\img_000555.jpg,No,3037.62,No,0.00,Unknown
D:\Guvi\Projects\major\number-plate-vehicle-detection\data\final_merged_datasets\images\test\img_000566.jpg,No,2043.23,No,50.04,Good
D:\Guvi\Projects\major\number-plate-vehicle-detection\data\final_merged_datasets\images\test\img_000574.jpg,No,2038.45,No,0.00,Unknown
D:\Guvi\Projects\major\number-plate-vehicle-detection\data\final_merged_datasets\images\test\img_000586.jpg,No,2763.37,No,52.90,Good
D:\Guvi\Projects\major\number-plate-vehicle-detection\data\final_merged_datasets\images\test\img_000596.jpg,No,489.11,No,0.00,Unknown
D:\Guvi\Projects\major\number-plate-vehicle-detection\data\final_merged_datasets\images\test\img_000602.jpg,No,859.65,Yes,25.47,Good
D:\Guvi\Projects\major\number-plate-vehicle-detection\data\final_merged_datasets\images\test\img_000613.jpg,No,800.18,No,37.38,Good
D:\Guvi\Projects\major\number-plate-vehicle-detection\data\final_merged_datasets\images\test\img_000626.jpg,No,862.69,No,36.73,Good
D:\Guvi\Projects\major\number-plate-vehicle-detection\data\final_merged_datasets\images\test\img_000632.jpg,No,812.15,No,37.67,Good
D:\Guvi\Projects\major\number-plate-vehicle-detection\data\final_merged_datasets\images\test\img_000654.jpg,No,859.89,No,42.49,Good
D:\Guvi\Projects\major\number-plate-vehicle-detection\data\final_merged_datasets\images\test\img_000656.jpg,No,238.65,Yes,17.30,Good
D:\Guvi\Projects\major\number-plate-vehicle-detection\data\final_merged_datasets\images\test\img_000663.jpg,No,276.72,Yes,18.30,Good
D:\Guvi\Projects\major\number-plate-vehicle-detection\data\final_merged_datasets\images\test\img_000695.jpg,No,783.55,No,50.14,Good
D:\Guvi\Projects\major\number-plate-vehicle-detection\data\final_merged_datasets\images\test\img_000699.jpg,No,831.44,No,47.75,Too Bright
D:\Guvi\Projects\major\number-plate-vehicle-detection\data\final_merged_datasets\images\test\img_000707.jpg,No,666.91,No,52.29,Good
D:\Guvi\Projects\major\number-plate-vehicle-detection\data\final_merged_datasets\images\test\img_000708.jpg,No,652.44,No,48.52,Good
D:\Guvi\Projects\major\number-plate-vehicle-detection\data\final_merged_datasets\images\test\img_000717.jpg,No,837.28,No,51.12,Good
D:\Guvi\Projects\major\number-plate-vehicle-detection\data\final_merged_datasets\images\test\img_000734.jpg,No,636.37,Yes,24.27,Good
D:\Guvi\Projects\major\number-plate-vehicle-detection\data\final_merged_datasets\images\test\img_000743.jpg,No,647.54,Yes,25.41,Good
D:\Guvi\Projects\major\number-plate-vehicle-detection\data\final_merged_datasets\images\test\img_000751.jpg,No,637.60,No,34.91,Good
D:\Guvi\Projects\major\number-plate-vehicle-detection\data\final_merged_datasets\images\test\img_000752.jpg,No,630.69,No,34.36,Good
D:\Guvi\Projects\major\number-plate-vehicle-detection\data\final_merged_datasets\images\test\img_000757.jpg,No,651.94,Yes,18.06,Good
D:\Guvi\Projects\major\number-plate-vehicle-detection\data\final_merged_datasets\images\test\img_000760.jpg,No,233.44,No,37.17,Good
D:\Guvi\Projects\major\number-plate-vehicle-detection\data\final_merged_datasets\images\test\img_000762.jpg,No,143.26,Yes,25.75,Good
D:\Guvi\Projects\major\number-plate-vehicle-detection\data\final_merged_datasets\images\test\img_000780.jpg,No,181.62,No,30.89,Good
D:\Guvi\Projects\major\number-plate-vehicle-detection\data\final_merged_datasets\images\test\img_000796.jpg,No,153.38,Yes,23.87,Good
D:\Guvi\Projects\major\number-plate-vehicle-detection\data\final_merged_datasets\images\test\img_000818.jpg,No,537.05,No,42.71,Good
D:\Guvi\Projects\major\number-plate-vehicle-detection\data\final_merged_datasets\images\test\img_000825.jpg,No,525.09,No,42.79,Good
D:\Guvi\Projects\major\number-plate-vehicle-detection\data\final_merged_datasets\images\test\img_000835.jpg,No,1055.97,Yes,19.39,Good
D:\Guvi\Projects\major\number-plate-vehicle-detection\data\final_merged_datasets\images\test\img_000839.jpg,No,1029.73,No,30.78,Good
D:\Guvi\Projects\major\number-plate-vehicle-detection\data\final_merged_datasets\images\test\img_000843.jpg,No,1021.76,Yes,23.75,Good
D:\Guvi\Projects\major\number-plate-vehicle-detection\data\final_merged_datasets\images\test\img_000859.jpg,No,1116.66,No,49.66,Good
D:\Guvi\Projects\major\number-plate-vehicle-detection\data\final_merged_datasets\images\test\img_000864.jpg,No,1150.23,No,58.83,Good
D:\Guvi\Projects\major\number-plate-vehicle-detection\data\final_merged_datasets\images\test\img_000885.jpg,No,622.02,Yes,8.35,Too Dark
D:\Guvi\Projects\major\number-plate-vehicle-detection\data\final_merged_datasets\images\test\img_000904.jpg,No,906.39,No,43.47,Good
D:\Guvi\Projects\major\number-plate-vehicle-detection\data\final_merged_datasets\images\test\img_000910.jpg,No,775.56,No,40.99,Good
D:\Guvi\Projects\major\number-plate-vehicle-detection\data\final_merged_datasets\images\test\img_000915.jpg,No,787.56,No,31.93,Good
D:\Guvi\Projects\major\number-plate-vehicle-detection\data\final_merged_datasets\images\test\img_000933.jpg,No,806.61,No,39.61,Good
D:\Guvi\Projects\major\number-plate-vehicle-detection\data\final_merged_datasets\images\test\img_001670.jpg,Yes,99.73,No,58.94,Good
D:\Guvi\Projects\major\number-plate-vehicle-detection\data\final_merged_datasets\images\test\img_001677.jpg,No,1259.44,No,87.93,Good
D:\Guvi\Projects\major\number-plate-vehicle-detection\data\final_merged_datasets\images\test\img_001680.jpg,No,1203.07,No,94.87,Good
D:\Guvi\Projects\major\number-plate-vehicle-detection\data\final_merged_datasets\images\test\img_001704.jpg,No,152.76,No,86.73,Good
D:\Guvi\Projects\major\number-plate-vehicle-detection\data\final_merged_datasets\images\test\img_001713.jpg,No,187.30,No,77.42,Good
D:\Guvi\Projects\major\number-plate-vehicle-detection\data\final_merged_datasets\images\test\img_001714.jpg,Yes,25.12,No,58.03,Good
D:\Guvi\Projects\major\number-plate-vehicle-detection\data\final_merged_datasets\images\test\img_001720.jpg,No,1572.29,No,87.51,Good
D:\Guvi\Projects\major\number-plate-vehicle-detection\data\final_merged_datasets\images\test\img_001725.jpg,No,1294.35,No,86.18,Good
D:\Guvi\Projects\major\number-plate-vehicle-detection\data\final_merged_datasets\images\test\img_001749.jpg,No,118.19,No,84.51,Good
D:\Guvi\Projects\major\number-plate-vehicle-detection\data\final_merged_datasets\images\test\img_001778.jpg,No,1134.70,No,73.96,Good
D:\Guvi\Projects\major\number-plate-vehicle-detection\data\final_merged_datasets\images\train\img_000000.jpg,No,2804.54,No,64.38,Good
D:\Guvi\Projects\major\number-plate-vehicle-detection\data\final_merged_datasets\images\train\img_000001.jpg,No,411.22,No,58.55,Good
D:\Guvi\Projects\major\number-plate-vehicle-detection\data\final_merged_datasets\images\train\img_000002.jpg,No,771.41,No,0.00,Unknown
D:\Guvi\Projects\major\number-plate-vehicle-detection\data\final_merged_datasets\images\train\img_000004.jpg,No,478.67,No,46.68,Good
D:\Guvi\Projects\major\number-plate-vehicle-detection\data\final_merged_datasets\images\train\img_000008.jpg,No,329.74,Yes,27.16,Too Dark
D:\Guvi\Projects\major\number-plate-vehicle-detection\data\final_merged_datasets\images\train\img_000011.jpg,No,550.07,No,53.53,Good
D:\Guvi\Projects\major\number-plate-vehicle-detection\data\final_merged_datasets\images\train\img_000014.jpg,No,1194.62,No,60.80,Good
D:\Guvi\Projects\major\number-plate-vehicle-detection\data\final_merged_datasets\images\train\img_000015.jpg,Yes,83.85,No,51.74,Good
D:\Guvi\Projects\major\number-plate-vehicle-detection\data\final_merged_datasets\images\train\img_000018.jpg,No,1607.11,No,61.44,Good
D:\Guvi\Projects\major\number-plate-vehicle-detection\data\final_merged_datasets\images\train\img_000022.jpg,No,1588.62,No,55.03,Good
D:\Guvi\Projects\major\number-plate-vehicle-detection\data\final_merged_datasets\images\train\img_000023.jpg,No,276.74,Yes,27.14,Good
D:\Guvi\Projects\major\number-plate-vehicle-detection\data\final_merged_datasets\images\train\img_000025.jpg,No,1005.47,No,31.66,Good
D:\Guvi\Projects\major\number-plate-vehicle-detection\data\final_merged_datasets\images\train\img_000026.jpg,No,1588.82,No,56.27,Good
D:\Guvi\Projects\major\number-plate-vehicle-detection\data\final_merged_datasets\images\train\img_000031.jpg,No,848.18,No,55.30,Good
D:\Guvi\Projects\major\number-plate-vehicle-detection\data\final_merged_datasets\images\train\img_000032.jpg,No,623.88,No,61.44,Good
D:\Guvi\Projects\major\number-plate-vehicle-detection\data\final_merged_datasets\images\train\img_000033.jpg,No,789.28,No,85.96,Good
D:\Guvi\Projects\major\number-plate-vehicle-detection\data\final_merged_datasets\images\train\img_000035.jpg,No,3385.71,No,0.00,Unknown
D:\Guvi\Projects\major\number-plate-vehicle-detection\data\final_merged_datasets\images\train\img_000036.jpg,No,6305.57,No,98.54,Good
D:\Guvi\Projects\major\number-plate-vehicle-detection\data\final_merged_datasets\images\train\img_000038.jpg,No,361.93,Yes,14.90,Too Dark
D:\Guvi\Projects\major\number-plate-vehicle-detection\data\final_merged_datasets\images\train\img_000039.jpg,No,16527.36,No,67.90,Too Bright
D:\Guvi\Projects\major\number-plate-vehicle-detection\data\final_merged_datasets\images\train\img_000041.jpg,No,627.94,No,57.20,Good
D:\Guvi\Projects\major\number-plate-vehicle-detection\data\final_merged_datasets\images\train\img_000042.jpg,No,685.96,No,66.14,Good
D:\Guvi\Projects\major\number-plate-vehicle-detection\data\final_merged_datasets\images\train\img_000043.jpg,No,1445.34,No,91.41,Good
D:\Guvi\Projects\major\number-plate-vehicle-detection\data\final_merged_datasets\images\train\img_000044.jpg,No,1380.33,No,72.39,Good
D:\Guvi\Projects\major\number-plate-vehicle-detection\data\final_merged_datasets\images\train\img_000045.jpg,No,105.64,No,43.59,Good
D:\Guvi\Projects\major\number-plate-vehicle-detection\data\final_merged_datasets\images\train\img_000046.jpg,No,870.10,No,69.83,Good
D:\Guvi\Projects\major\number-plate-vehicle-detection\data\final_merged_datasets\images\train\img_000048.jpg,No,382.11,No,51.37,Good
D:\Guvi\Projects\major\number-plate-vehicle-detection\data\final_merged_datasets\images\train\img_000050.jpg,No,1169.83,Yes,28.54,Good
D:\Guvi\Projects\major\number-plate-vehicle-detection\data\final_merged_datasets\images\train\img_000051.jpg,No,494.47,No,46.43,Good
D:\Guvi\Projects\major\number-plate-vehicle-detection\data\final_merged_datasets\images\train\img_000052.jpg,No,584.52,No,52.88,Good
D:\Guvi\Projects\major\number-plate-vehicle-detection\data\final_merged_datasets\images\train\img_000053.jpg,No,139.05,No,32.19,Good
D:\Guvi\Projects\major\number-plate-vehicle-detection\data\final_merged_datasets\images\train\img_000054.jpg,No,642.81,No,56.85,Good
D:\Guvi\Projects\major\number-plate-vehicle-detection\data\final_merged_datasets\images\train\img_000056.jpg,No,314.25,No,65.95,Good
D:\Guvi\Projects\major\number-plate-vehicle-detection\data\final_merged_datasets\images\train\img_000058.jpg,No,598.49,No,52.37,Good
D:\Guvi\Projects\major\number-plate-vehicle-detection\data\final_merged_datasets\images\train\img_000059.jpg,No,139.91,No,58.15,Good
D:\Guvi\Projects\major\number-plate-vehicle-detection\data\final_merged_datasets\images\train\img_000062.jpg,No,596.15,No,106.78,Good
D:\Guvi\Projects\major\number-plate-vehicle-detection\data\final_merged_datasets\images\train\img_000063.jpg,No,475.27,No,64.29,Good
D:\Guvi\Projects\major\number-plate-vehicle-detection\data\final_merged_datasets\images\train\img_000064.jpg,No,677.16,No,47.05,Good
D:\Guvi\Projects\major\number-plate-vehicle-detection\data\final_merged_datasets\images\train\img_000066.jpg,No,355.14,No,40.68,Too Dark
D:\Guvi\Projects\major\number-plate-vehicle-detection\data\final_merged_datasets\images\train\img_000068.jpg,No,280.71,No,67.01,Good
D:\Guvi\Projects\major\number-plate-vehicle-detection\data\final_merged_datasets\images\train\img_000069.jpg,No,430.96,No,38.05,Good
D:\Guvi\Projects\major\number-plate-vehicle-detection\data\final_merged_datasets\images\train\img_000070.jpg,No,1990.54,No,57.07,Good
D:\Guvi\Projects\major\number-plate-vehicle-detection\data\final_merged_datasets\images\train\img_000071.jpg,Yes,45.81,Yes,28.98,Good
D:\Guvi\Projects\major\number-plate-vehicle-detection\data\final_merged_datasets\images\train\img_000072.jpg,No,182.71,No,88.62,Good
D:\Guvi\Projects\major\number-plate-vehicle-detection\data\final_merged_datasets\images\train\img_000073.jpg,No,1671.17,No,75.33,Good
D:\Guvi\Projects\major\number-plate-vehicle-detection\data\final_merged_datasets\images\train\img_000075.jpg,No,3319.04,No,64.56,Good
D:\Guvi\Projects\major\number-plate-vehicle-detection\data\final_merged_datasets\images\train\img_000076.jpg,No,1110.44,No,77.71,Good
D:\Guvi\Projects\major\number-plate-vehicle-detection\data\final_merged_datasets\images\train\img_000077.jpg,No,259.97,No,83.51,Good
D:\Guvi\Projects\major\number-plate-vehicle-detection\data\final_merged_datasets\images\train\img_000079.jpg,No,876.89,No,56.20,Good
D:\Guvi\Projects\major\number-plate-vehicle-detection\data\final_merged_datasets\images\train\img_000080.jpg,Yes,99.99,No,0.00,Unknown
D:\Guvi\Projects\major\number-plate-vehicle-detection\data\final_merged_datasets\images\train\img_000081.jpg,No,158.28,No,72.71,Good
D:\Guvi\Projects\major\number-plate-vehicle-detection\data\final_merged_datasets\images\train\img_000082.jpg,No,592.20,No,62.33,Good
D:\Guvi\Projects\major\number-plate-vehicle-detection\data\final_merged_datasets\images\train\img_000083.jpg,No,528.40,No,78.03,Good
D:\Guvi\Projects\major\number-plate-vehicle-detection\data\final_merged_datasets\images\train\img_000084.jpg,No,505.72,No,40.89,Good
D:\Guvi\Projects\major\number-plate-vehicle-detection\data\final_merged_datasets\images\train\img_000086.jpg,No,238.78,No,55.28,Good
D:\Guvi\Projects\major\number-plate-vehicle-detection\data\final_merged_datasets\images\train\img_000087.jpg,No,2043.42,No,0.00,Unknown
D:\Guvi\Projects\major\number-plate-vehicle-detection\data\final_merged_datasets\images\train\img_000088.jpg,No,1125.52,No,54.61,Good
D:\Guvi\Projects\major\number-plate-vehicle-detection\data\final_merged_datasets\images\train\img_000089.jpg,No,1236.75,No,70.63,Good
D:\Guvi\Projects\major\number-plate-vehicle-detection\data\final_merged_datasets\images\train\img_000180.jpg,No,2804.54,No,64.38,Good
D:\Guvi\Projects\major\number-plate-vehicle-detection\data\final_merged_datasets\images\train\img_000182.jpg,No,771.41,No,0.00,Unknown
D:\Guvi\Projects\major\number-plate-vehicle-detection\data\final_merged_datasets\images\train\img_000184.jpg,No,950.12,No,58.64,Good
D:\Guvi\Projects\major\number-plate-vehicle-detection\data\final_merged_datasets\images\train\img_000185.jpg,No,478.67,No,46.68,Good
D:\Guvi\Projects\major\number-plate-vehicle-detection\data\final_merged_datasets\images\train\img_000186.jpg,No,987.09,No,53.81,Good
D:\Guvi\Projects\major\number-plate-vehicle-detection\data\final_merged_datasets\images\train\img_000188.jpg,No,771.98,No,32.14,Good
D:\Guvi\Projects\major\number-plate-vehicle-detection\data\final_merged_datasets\images\train\img_000190.jpg,Yes,75.75,No,50.98,Good
D:\Guvi\Projects\major\number-plate-vehicle-detection\data\final_merged_datasets\images\train\img_000194.jpg,No,369.27,No,48.72,Good
D:\Guvi\Projects\major\number-plate-vehicle-detection\data\final_merged_datasets\images\train\img_000195.jpg,No,949.62,No,0.00,Unknown
D:\Guvi\Projects\major\number-plate-vehicle-detection\data\final_merged_datasets\images\train\img_000200.jpg,No,1607.11,No,61.44,Good
D:\Guvi\Projects\major\number-plate-vehicle-detection\data\final_merged_datasets\images\train\img_000201.jpg,No,514.72,No,44.92,Good
D:\Guvi\Projects\major\number-plate-vehicle-detection\data\final_merged_datasets\images\train\img_000202.jpg,No,975.92,No,63.85,Too Dark
D:\Guvi\Projects\major\number-plate-vehicle-detection\data\final_merged_datasets\images\train\img_000203.jpg,No,391.56,No,47.47,Good
D:\Guvi\Projects\major\number-plate-vehicle-detection\data\final_merged_datasets\images\train\img_000204.jpg,No,1588.62,No,55.03,Good
D:\Guvi\Projects\major\number-plate-vehicle-detection\data\final_merged_datasets\images\train\img_000205.jpg,No,276.74,Yes,27.14,Good
D:\Guvi\Projects\major\number-plate-vehicle-detection\data\final_merged_datasets\images\train\img_000206.jpg,No,1097.83,No,55.85,Good
D:\Guvi\Projects\major\number-plate-vehicle-detection\data\final_merged_datasets\images\train\img_000207.jpg,No,630.34,No,37.77,Good
D:\Guvi\Projects\major\number-plate-vehicle-detection\data\final_merged_datasets\images\train\img_000208.jpg,No,1005.47,No,31.66,Good
D:\Guvi\Projects\major\number-plate-vehicle-detection\data\final_merged_datasets\images\train\img_000209.jpg,No,751.04,No,50.72,Good
D:\Guvi\Projects\major\number-plate-vehicle-detection\data\final_merged_datasets\images\train\img_000211.jpg,No,297.08,No,38.24,Good
D:\Guvi\Projects\major\number-plate-vehicle-detection\data\final_merged_datasets\images\train\img_000213.jpg,No,678.09,No,52.06,Good
D:\Guvi\Projects\major\number-plate-vehicle-detection\data\final_merged_datasets\images\train\img_000214.jpg,No,378.86,No,88.91,Good
D:\Guvi\Projects\major\number-plate-vehicle-detection\data\final_merged_datasets\images\train\img_000215.jpg,No,848.18,No,55.30,Good
D:\Guvi\Projects\major\number-plate-vehicle-detection\data\final_merged_datasets\images\train\img_000216.jpg,No,623.88,No,61.44,Good
D:\Guvi\Projects\major\number-plate-vehicle-detection\data\final_merged_datasets\images\train\img_000217.jpg,No,789.28,No,85.96,Good
D:\Guvi\Projects\major\number-plate-vehicle-detection\data\final_merged_datasets\images\train\img_000218.jpg,No,567.55,No,58.12,Good
D:\Guvi\Projects\major\number-plate-vehicle-detection\data\final_merged_datasets\images\train\img_000219.jpg,No,3385.71,No,0.00,Unknown
D:\Guvi\Projects\major\number-plate-vehicle-detection\data\final_merged_datasets\images\train\img_000221.jpg,No,1951.06,No,49.37,Good
D:\Guvi\Projects\major\number-plate-vehicle-detection\data\final_merged_datasets\images\train\img_000222.jpg,No,361.93,Yes,14.90,Too Dark
D:\Guvi\Projects\major\number-plate-vehicle-detection\data\final_merged_datasets\images\train\img_000224.jpg,No,1710.14,No,48.96,Good
D:\Guvi\Projects\major\number-plate-vehicle-detection\data\final_merged_datasets\images\train\img_000225.jpg,No,627.94,No,57.20,Good
D:\Guvi\Projects\major\number-plate-vehicle-detection\data\final_merged_datasets\images\train\img_000226.jpg,No,685.96,No,66.14,Good
D:\Guvi\Projects\major\number-plate-vehicle-detection\data\final_merged_datasets\images\train\img_000227.jpg,No,1445.34,No,91.41,Good
D:\Guvi\Projects\major\number-plate-vehicle-detection\data\final_merged_datasets\images\train\img_000229.jpg,No,105.64,No,43.59,Good
D:\Guvi\Projects\major\number-plate-vehicle-detection\data\final_merged_datasets\images\train\img_000230.jpg,No,870.10,No,69.83,Good
D:\Guvi\Projects\major\number-plate-vehicle-detection\data\final_merged_datasets\images\train\img_000231.jpg,No,309.87,No,82.43,Good
D:\Guvi\Projects\major\number-plate-vehicle-detection\data\final_merged_datasets\images\train\img_000232.jpg,No,382.11,No,51.37,Good
D:\Guvi\Projects\major\number-plate-vehicle-detection\data\final_merged_datasets\images\train\img_000233.jpg,No,1079.19,No,75.69,Good
D:\Guvi\Projects\major\number-plate-vehicle-detection\data\final_merged_datasets\images\train\img_000234.jpg,No,195.61,No,30.53,Good
D:\Guvi\Projects\major\number-plate-vehicle-detection\data\final_merged_datasets\images\train\img_000235.jpg,No,1169.83,Yes,28.54,Good
D:\Guvi\Projects\major\number-plate-vehicle-detection\data\final_merged_datasets\images\train\img_000236.jpg,No,494.47,No,46.43,Good
D:\Guvi\Projects\major\number-plate-vehicle-detection\data\final_merged_datasets\images\train\img_000237.jpg,No,584.52,No,52.88,Good
D:\Guvi\Projects\major\number-plate-vehicle-detection\data\final_merged_datasets\images\train\img_000239.jpg,No,642.81,No,56.85,Good
D:\Guvi\Projects\major\number-plate-vehicle-detection\data\final_merged_datasets\images\train\img_000240.jpg,No,815.73,No,40.20,Good
D:\Guvi\Projects\major\number-plate-vehicle-detection\data\final_merged_datasets\images\train\img_000241.jpg,No,314.25,No,65.95,Good
D:\Guvi\Projects\major\number-plate-vehicle-detection\data\final_merged_datasets\images\train\img_000247.jpg,No,156.44,No,65.04,Good
D:\Guvi\Projects\major\number-plate-vehicle-detection\data\final_merged_datasets\images\train\img_000249.jpg,No,475.27,No,64.29,Good
D:\Guvi\Projects\major\number-plate-vehicle-detection\data\final_merged_datasets\images\train\img_000250.jpg,No,677.16,No,47.05,Good
D:\Guvi\Projects\major\number-plate-vehicle-detection\data\final_merged_datasets\images\train\img_000251.jpg,No,5914.37,No,51.87,Good
D:\Guvi\Projects\major\number-plate-vehicle-detection\data\final_merged_datasets\images\train\img_000252.jpg,No,355.14,No,40.68,Too Dark
D:\Guvi\Projects\major\number-plate-vehicle-detection\data\final_merged_datasets\images\train\img_000253.jpg,No,1848.59,No,72.19,Good
D:\Guvi\Projects\major\number-plate-vehicle-detection\data\final_merged_datasets\images\train\img_000254.jpg,No,280.71,No,67.01,Good
D:\Guvi\Projects\major\number-plate-vehicle-detection\data\final_merged_datasets\images\train\img_000256.jpg,No,430.96,No,38.05,Good
D:\Guvi\Projects\major\number-plate-vehicle-detection\data\final_merged_datasets\images\train\img_000257.jpg,No,1990.54,No,57.07,Good
D:\Guvi\Projects\major\number-plate-vehicle-detection\data\final_merged_datasets\images\train\img_000258.jpg,Yes,45.81,Yes,28.98,Good
D:\Guvi\Projects\major\number-plate-vehicle-detection\data\final_merged_datasets\images\train\img_000259.jpg,No,182.71,No,88.62,Good
D:\Guvi\Projects\major\number-plate-vehicle-detection\data\final_merged_datasets\images\train\img_000260.jpg,No,1671.17,No,75.33,Good
D:\Guvi\Projects\major\number-plate-vehicle-detection\data\final_merged_datasets\images\train\img_000261.jpg,No,4558.97,No,75.78,Good
D:\Guvi\Projects\major\number-plate-vehicle-detection\data\final_merged_datasets\images\train\img_000262.jpg,No,3319.04,No,64.56,Good
D:\Guvi\Projects\major\number-plate-vehicle-detection\data\final_merged_datasets\images\train\img_000263.jpg,No,1110.44,No,77.71,Good
D:\Guvi\Projects\major\number-plate-vehicle-detection\data\final_merged_datasets\images\train\img_000266.jpg,No,876.89,No,56.20,Good
D:\Guvi\Projects\major\number-plate-vehicle-detection\data\final_merged_datasets\images\train\img_000269.jpg,No,158.28,No,72.71,Good
D:\Guvi\Projects\major\number-plate-vehicle-detection\data\final_merged_datasets\images\train\img_000270.jpg,No,592.20,No,62.33,Good
D:\Guvi\Projects\major\number-plate-vehicle-detection\data\final_merged_datasets\images\train\img_000271.jpg,No,528.40,No,78.03,Good
D:\Guvi\Projects\major\number-plate-vehicle-detection\data\final_merged_datasets\images\train\img_000272.jpg,No,505.72,No,40.89,Good
D:\Guvi\Projects\major\number-plate-vehicle-detection\data\final_merged_datasets\images\train\img_000273.jpg,Yes,62.69,No,0.00,Unknown
D:\Guvi\Projects\major\number-plate-vehicle-detection\data\final_merged_datasets\images\train\img_000276.jpg,No,3246.44,No,53.05,Too Dark
D:\Guvi\Projects\major\number-plate-vehicle-detection\data\final_merged_datasets\images\train\img_000279.jpg,No,6103.25,No,32.91,Good
D:\Guvi\Projects\major\number-plate-vehicle-detection\data\final_merged_datasets\images\train\img_000281.jpg,No,702.61,No,65.53,Good
D:\Guvi\Projects\major\number-plate-vehicle-detection\data\final_merged_datasets\images\train\img_000282.jpg,No,736.84,No,58.57,Good
D:\Guvi\Projects\major\number-plate-vehicle-detection\data\final_merged_datasets\images\train\img_000283.jpg,No,861.82,No,74.45,Good
D:\Guvi\Projects\major\number-plate-vehicle-detection\data\final_merged_datasets\images\train\img_000285.jpg,No,762.92,No,67.86,Good
D:\Guvi\Projects\major\number-plate-vehicle-detection\data\final_merged_datasets\images\train\img_000286.jpg,No,747.34,No,70.34,Good
D:\Guvi\Projects\major\number-plate-vehicle-detection\data\final_merged_datasets\images\train\img_000287.jpg,No,733.11,No,78.09,Good
D:\Guvi\Projects\major\number-plate-vehicle-detection\data\final_merged_datasets\images\train\img_000288.jpg,No,616.08,No,72.78,Good
D:\Guvi\Projects\major\number-plate-vehicle-detection\data\final_merged_datasets\images\train\img_000289.jpg,No,677.19,No,72.51,Good
D:\Guvi\Projects\major\number-plate-vehicle-detection\data\final_merged_datasets\images\train\img_000291.jpg,No,733.68,No,59.63,Good
D:\Guvi\Projects\major\number-plate-vehicle-detection\data\final_merged_datasets\images\train\img_000292.jpg,No,756.67,No,52.43,Too Bright
D:\Guvi\Projects\major\number-plate-vehicle-detection\data\final_merged_datasets\images\train\img_000293.jpg,No,784.49,No,82.98,Good
D:\Guvi\Projects\major\number-plate-vehicle-detection\data\final_merged_datasets\images\train\img_000298.jpg,No,744.09,No,68.85,Good
D:\Guvi\Projects\major\number-plate-vehicle-detection\data\final_merged_datasets\images\train\img_000299.jpg,No,818.92,No,73.28,Good
D:\Guvi\Projects\major\number-plate-vehicle-detection\data\final_merged_datasets\images\train\img_000300.jpg,No,801.59,No,66.89,Good
D:\Guvi\Projects\major\number-plate-vehicle-detection\data\final_merged_datasets\images\train\img_000301.jpg,No,800.29,No,74.20,Good
D:\Guvi\Projects\major\number-plate-vehicle-detection\data\final_merged_datasets\images\train\img_000302.jpg,No,865.61,No,67.00,Good
D:\Guvi\Projects\major\number-plate-vehicle-detection\data\final_merged_datasets\images\train\img_000304.jpg,No,835.96,No,43.15,Good
D:\Guvi\Projects\major\number-plate-vehicle-detection\data\final_merged_datasets\images\train\img_000305.jpg,No,917.03,No,75.68,Good
D:\Guvi\Projects\major\number-plate-vehicle-detection\data\final_merged_datasets\images\train\img_000307.jpg,No,230.11,No,0.00,Unknown
D:\Guvi\Projects\major\number-plate-vehicle-detection\data\final_merged_datasets\images\train\img_000308.jpg,No,226.33,No,0.00,Unknown
D:\Guvi\Projects\major\number-plate-vehicle-detection\data\final_merged_datasets\images\train\img_000310.jpg,No,221.64,No,0.00,Unknown
D:\Guvi\Projects\major\number-plate-vehicle-detection\data\final_merged_datasets\images\train\img_000311.jpg,No,206.10,No,0.00,Unknown
D:\Guvi\Projects\major\number-plate-vehicle-detection\data\final_merged_datasets\images\train\img_000312.jpg,No,220.98,No,0.00,Unknown
D:\Guvi\Projects\major\number-plate-vehicle-detection\data\final_merged_datasets\images\train\img_000313.jpg,No,220.49,No,0.00,Unknown
D:\Guvi\Projects\major\number-plate-vehicle-detection\data\final_merged_datasets\images\train\img_000314.jpg,No,5063.52,No,0.00,Unknown
D:\Guvi\Projects\major\number-plate-vehicle-detection\data\final_merged_datasets\images\train\img_000315.jpg,No,234.25,No,0.00,Unknown
D:\Guvi\Projects\major\number-plate-vehicle-detection\data\final_merged_datasets\images\train\img_000316.jpg,No,202.82,No,0.00,Unknown
D:\Guvi\Projects\major\number-plate-vehicle-detection\data\final_merged_datasets\images\train\img_000317.jpg,No,138.79,No,0.00,Unknown
D:\Guvi\Projects\major\number-plate-vehicle-detection\data\final_merged_datasets\images\train\img_000321.jpg,No,207.83,Yes,26.82,Good
D:\Guvi\Projects\major\number-plate-vehicle-detection\data\final_merged_datasets\images\train\img_000322.jpg,No,209.97,Yes,22.00,Good
D:\Guvi\Projects\major\number-plate-vehicle-detection\data\final_merged_datasets\images\train\img_000325.jpg,Yes,62.79,No,0.00,Unknown
D:\Guvi\Projects\major\number-plate-vehicle-detection\data\final_merged_datasets\images\train\img_000326.jpg,Yes,60.30,No,0.00,Unknown
D:\Guvi\Projects\major\number-plate-vehicle-detection\data\final_merged_datasets\images\train\img_000328.jpg,Yes,65.08,No,0.00,Unknown
D:\Guvi\Projects\major\number-plate-vehicle-detection\data\final_merged_datasets\images\train\img_000329.jpg,Yes,64.80,No,0.00,Unknown
D:\Guvi\Projects\major\number-plate-vehicle-detection\data\final_merged_datasets\images\train\img_000330.jpg,Yes,60.34,No,0.00,Unknown
D:\Guvi\Projects\major\number-plate-vehicle-detection\data\final_merged_datasets\images\train\img_000332.jpg,Yes,67.43,No,0.00,Unknown
D:\Guvi\Projects\major\number-plate-vehicle-detection\data\final_merged_datasets\images\train\img_000333.jpg,No,5745.05,No,56.45,Good
D:\Guvi\Projects\major\number-plate-vehicle-detection\data\final_merged_datasets\images\train\img_000334.jpg,Yes,65.67,No,0.00,Unknown
D:\Guvi\Projects\major\number-plate-vehicle-detection\data\final_merged_datasets\images\train\img_000335.jpg,Yes,66.01,No,0.00,Unknown
D:\Guvi\Projects\major\number-plate-vehicle-detection\data\final_merged_datasets\images\train\img_000336.jpg,Yes,50.88,No,0.00,Unknown
D:\Guvi\Projects\major\number-plate-vehicle-detection\data\final_merged_datasets\images\train\img_000337.jpg,Yes,44.85,No,30.58,Good
D:\Guvi\Projects\major\number-plate-vehicle-detection\data\final_merged_datasets\images\train\img_000339.jpg,Yes,39.44,No,38.91,Good
D:\Guvi\Projects\major\number-plate-vehicle-detection\data\final_merged_datasets\images\train\img_000341.jpg,Yes,42.66,No,41.59,Good
D:\Guvi\Projects\major\number-plate-vehicle-detection\data\final_merged_datasets\images\train\img_000343.jpg,Yes,43.24,No,34.27,Good
D:\Guvi\Projects\major\number-plate-vehicle-detection\data\final_merged_datasets\images\train\img_000344.jpg,Yes,42.32,No,39.38,Good
D:\Guvi\Projects\major\number-plate-vehicle-detection\data\final_merged_datasets\images\train\img_000345.jpg,Yes,32.73,No,43.44,Good
D:\Guvi\Projects\major\number-plate-vehicle-detection\data\final_merged_datasets\images\train\img_000346.jpg,Yes,37.85,No,34.71,Good
D:\Guvi\Projects\major\number-plate-vehicle-detection\data\final_merged_datasets\images\train\img_000348.jpg,Yes,39.18,Yes,23.29,Good
D:\Guvi\Projects\major\number-plate-vehicle-detection\data\final_merged_datasets\images\train\img_000349.jpg,Yes,40.45,Yes,27.66,Good
D:\Guvi\Projects\major\number-plate-vehicle-detection\data\final_merged_datasets\images\train\img_000350.jpg,No,2218.04,No,0.00,Unknown
D:\Guvi\Projects\major\number-plate-vehicle-detection\data\final_merged_datasets\images\train\img_000351.jpg,Yes,40.34,Yes,26.29,Good
D:\Guvi\Projects\major\number-plate-vehicle-detection\data\final_merged_datasets\images\train\img_000352.jpg,Yes,39.99,Yes,26.15,Good
D:\Guvi\Projects\major\number-plate-vehicle-detection\data\final_merged_datasets\images\train\img_000353.jpg,Yes,37.38,No,31.25,Good
D:\Guvi\Projects\major\number-plate-vehicle-detection\data\final_merged_datasets\images\train\img_000356.jpg,Yes,35.99,Yes,19.37,Good
D:\Guvi\Projects\major\number-plate-vehicle-detection\data\final_merged_datasets\images\train\img_000357.jpg,Yes,23.42,No,33.53,Good
D:\Guvi\Projects\major\number-plate-vehicle-detection\data\final_merged_datasets\images\train\img_000358.jpg,Yes,51.16,No,0.00,Unknown
D:\Guvi\Projects\major\number-plate-vehicle-detection\data\final_merged_datasets\images\train\img_000359.jpg,No,175.12,No,35.48,Too Bright
D:\Guvi\Projects\major\number-plate-vehicle-detection\data\final_merged_datasets\images\train\img_000361.jpg,No,381.57,No,0.00,Unknown
D:\Guvi\Projects\major\number-plate-vehicle-detection\data\final_merged_datasets\images\train\img_000362.jpg,No,383.79,No,48.36,Good
D:\Guvi\Projects\major\number-plate-vehicle-detection\data\final_merged_datasets\images\train\img_000363.jpg,No,430.52,No,70.41,Good
D:\Guvi\Projects\major\number-plate-vehicle-detection\data\final_merged_datasets\images\train\img_000364.jpg,No,417.70,No,56.64,Good
D:\Guvi\Projects\major\number-plate-vehicle-detection\data\final_merged_datasets\images\train\img_000365.jpg,No,354.33,No,56.14,Good
D:\Guvi\Projects\major\number-plate-vehicle-detection\data\final_merged_datasets\images\train\img_000367.jpg,No,424.07,No,33.66,Good
D:\Guvi\Projects\major\number-plate-vehicle-detection\data\final_merged_datasets\images\train\img_000368.jpg,No,275.46,No,53.17,Good
D:\Guvi\Projects\major\number-plate-vehicle-detection\data\final_merged_datasets\images\train\img_000369.jpg,No,998.26,No,57.19,Good
D:\Guvi\Projects\major\number-plate-vehicle-detection\data\final_merged_datasets\images\train\img_000370.jpg,No,876.41,No,0.00,Unknown
D:\Guvi\Projects\major\number-plate-vehicle-detection\data\final_merged_datasets\images\train\img_000371.jpg,No,911.24,No,0.00,Unknown
D:\Guvi\Projects\major\number-plate-vehicle-detection\data\final_merged_datasets\images\train\img_000372.jpg,No,875.45,No,65.70,Good
D:\Guvi\Projects\major\number-plate-vehicle-detection\data\final_merged_datasets\images\train\img_000373.jpg,No,963.08,No,64.26,Good
D:\Guvi\Projects\major\number-plate-vehicle-detection\data\final_merged_datasets\images\train\img_000374.jpg,No,673.99,Yes,5.74,Too Dark
D:\Guvi\Projects\major\number-plate-vehicle-detection\data\final_merged_datasets\images\train\img_000381.jpg,No,894.72,No,64.69,Good
D:\Guvi\Projects\major\number-plate-vehicle-detection\data\final_merged_datasets\images\train\img_000383.jpg,No,885.64,No,66.19,Good
D:\Guvi\Projects\major\number-plate-vehicle-detection\data\final_merged_datasets\images\train\img_000384.jpg,No,974.55,No,64.17,Good
D:\Guvi\Projects\major\number-plate-vehicle-detection\data\final_merged_datasets\images\train\img_000387.jpg,No,2024.05,No,56.72,Good
D:\Guvi\Projects\major\number-plate-vehicle-detection\data\final_merged_datasets\images\train\img_000389.jpg,No,898.72,No,65.02,Good
D:\Guvi\Projects\major\number-plate-vehicle-detection\data\final_merged_datasets\images\train\img_000390.jpg,No,988.60,No,66.71,Good
D:\Guvi\Projects\major\number-plate-vehicle-detection\data\final_merged_datasets\images\train\img_000392.jpg,No,443.28,No,48.94,Good
D:\Guvi\Projects\major\number-plate-vehicle-detection\data\final_merged_datasets\images\train\img_000393.jpg,No,880.21,No,73.56,Good
D:\Guvi\Projects\major\number-plate-vehicle-detection\data\final_merged_datasets\images\train\img_000394.jpg,No,4749.99,No,0.00,Unknown
D:\Guvi\Projects\major\number-plate-vehicle-detection\data\final_merged_datasets\images\train\img_000395.jpg,No,4777.64,Yes,28.13,Good
D:\Guvi\Projects\major\number-plate-vehicle-detection\data\final_merged_datasets\images\train\img_000396.jpg,No,4680.48,No,0.00,Unknown
D:\Guvi\Projects\major\number-plate-vehicle-detection\data\final_merged_datasets\images\train\img_000397.jpg,No,4007.08,Yes,29.99,Good
D:\Guvi\Projects\major\number-plate-vehicle-detection\data\final_merged_datasets\images\train\img_000400.jpg,No,469.97,No,47.14,Good
D:\Guvi\Projects\major\number-plate-vehicle-detection\data\final_merged_datasets\images\train\img_000401.jpg,No,2403.41,No,38.56,Good
D:\Guvi\Projects\major\number-plate-vehicle-detection\data\final_merged_datasets\images\train\img_000402.jpg,No,716.19,No,0.00,Unknown
D:\Guvi\Projects\major\number-plate-vehicle-detection\data\final_merged_datasets\images\train\img_000404.jpg,No,4144.69,No,0.00,Unknown
D:\Guvi\Projects\major\number-plate-vehicle-detection\data\final_merged_datasets\images\train\img_000405.jpg,No,854.90,No,42.78,Good
D:\Guvi\Projects\major\number-plate-vehicle-detection\data\final_merged_datasets\images\train\img_000406.jpg,No,2457.57,No,30.57,Too Dark
D:\Guvi\Projects\major\number-plate-vehicle-detection\data\final_merged_datasets\images\train\img_000407.jpg,No,5131.06,No,45.04,Good
D:\Guvi\Projects\major\number-plate-vehicle-detection\data\final_merged_datasets\images\train\img_000409.jpg,No,143.73,No,0.00,Unknown
D:\Guvi\Projects\major\number-plate-vehicle-detection\data\final_merged_datasets\images\train\img_000410.jpg,No,2764.88,No,53.77,Good
D:\Guvi\Projects\major\number-plate-vehicle-detection\data\final_merged_datasets\images\train\img_000411.jpg,No,1837.88,No,55.89,Good
D:\Guvi\Projects\major\number-plate-vehicle-detection\data\final_merged_datasets\images\train\img_000412.jpg,No,1190.22,No,50.75,Good
D:\Guvi\Projects\major\number-plate-vehicle-detection\data\final_merged_datasets\images\train\img_000417.jpg,No,3192.29,No,0.00,Unknown
D:\Guvi\Projects\major\number-plate-vehicle-detection\data\final_merged_datasets\images\train\img_000418.jpg,No,495.25,No,64.13,Good
D:\Guvi\Projects\major\number-plate-vehicle-detection\data\final_merged_datasets\images\train\img_000419.jpg,No,273.89,No,0.00,Unknown
D:\Guvi\Projects\major\number-plate-vehicle-detection\data\final_merged_datasets\images\train\img_000422.jpg,No,448.61,Yes,21.36,Too Dark
D:\Guvi\Projects\major\number-plate-vehicle-detection\data\final_merged_datasets\images\train\img_000424.jpg,No,1410.01,No,0.00,Unknown
D:\Guvi\Projects\major\number-plate-vehicle-detection\data\final_merged_datasets\images\train\img_000425.jpg,No,1244.32,No,48.26,Good
D:\Guvi\Projects\major\number-plate-vehicle-detection\data\final_merged_datasets\images\train\img_000426.jpg,No,196.14,Yes,24.43,Good
D:\Guvi\Projects\major\number-plate-vehicle-detection\data\final_merged_datasets\images\train\img_000427.jpg,No,917.48,No,0.00,Unknown
D:\Guvi\Projects\major\number-plate-vehicle-detection\data\final_merged_datasets\images\train\img_000431.jpg,No,3570.17,No,0.00,Unknown
D:\Guvi\Projects\major\number-plate-vehicle-detection\data\final_merged_datasets\images\train\img_000433.jpg,No,762.79,Yes,27.17,Too Bright
D:\Guvi\Projects\major\number-plate-vehicle-detection\data\final_merged_datasets\images\train\img_000434.jpg,Yes,74.68,No,50.55,Good
D:\Guvi\Projects\major\number-plate-vehicle-detection\data\final_merged_datasets\images\train\img_000435.jpg,No,853.14,No,0.00,Unknown
D:\Guvi\Projects\major\number-plate-vehicle-detection\data\final_merged_datasets\images\train\img_000436.jpg,No,553.41,No,63.31,Good
D:\Guvi\Projects\major\number-plate-vehicle-detection\data\final_merged_datasets\images\train\img_000437.jpg,No,1473.78,No,45.80,Good
D:\Guvi\Projects\major\number-plate-vehicle-detection\data\final_merged_datasets\images\train\img_000439.jpg,No,765.61,No,34.41,Good
D:\Guvi\Projects\major\number-plate-vehicle-detection\data\final_merged_datasets\images\train\img_000440.jpg,No,723.31,Yes,28.83,Good
D:\Guvi\Projects\major\number-plate-vehicle-detection\data\final_merged_datasets\images\train\img_000441.jpg,No,1236.23,No,57.96,Good
D:\Guvi\Projects\major\number-plate-vehicle-detection\data\final_merged_datasets\images\train\img_000442.jpg,No,2997.62,No,0.00,Unknown
D:\Guvi\Projects\major\number-plate-vehicle-detection\data\final_merged_datasets\images\train\img_000443.jpg,No,185.83,No,58.79,Good
D:\Guvi\Projects\major\number-plate-vehicle-detection\data\final_merged_datasets\images\train\img_000444.jpg,No,300.07,No,37.94,Good
D:\Guvi\Projects\major\number-plate-vehicle-detection\data\final_merged_datasets\images\train\img_000445.jpg,No,3174.30,No,0.00,Unknown
D:\Guvi\Projects\major\number-plate-vehicle-detection\data\final_merged_datasets\images\train\img_000446.jpg,No,935.18,No,39.56,Too Bright
D:\Guvi\Projects\major\number-plate-vehicle-detection\data\final_merged_datasets\images\train\img_000447.jpg,No,401.58,No,0.00,Unknown
D:\Guvi\Projects\major\number-plate-vehicle-detection\data\final_merged_datasets\images\train\img_000449.jpg,No,161.88,No,0.00,Unknown
D:\Guvi\Projects\major\number-plate-vehicle-detection\data\final_merged_datasets\images\train\img_000453.jpg,No,1179.82,No,57.13,Good
D:\Guvi\Projects\major\number-plate-vehicle-detection\data\final_merged_datasets\images\train\img_000454.jpg,No,4554.86,No,0.00,Unknown
D:\Guvi\Projects\major\number-plate-vehicle-detection\data\final_merged_datasets\images\train\img_000455.jpg,No,873.41,No,0.00,Unknown
D:\Guvi\Projects\major\number-plate-vehicle-detection\data\final_merged_datasets\images\train\img_000456.jpg,No,2601.60,No,0.00,Unknown
D:\Guvi\Projects\major\number-plate-vehicle-detection\data\final_merged_datasets\images\train\img_000457.jpg,No,1139.17,No,0.00,Unknown
D:\Guvi\Projects\major\number-plate-vehicle-detection\data\final_merged_datasets\images\train\img_000459.jpg,No,324.43,No,0.00,Unknown
D:\Guvi\Projects\major\number-plate-vehicle-detection\data\final_merged_datasets\images\train\img_000460.jpg,No,705.95,No,47.24,Too Bright
D:\Guvi\Projects\major\number-plate-vehicle-detection\data\final_merged_datasets\images\train\img_000462.jpg,No,1819.34,No,0.00,Unknown
D:\Guvi\Projects\major\number-plate-vehicle-detection\data\final_merged_datasets\images\train\img_000463.jpg,No,949.19,No,0.00,Unknown
D:\Guvi\Projects\major\number-plate-vehicle-detection\data\final_merged_datasets\images\train\img_000464.jpg,No,1274.27,No,0.00,Unknown
D:\Guvi\Projects\major\number-plate-vehicle-detection\data\final_merged_datasets\images\train\img_000465.jpg,No,1288.75,No,76.60,Good
D:\Guvi\Projects\major\number-plate-vehicle-detection\data\final_merged_datasets\images\train\img_000466.jpg,No,574.59,No,0.00,Unknown
D:\Guvi\Projects\major\number-plate-vehicle-detection\data\final_merged_datasets\images\train\img_000467.jpg,No,1381.09,No,0.00,Unknown
D:\Guvi\Projects\major\number-plate-vehicle-detection\data\final_merged_datasets\images\train\img_000468.jpg,No,1943.58,No,0.00,Unknown
D:\Guvi\Projects\major\number-plate-vehicle-detection\data\final_merged_datasets\images\train\img_000470.jpg,No,657.58,No,0.00,Unknown
D:\Guvi\Projects\major\number-plate-vehicle-detection\data\final_merged_datasets\images\train\img_000472.jpg,No,1444.78,No,63.45,Good
D:\Guvi\Projects\major\number-plate-vehicle-detection\data\final_merged_datasets\images\train\img_000473.jpg,No,173.23,No,34.86,Good
D:\Guvi\Projects\major\number-plate-vehicle-detection\data\final_merged_datasets\images\train\img_000475.jpg,No,1442.75,No,0.00,Unknown
D:\Guvi\Projects\major\number-plate-vehicle-detection\data\final_merged_datasets\images\train\img_000476.jpg,No,345.78,No,62.04,Good
D:\Guvi\Projects\major\number-plate-vehicle-detection\data\final_merged_datasets\images\train\img_000477.jpg,No,346.51,No,44.92,Good
D:\Guvi\Projects\major\number-plate-vehicle-detection\data\final_merged_datasets\images\train\img_000478.jpg,No,1560.95,Yes,28.48,Good
D:\Guvi\Projects\major\number-plate-vehicle-detection\data\final_merged_datasets\images\train\img_000480.jpg,No,1220.23,No,30.84,Good
D:\Guvi\Projects\major\number-plate-vehicle-detection\data\final_merged_datasets\images\train\img_000481.jpg,No,1125.88,No,0.00,Unknown
D:\Guvi\Projects\major\number-plate-vehicle-detection\data\final_merged_datasets\images\train\img_000483.jpg,No,13444.37,No,0.00,Unknown
D:\Guvi\Projects\major\number-plate-vehicle-detection\data\final_merged_datasets\images\train\img_000485.jpg,No,8044.19,No,0.00,Unknown
D:\Guvi\Projects\major\number-plate-vehicle-detection\data\final_merged_datasets\images\train\img_000486.jpg,No,6790.83,No,0.00,Unknown
D:\Guvi\Projects\major\number-plate-vehicle-detection\data\final_merged_datasets\images\train\img_000487.jpg,No,9674.81,No,0.00,Unknown
D:\Guvi\Projects\major\number-plate-vehicle-detection\data\final_merged_datasets\images\train\img_000488.jpg,No,3612.86,No,0.00,Unknown
D:\Guvi\Projects\major\number-plate-vehicle-detection\data\final_merged_datasets\images\train\img_000489.jpg,No,6981.74,No,0.00,Unknown
D:\Guvi\Projects\major\number-plate-vehicle-detection\data\final_merged_datasets\images\train\img_000491.jpg,No,7843.21,No,75.90,Good
D:\Guvi\Projects\major\number-plate-vehicle-detection\data\final_merged_datasets\images\train\img_000492.jpg,No,6634.23,No,0.00,Unknown
D:\Guvi\Projects\major\number-plate-vehicle-detection\data\final_merged_datasets\images\train\img_000496.jpg,No,2129.14,No,54.98,Good
D:\Guvi\Projects\major\number-plate-vehicle-detection\data\final_merged_datasets\images\train\img_000497.jpg,No,3650.61,No,0.00,Unknown
D:\Guvi\Projects\major\number-plate-vehicle-detection\data\final_merged_datasets\images\train\img_000499.jpg,No,6139.16,No,32.52,Good
D:\Guvi\Projects\major\number-plate-vehicle-detection\data\final_merged_datasets\images\train\img_000500.jpg,No,6102.58,No,0.00,Unknown
D:\Guvi\Projects\major\number-plate-vehicle-detection\data\final_merged_datasets\images\train\img_000501.jpg,No,6347.16,No,0.00,Unknown
D:\Guvi\Projects\major\number-plate-vehicle-detection\data\final_merged_datasets\images\train\img_000502.jpg,No,5221.14,No,0.00,Unknown
D:\Guvi\Projects\major\number-plate-vehicle-detection\data\final_merged_datasets\images\train\img_000503.jpg,No,4458.47,No,39.35,Good
D:\Guvi\Projects\major\number-plate-vehicle-detection\data\final_merged_datasets\images\train\img_000504.jpg,No,2407.29,No,45.73,Good
D:\Guvi\Projects\major\number-plate-vehicle-detection\data\final_merged_datasets\images\train\img_000505.jpg,No,7367.40,No,0.00,Unknown
D:\Guvi\Projects\major\number-plate-vehicle-detection\data\final_merged_datasets\images\train\img_000506.jpg,No,3888.19,No,0.00,Unknown
D:\Guvi\Projects\major\number-plate-vehicle-detection\data\final_merged_datasets\images\train\img_000507.jpg,No,447.13,No,0.00,Unknown
D:\Guvi\Projects\major\number-plate-vehicle-detection\data\final_merged_datasets\images\train\img_000508.jpg,No,1531.99,No,0.00,Unknown
D:\Guvi\Projects\major\number-plate-vehicle-detection\data\final_merged_datasets\images\train\img_000509.jpg,No,4311.95,No,36.00,Good
D:\Guvi\Projects\major\number-plate-vehicle-detection\data\final_merged_datasets\images\train\img_000511.jpg,No,3887.05,No,0.00,Unknown
D:\Guvi\Projects\major\number-plate-vehicle-detection\data\final_merged_datasets\images\train\img_000512.jpg,No,1564.27,No,41.77,Good
D:\Guvi\Projects\major\number-plate-vehicle-detection\data\final_merged_datasets\images\train\img_000513.jpg,No,2945.95,Yes,23.88,Good
D:\Guvi\Projects\major\number-plate-vehicle-detection\data\final_merged_datasets\images\train\img_000514.jpg,No,1060.71,No,0.00,Unknown
D:\Guvi\Projects\major\number-plate-vehicle-detection\data\final_merged_datasets\images\train\img_000515.jpg,No,3436.62,No,58.07,Good
D:\Guvi\Projects\major\number-plate-vehicle-detection\data\final_merged_datasets\images\train\img_000517.jpg,No,2016.78,No,83.65,Good
D:\Guvi\Projects\major\number-plate-vehicle-detection\data\final_merged_datasets\images\train\img_000518.jpg,No,2951.38,No,0.00,Unknown
D:\Guvi\Projects\major\number-plate-vehicle-detection\data\final_merged_datasets\images\train\img_000519.jpg,No,3955.80,No,0.00,Unknown
D:\Guvi\Projects\major\number-plate-vehicle-detection\data\final_merged_datasets\images\train\img_000520.jpg,No,6486.20,No,0.00,Unknown
D:\Guvi\Projects\major\number-plate-vehicle-detection\data\final_merged_datasets\images\train\img_000521.jpg,No,8535.57,No,0.00,Unknown
D:\Guvi\Projects\major\number-plate-vehicle-detection\data\final_merged_datasets\images\train\img_000522.jpg,No,3440.37,No,0.00,Unknown
D:\Guvi\Projects\major\number-plate-vehicle-detection\data\final_merged_datasets\images\train\img_000523.jpg,No,3781.72,No,0.00,Unknown
D:\Guvi\Projects\major\number-plate-vehicle-detection\data\final_merged_datasets\images\train\img_000524.jpg,No,867.14,No,42.78,Good
D:\Guvi\Projects\major\number-plate-vehicle-detection\data\final_merged_datasets\images\train\img_000525.jpg,No,2354.86,No,0.00,Unknown
D:\Guvi\Projects\major\number-plate-vehicle-detection\data\final_merged_datasets\images\train\img_000528.jpg,No,3430.58,No,0.00,Unknown
D:\Guvi\Projects\major\number-plate-vehicle-detection\data\final_merged_datasets\images\train\img_000531.jpg,No,3624.25,No,46.68,Good
D:\Guvi\Projects\major\number-plate-vehicle-detection\data\final_merged_datasets\images\train\img_000532.jpg,No,265.78,No,32.27,Good
D:\Guvi\Projects\major\number-plate-vehicle-detection\data\final_merged_datasets\images\train\img_000534.jpg,No,1407.65,No,0.00,Unknown
D:\Guvi\Projects\major\number-plate-vehicle-detection\data\final_merged_datasets\images\train\img_000535.jpg,No,947.72,No,40.50,Good
D:\Guvi\Projects\major\number-plate-vehicle-detection\data\final_merged_datasets\images\train\img_000536.jpg,No,3817.69,No,0.00,Unknown
D:\Guvi\Projects\major\number-plate-vehicle-detection\data\final_merged_datasets\images\train\img_000538.jpg,No,495.19,No,41.22,Good
D:\Guvi\Projects\major\number-plate-vehicle-detection\data\final_merged_datasets\images\train\img_000540.jpg,No,2925.76,No,76.63,Good
D:\Guvi\Projects\major\number-plate-vehicle-detection\data\final_merged_datasets\images\train\img_000541.jpg,No,2900.48,No,43.55,Good
D:\Guvi\Projects\major\number-plate-vehicle-detection\data\final_merged_datasets\images\train\img_000542.jpg,No,917.74,No,0.00,Unknown
D:\Guvi\Projects\major\number-plate-vehicle-detection\data\final_merged_datasets\images\train\img_000543.jpg,No,254.71,No,0.00,Unknown
D:\Guvi\Projects\major\number-plate-vehicle-detection\data\final_merged_datasets\images\train\img_000544.jpg,No,2988.73,No,0.00,Unknown
D:\Guvi\Projects\major\number-plate-vehicle-detection\data\final_merged_datasets\images\train\img_000545.jpg,No,2380.43,No,0.00,Unknown
D:\Guvi\Projects\major\number-plate-vehicle-detection\data\final_merged_datasets\images\train\img_000546.jpg,No,2717.53,No,47.24,Good
D:\Guvi\Projects\major\number-plate-vehicle-detection\data\final_merged_datasets\images\train\img_000547.jpg,No,2725.08,No,45.08,Good
D:\Guvi\Projects\major\number-plate-vehicle-detection\data\final_merged_datasets\images\train\img_000548.jpg,No,1314.55,No,0.00,Unknown
D:\Guvi\Projects\major\number-plate-vehicle-detection\data\final_merged_datasets\images\train\img_000551.jpg,No,2810.80,No,0.00,Unknown
D:\Guvi\Projects\major\number-plate-vehicle-detection\data\final_merged_datasets\images\train\img_000553.jpg,No,1517.08,No,34.30,Good
D:\Guvi\Projects\major\number-plate-vehicle-detection\data\final_merged_datasets\images\train\img_000556.jpg,No,3162.07,No,55.56,Good
D:\Guvi\Projects\major\number-plate-vehicle-detection\data\final_merged_datasets\images\train\img_000557.jpg,No,2398.57,No,0.00,Unknown
D:\Guvi\Projects\major\number-plate-vehicle-detection\data\final_merged_datasets\images\train\img_000558.jpg,No,1625.51,No,38.47,Good
D:\Guvi\Projects\major\number-plate-vehicle-detection\data\final_merged_datasets\images\train\img_000559.jpg,No,1151.27,No,30.07,Good
D:\Guvi\Projects\major\number-plate-vehicle-detection\data\final_merged_datasets\images\train\img_000560.jpg,No,370.11,No,0.00,Unknown
D:\Guvi\Projects\major\number-plate-vehicle-detection\data\final_merged_datasets\images\train\img_000561.jpg,No,1815.14,No,0.00,Unknown
D:\Guvi\Projects\major\number-plate-vehicle-detection\data\final_merged_datasets\images\train\img_000562.jpg,No,4464.05,No,31.39,Good
D:\Guvi\Projects\major\number-plate-vehicle-detection\data\final_merged_datasets\images\train\img_000564.jpg,No,1730.54,No,0.00,Unknown
D:\Guvi\Projects\major\number-plate-vehicle-detection\data\final_merged_datasets\images\train\img_000565.jpg,No,1497.29,No,0.00,Unknown
D:\Guvi\Projects\major\number-plate-vehicle-detection\data\final_merged_datasets\images\train\img_000567.jpg,No,2655.49,No,0.00,Unknown
D:\Guvi\Projects\major\number-plate-vehicle-detection\data\final_merged_datasets\images\train\img_000568.jpg,No,2639.53,No,0.00,Unknown
D:\Guvi\Projects\major\number-plate-vehicle-detection\data\final_merged_datasets\images\train\img_000569.jpg,No,1954.36,No,0.00,Unknown
D:\Guvi\Projects\major\number-plate-vehicle-detection\data\final_merged_datasets\images\train\img_000570.jpg,No,5862.68,No,43.33,Good
D:\Guvi\Projects\major\number-plate-vehicle-detection\data\final_merged_datasets\images\train\img_000571.jpg,No,1810.91,No,0.00,Unknown
D:\Guvi\Projects\major\number-plate-vehicle-detection\data\final_merged_datasets\images\train\img_000575.jpg,No,2567.19,No,52.73,Good
D:\Guvi\Projects\major\number-plate-vehicle-detection\data\final_merged_datasets\images\train\img_000576.jpg,No,1392.64,No,0.00,Unknown
D:\Guvi\Projects\major\number-plate-vehicle-detection\data\final_merged_datasets\images\train\img_000577.jpg,No,2008.02,No,46.91,Too Bright
D:\Guvi\Projects\major\number-plate-vehicle-detection\data\final_merged_datasets\images\train\img_000578.jpg,No,197.76,No,46.93,Good
D:\Guvi\Projects\major\number-plate-vehicle-detection\data\final_merged_datasets\images\train\img_000579.jpg,No,1481.98,No,44.12,Good
D:\Guvi\Projects\major\number-plate-vehicle-detection\data\final_merged_datasets\images\train\img_000580.jpg,No,4295.82,No,32.33,Good
D:\Guvi\Projects\major\number-plate-vehicle-detection\data\final_merged_datasets\images\train\img_000581.jpg,No,1924.34,Yes,19.50,Good
D:\Guvi\Projects\major\number-plate-vehicle-detection\data\final_merged_datasets\images\train\img_000582.jpg,No,142.73,No,39.60,Good
D:\Guvi\Projects\major\number-plate-vehicle-detection\data\final_merged_datasets\images\train\img_000583.jpg,No,2644.44,Yes,26.14,Good
D:\Guvi\Projects\major\number-plate-vehicle-detection\data\final_merged_datasets\images\train\img_000585.jpg,No,554.78,No,63.26,Good
D:\Guvi\Projects\major\number-plate-vehicle-detection\data\final_merged_datasets\images\train\img_000587.jpg,No,1152.32,No,39.21,Too Dark
D:\Guvi\Projects\major\number-plate-vehicle-detection\data\final_merged_datasets\images\train\img_000588.jpg,No,1292.13,No,0.00,Unknown
D:\Guvi\Projects\major\number-plate-vehicle-detection\data\final_merged_datasets\images\train\img_000589.jpg,No,5969.01,No,0.00,Unknown
D:\Guvi\Projects\major\number-plate-vehicle-detection\data\final_merged_datasets\images\train\img_000590.jpg,No,2672.69,No,46.39,Good
D:\Guvi\Projects\major\number-plate-vehicle-detection\data\final_merged_datasets\images\train\img_000591.jpg,No,2644.44,Yes,24.56,Good
D:\Guvi\Projects\major\number-plate-vehicle-detection\data\final_merged_datasets\images\train\img_000592.jpg,No,7803.90,No,53.20,Good
D:\Guvi\Projects\major\number-plate-vehicle-detection\data\final_merged_datasets\images\train\img_000593.jpg,No,554.78,No,65.06,Good
D:\Guvi\Projects\major\number-plate-vehicle-detection\data\final_merged_datasets\images\train\img_000594.jpg,No,3725.50,No,40.42,Good
D:\Guvi\Projects\major\number-plate-vehicle-detection\data\final_merged_datasets\images\train\img_000595.jpg,No,599.80,No,71.75,Good
D:\Guvi\Projects\major\number-plate-vehicle-detection\data\final_merged_datasets\images\train\img_000597.jpg,No,609.12,No,67.30,Good
D:\Guvi\Projects\major\number-plate-vehicle-detection\data\final_merged_datasets\images\train\img_000599.jpg,No,552.60,No,76.06,Good
D:\Guvi\Projects\major\number-plate-vehicle-detection\data\final_merged_datasets\images\train\img_000600.jpg,No,665.15,No,75.45,Good
D:\Guvi\Projects\major\number-plate-vehicle-detection\data\final_merged_datasets\images\train\img_000601.jpg,No,566.19,No,76.90,Good
D:\Guvi\Projects\major\number-plate-vehicle-detection\data\final_merged_datasets\images\train\img_000603.jpg,No,812.04,Yes,24.92,Good
D:\Guvi\Projects\major\number-plate-vehicle-detection\data\final_merged_datasets\images\train\img_000604.jpg,No,834.75,Yes,24.86,Good
D:\Guvi\Projects\major\number-plate-vehicle-detection\data\final_merged_datasets\images\train\img_000605.jpg,No,826.76,Yes,28.41,Good
D:\Guvi\Projects\major\number-plate-vehicle-detection\data\final_merged_datasets\images\train\img_000607.jpg,No,827.60,No,37.22,Good
D:\Guvi\Projects\major\number-plate-vehicle-detection\data\final_merged_datasets\images\train\img_000608.jpg,No,843.13,No,37.00,Good
D:\Guvi\Projects\major\number-plate-vehicle-detection\data\final_merged_datasets\images\train\img_000609.jpg,No,834.35,No,41.68,Good
D:\Guvi\Projects\major\number-plate-vehicle-detection\data\final_merged_datasets\images\train\img_000611.jpg,No,818.40,Yes,28.29,Good
D:\Guvi\Projects\major\number-plate-vehicle-detection\data\final_merged_datasets\images\train\img_000612.jpg,No,821.42,Yes,27.36,Good
D:\Guvi\Projects\major\number-plate-vehicle-detection\data\final_merged_datasets\images\train\img_000615.jpg,No,837.04,No,36.58,Good
D:\Guvi\Projects\major\number-plate-vehicle-detection\data\final_merged_datasets\images\train\img_000616.jpg,No,801.65,No,37.93,Good
D:\Guvi\Projects\major\number-plate-vehicle-detection\data\final_merged_datasets\images\train\img_000617.jpg,No,820.60,No,35.34,Good
D:\Guvi\Projects\major\number-plate-vehicle-detection\data\final_merged_datasets\images\train\img_000618.jpg,No,810.78,Yes,28.56,Good
D:\Guvi\Projects\major\number-plate-vehicle-detection\data\final_merged_datasets\images\train\img_000619.jpg,No,815.88,No,35.73,Good
D:\Guvi\Projects\major\number-plate-vehicle-detection\data\final_merged_datasets\images\train\img_000622.jpg,No,822.01,No,37.72,Good
D:\Guvi\Projects\major\number-plate-vehicle-detection\data\final_merged_datasets\images\train\img_000624.jpg,No,858.97,Yes,25.99,Good
D:\Guvi\Projects\major\number-plate-vehicle-detection\data\final_merged_datasets\images\train\img_000625.jpg,No,818.75,Yes,26.47,Good
D:\Guvi\Projects\major\number-plate-vehicle-detection\data\final_merged_datasets\images\train\img_000628.jpg,No,810.30,No,43.39,Good
D:\Guvi\Projects\major\number-plate-vehicle-detection\data\final_merged_datasets\images\train\img_000629.jpg,No,778.21,No,37.43,Good
D:\Guvi\Projects\major\number-plate-vehicle-detection\data\final_merged_datasets\images\train\img_000630.jpg,No,839.99,No,39.71,Good
D:\Guvi\Projects\major\number-plate-vehicle-detection\data\final_merged_datasets\images\train\img_000631.jpg,No,809.89,No,37.35,Good
D:\Guvi\Projects\major\number-plate-vehicle-detection\data\final_merged_datasets\images\train\img_000633.jpg,No,829.50,No,37.73,Good
D:\Guvi\Projects\major\number-plate-vehicle-detection\data\final_merged_datasets\images\train\img_000635.jpg,No,833.80,No,39.66,Good
D:\Guvi\Projects\major\number-plate-vehicle-detection\data\final_merged_datasets\images\train\img_000638.jpg,No,820.36,No,39.45,Good
D:\Guvi\Projects\major\number-plate-vehicle-detection\data\final_merged_datasets\images\train\img_000639.jpg,No,865.91,No,41.06,Good
D:\Guvi\Projects\major\number-plate-vehicle-detection\data\final_merged_datasets\images\train\img_000640.jpg,No,864.97,No,43.43,Good
D:\Guvi\Projects\major\number-plate-vehicle-detection\data\final_merged_datasets\images\train\img_000641.jpg,No,819.13,No,43.07,Good
D:\Guvi\Projects\major\number-plate-vehicle-detection\data\final_merged_datasets\images\train\img_000642.jpg,No,807.85,No,42.44,Good
D:\Guvi\Projects\major\number-plate-vehicle-detection\data\final_merged_datasets\images\train\img_000643.jpg,No,847.90,No,41.34,Good
D:\Guvi\Projects\major\number-plate-vehicle-detection\data\final_merged_datasets\images\train\img_000644.jpg,No,805.97,No,40.33,Good
D:\Guvi\Projects\major\number-plate-vehicle-detection\data\final_merged_datasets\images\train\img_000646.jpg,No,840.87,No,40.56,Good
D:\Guvi\Projects\major\number-plate-vehicle-detection\data\final_merged_datasets\images\train\img_000647.jpg,No,821.89,No,41.40,Good
D:\Guvi\Projects\major\number-plate-vehicle-detection\data\final_merged_datasets\images\train\img_000648.jpg,No,903.31,No,40.95,Good
D:\Guvi\Projects\major\number-plate-vehicle-detection\data\final_merged_datasets\images\train\img_000649.jpg,No,836.05,No,42.44,Good
D:\Guvi\Projects\major\number-plate-vehicle-detection\data\final_merged_datasets\images\train\img_000650.jpg,No,850.35,No,41.05,Good
D:\Guvi\Projects\major\number-plate-vehicle-detection\data\final_merged_datasets\images\train\img_000651.jpg,No,850.28,No,42.01,Good
D:\Guvi\Projects\major\number-plate-vehicle-detection\data\final_merged_datasets\images\train\img_000652.jpg,No,826.31,No,39.55,Good
D:\Guvi\Projects\major\number-plate-vehicle-detection\data\final_merged_datasets\images\train\img_000653.jpg,No,861.78,No,42.49,Good
D:\Guvi\Projects\major\number-plate-vehicle-detection\data\final_merged_datasets\images\train\img_000655.jpg,No,288.48,Yes,23.28,Good
D:\Guvi\Projects\major\number-plate-vehicle-detection\data\final_merged_datasets\images\train\img_000658.jpg,No,232.12,Yes,19.34,Good
D:\Guvi\Projects\major\number-plate-vehicle-detection\data\final_merged_datasets\images\train\img_000659.jpg,No,280.07,Yes,17.41,Good
D:\Guvi\Projects\major\number-plate-vehicle-detection\data\final_merged_datasets\images\train\img_000660.jpg,No,239.51,Yes,26.23,Good
D:\Guvi\Projects\major\number-plate-vehicle-detection\data\final_merged_datasets\images\train\img_000661.jpg,No,246.58,Yes,19.83,Good
D:\Guvi\Projects\major\number-plate-vehicle-detection\data\final_merged_datasets\images\train\img_000662.jpg,No,229.91,Yes,18.46,Good
D:\Guvi\Projects\major\number-plate-vehicle-detection\data\final_merged_datasets\images\train\img_000665.jpg,No,245.00,Yes,17.12,Good
D:\Guvi\Projects\major\number-plate-vehicle-detection\data\final_merged_datasets\images\train\img_000666.jpg,No,230.05,No,32.87,Good
D:\Guvi\Projects\major\number-plate-vehicle-detection\data\final_merged_datasets\images\train\img_000667.jpg,No,251.00,Yes,19.99,Good
D:\Guvi\Projects\major\number-plate-vehicle-detection\data\final_merged_datasets\images\train\img_000668.jpg,No,261.52,Yes,14.92,Good
D:\Guvi\Projects\major\number-plate-vehicle-detection\data\final_merged_datasets\images\train\img_000669.jpg,No,243.16,No,35.19,Good
D:\Guvi\Projects\major\number-plate-vehicle-detection\data\final_merged_datasets\images\train\img_000670.jpg,No,256.50,No,31.12,Good
D:\Guvi\Projects\major\number-plate-vehicle-detection\data\final_merged_datasets\images\train\img_000671.jpg,No,239.32,Yes,15.40,Good
D:\Guvi\Projects\major\number-plate-vehicle-detection\data\final_merged_datasets\images\train\img_000672.jpg,No,279.19,Yes,19.30,Good
D:\Guvi\Projects\major\number-plate-vehicle-detection\data\final_merged_datasets\images\train\img_000673.jpg,No,229.91,Yes,21.51,Good
D:\Guvi\Projects\major\number-plate-vehicle-detection\data\final_merged_datasets\images\train\img_000674.jpg,No,240.31,Yes,25.80,Good
D:\Guvi\Projects\major\number-plate-vehicle-detection\data\final_merged_datasets\images\train\img_000675.jpg,No,230.05,Yes,24.26,Good
D:\Guvi\Projects\major\number-plate-vehicle-detection\data\final_merged_datasets\images\train\img_000676.jpg,No,269.43,Yes,20.68,Good
D:\Guvi\Projects\major\number-plate-vehicle-detection\data\final_merged_datasets\images\train\img_000677.jpg,No,226.63,Yes,24.87,Good
D:\Guvi\Projects\major\number-plate-vehicle-detection\data\final_merged_datasets\images\train\img_000679.jpg,No,780.19,No,52.55,Good
D:\Guvi\Projects\major\number-plate-vehicle-detection\data\final_merged_datasets\images\train\img_000682.jpg,No,841.67,No,49.85,Too Bright
D:\Guvi\Projects\major\number-plate-vehicle-detection\data\final_merged_datasets\images\train\img_000684.jpg,No,811.41,No,51.34,Good
D:\Guvi\Projects\major\number-plate-vehicle-detection\data\final_merged_datasets\images\train\img_000686.jpg,No,859.85,No,49.91,Good
D:\Guvi\Projects\major\number-plate-vehicle-detection\data\final_merged_datasets\images\train\img_000687.jpg,No,801.09,No,47.84,Good
D:\Guvi\Projects\major\number-plate-vehicle-detection\data\final_merged_datasets\images\train\img_000688.jpg,No,783.72,No,46.38,Good
D:\Guvi\Projects\major\number-plate-vehicle-detection\data\final_merged_datasets\images\train\img_000689.jpg,No,737.60,No,39.20,Good
D:\Guvi\Projects\major\number-plate-vehicle-detection\data\final_merged_datasets\images\train\img_000690.jpg,No,777.87,No,48.36,Good
D:\Guvi\Projects\major\number-plate-vehicle-detection\data\final_merged_datasets\images\train\img_000692.jpg,No,726.53,No,47.99,Good
D:\Guvi\Projects\major\number-plate-vehicle-detection\data\final_merged_datasets\images\train\img_000694.jpg,No,725.68,No,45.86,Good
D:\Guvi\Projects\major\number-plate-vehicle-detection\data\final_merged_datasets\images\train\img_000696.jpg,No,756.59,No,50.34,Good
D:\Guvi\Projects\major\number-plate-vehicle-detection\data\final_merged_datasets\images\train\img_000697.jpg,No,774.18,No,44.21,Good
D:\Guvi\Projects\major\number-plate-vehicle-detection\data\final_merged_datasets\images\train\img_000698.jpg,No,771.86,No,41.59,Good
D:\Guvi\Projects\major\number-plate-vehicle-detection\data\final_merged_datasets\images\train\img_000700.jpg,No,775.38,No,46.52,Good
D:\Guvi\Projects\major\number-plate-vehicle-detection\data\final_merged_datasets\images\train\img_000701.jpg,No,775.38,No,43.00,Too Bright
D:\Guvi\Projects\major\number-plate-vehicle-detection\data\final_merged_datasets\images\train\img_000703.jpg,No,768.80,No,48.34,Good
D:\Guvi\Projects\major\number-plate-vehicle-detection\data\final_merged_datasets\images\train\img_000704.jpg,No,799.79,No,48.33,Good
D:\Guvi\Projects\major\number-plate-vehicle-detection\data\final_merged_datasets\images\train\img_000705.jpg,No,741.45,No,54.60,Good
D:\Guvi\Projects\major\number-plate-vehicle-detection\data\final_merged_datasets\images\train\img_000711.jpg,No,638.13,No,37.28,Good
D:\Guvi\Projects\major\number-plate-vehicle-detection\data\final_merged_datasets\images\train\img_000713.jpg,No,667.79,No,40.83,Good
D:\Guvi\Projects\major\number-plate-vehicle-detection\data\final_merged_datasets\images\train\img_000715.jpg,No,791.69,No,50.46,Good
D:\Guvi\Projects\major\number-plate-vehicle-detection\data\final_merged_datasets\images\train\img_000716.jpg,No,791.80,No,48.83,Good
D:\Guvi\Projects\major\number-plate-vehicle-detection\data\final_merged_datasets\images\train\img_000719.jpg,No,698.28,Yes,18.72,Good
D:\Guvi\Projects\major\number-plate-vehicle-detection\data\final_merged_datasets\images\train\img_000720.jpg,No,655.59,Yes,15.87,Good
D:\Guvi\Projects\major\number-plate-vehicle-detection\data\final_merged_datasets\images\train\img_000722.jpg,No,633.57,Yes,21.96,Good
D:\Guvi\Projects\major\number-plate-vehicle-detection\data\final_merged_datasets\images\train\img_000725.jpg,No,653.02,Yes,23.66,Good
D:\Guvi\Projects\major\number-plate-vehicle-detection\data\final_merged_datasets\images\train\img_000726.jpg,No,644.79,Yes,20.75,Good
D:\Guvi\Projects\major\number-plate-vehicle-detection\data\final_merged_datasets\images\train\img_000727.jpg,No,683.95,Yes,22.43,Good
D:\Guvi\Projects\major\number-plate-vehicle-detection\data\final_merged_datasets\images\train\img_000728.jpg,No,632.83,No,36.87,Too Dark
D:\Guvi\Projects\major\number-plate-vehicle-detection\data\final_merged_datasets\images\train\img_000729.jpg,No,627.52,Yes,21.16,Good
D:\Guvi\Projects\major\number-plate-vehicle-detection\data\final_merged_datasets\images\train\img_000730.jpg,No,628.96,No,30.83,Good
D:\Guvi\Projects\major\number-plate-vehicle-detection\data\final_merged_datasets\images\train\img_000731.jpg,No,666.14,Yes,18.00,Good
D:\Guvi\Projects\major\number-plate-vehicle-detection\data\final_merged_datasets\images\train\img_000732.jpg,No,666.89,No,32.61,Good
D:\Guvi\Projects\major\number-plate-vehicle-detection\data\final_merged_datasets\images\train\img_000733.jpg,No,617.20,Yes,23.10,Good
D:\Guvi\Projects\major\number-plate-vehicle-detection\data\final_merged_datasets\images\train\img_000735.jpg,No,635.11,No,31.29,Good
D:\Guvi\Projects\major\number-plate-vehicle-detection\data\final_merged_datasets\images\train\img_000736.jpg,No,659.70,No,31.65,Good
D:\Guvi\Projects\major\number-plate-vehicle-detection\data\final_merged_datasets\images\train\img_000737.jpg,No,616.18,No,34.83,Good
D:\Guvi\Projects\major\number-plate-vehicle-detection\data\final_merged_datasets\images\train\img_000740.jpg,No,672.13,Yes,21.21,Good
D:\Guvi\Projects\major\number-plate-vehicle-detection\data\final_merged_datasets\images\train\img_000741.jpg,No,625.78,No,32.71,Good
D:\Guvi\Projects\major\number-plate-vehicle-detection\data\final_merged_datasets\images\train\img_000742.jpg,No,653.43,No,36.34,Good
D:\Guvi\Projects\major\number-plate-vehicle-detection\data\final_merged_datasets\images\train\img_000744.jpg,No,633.55,No,34.86,Good
D:\Guvi\Projects\major\number-plate-vehicle-detection\data\final_merged_datasets\images\train\img_000745.jpg,No,657.04,Yes,28.87,Good
D:\Guvi\Projects\major\number-plate-vehicle-detection\data\final_merged_datasets\images\train\img_000746.jpg,No,626.66,No,35.25,Good
D:\Guvi\Projects\major\number-plate-vehicle-detection\data\final_merged_datasets\images\train\img_000747.jpg,No,635.09,Yes,29.34,Good
D:\Guvi\Projects\major\number-plate-vehicle-detection\data\final_merged_datasets\images\train\img_000748.jpg,No,624.09,No,30.13,Good
D:\Guvi\Projects\major\number-plate-vehicle-detection\data\final_merged_datasets\images\train\img_000749.jpg,No,662.17,No,34.62,Good
D:\Guvi\Projects\major\number-plate-vehicle-detection\data\final_merged_datasets\images\train\img_000750.jpg,No,611.33,Yes,28.68,Good
D:\Guvi\Projects\major\number-plate-vehicle-detection\data\final_merged_datasets\images\train\img_000753.jpg,No,696.09,No,31.05,Good
D:\Guvi\Projects\major\number-plate-vehicle-detection\data\final_merged_datasets\images\train\img_000754.jpg,No,644.20,No,30.74,Good
D:\Guvi\Projects\major\number-plate-vehicle-detection\data\final_merged_datasets\images\train\img_000755.jpg,No,643.64,No,35.65,Too Dark
D:\Guvi\Projects\major\number-plate-vehicle-detection\data\final_merged_datasets\images\train\img_000758.jpg,No,697.97,Yes,18.37,Good
D:\Guvi\Projects\major\number-plate-vehicle-detection\data\final_merged_datasets\images\train\img_000761.jpg,No,203.93,No,37.17,Good
D:\Guvi\Projects\major\number-plate-vehicle-detection\data\final_merged_datasets\images\train\img_000763.jpg,No,132.91,Yes,24.50,Good
D:\Guvi\Projects\major\number-plate-vehicle-detection\data\final_merged_datasets\images\train\img_000765.jpg,No,135.02,No,31.00,Good
D:\Guvi\Projects\major\number-plate-vehicle-detection\data\final_merged_datasets\images\train\img_000766.jpg,No,139.20,Yes,28.11,Good
D:\Guvi\Projects\major\number-plate-vehicle-detection\data\final_merged_datasets\images\train\img_000767.jpg,No,128.38,Yes,23.41,Too Dark
D:\Guvi\Projects\major\number-plate-vehicle-detection\data\final_merged_datasets\images\train\img_000768.jpg,No,141.48,Yes,25.27,Good
D:\Guvi\Projects\major\number-plate-vehicle-detection\data\final_merged_datasets\images\train\img_000769.jpg,No,127.02,Yes,27.35,Good
D:\Guvi\Projects\major\number-plate-vehicle-detection\data\final_merged_datasets\images\train\img_000771.jpg,No,137.21,Yes,27.14,Good
D:\Guvi\Projects\major\number-plate-vehicle-detection\data\final_merged_datasets\images\train\img_000772.jpg,No,206.33,Yes,27.24,Good
D:\Guvi\Projects\major\number-plate-vehicle-detection\data\final_merged_datasets\images\train\img_000773.jpg,No,164.81,No,31.44,Good
D:\Guvi\Projects\major\number-plate-vehicle-detection\data\final_merged_datasets\images\train\img_000775.jpg,No,150.67,Yes,28.12,Good
D:\Guvi\Projects\major\number-plate-vehicle-detection\data\final_merged_datasets\images\train\img_000776.jpg,No,145.03,Yes,26.84,Good
D:\Guvi\Projects\major\number-plate-vehicle-detection\data\final_merged_datasets\images\train\img_000777.jpg,No,182.91,No,37.80,Good
D:\Guvi\Projects\major\number-plate-vehicle-detection\data\final_merged_datasets\images\train\img_000778.jpg,No,160.78,Yes,29.79,Good
D:\Guvi\Projects\major\number-plate-vehicle-detection\data\final_merged_datasets\images\train\img_000781.jpg,No,209.62,No,41.38,Good
D:\Guvi\Projects\major\number-plate-vehicle-detection\data\final_merged_datasets\images\train\img_000782.jpg,No,174.73,No,30.79,Good
D:\Guvi\Projects\major\number-plate-vehicle-detection\data\final_merged_datasets\images\train\img_000783.jpg,No,174.09,Yes,23.61,Good
D:\Guvi\Projects\major\number-plate-vehicle-detection\data\final_merged_datasets\images\train\img_000784.jpg,No,175.99,No,41.20,Good
D:\Guvi\Projects\major\number-plate-vehicle-detection\data\final_merged_datasets\images\train\img_000785.jpg,No,167.14,No,31.75,Good
D:\Guvi\Projects\major\number-plate-vehicle-detection\data\final_merged_datasets\images\train\img_000786.jpg,No,189.81,No,30.91,Good
D:\Guvi\Projects\major\number-plate-vehicle-detection\data\final_merged_datasets\images\train\img_000787.jpg,No,149.72,No,33.82,Good
D:\Guvi\Projects\major\number-plate-vehicle-detection\data\final_merged_datasets\images\train\img_000788.jpg,No,146.51,No,31.16,Good
D:\Guvi\Projects\major\number-plate-vehicle-detection\data\final_merged_datasets\images\train\img_000789.jpg,No,134.02,Yes,27.43,Good
D:\Guvi\Projects\major\number-plate-vehicle-detection\data\final_merged_datasets\images\train\img_000790.jpg,No,147.55,No,31.21,Good
D:\Guvi\Projects\major\number-plate-vehicle-detection\data\final_merged_datasets\images\train\img_000791.jpg,No,123.62,No,37.97,Good
D:\Guvi\Projects\major\number-plate-vehicle-detection\data\final_merged_datasets\images\train\img_000795.jpg,No,138.99,No,39.31,Good
D:\Guvi\Projects\major\number-plate-vehicle-detection\data\final_merged_datasets\images\train\img_000797.jpg,No,157.05,Yes,22.57,Good
D:\Guvi\Projects\major\number-plate-vehicle-detection\data\final_merged_datasets\images\train\img_000799.jpg,No,166.65,Yes,24.56,Good
D:\Guvi\Projects\major\number-plate-vehicle-detection\data\final_merged_datasets\images\train\img_000800.jpg,No,137.50,Yes,26.66,Good
D:\Guvi\Projects\major\number-plate-vehicle-detection\data\final_merged_datasets\images\train\img_000801.jpg,No,609.53,No,35.03,Good
D:\Guvi\Projects\major\number-plate-vehicle-detection\data\final_merged_datasets\images\train\img_000804.jpg,No,551.30,No,56.34,Good
D:\Guvi\Projects\major\number-plate-vehicle-detection\data\final_merged_datasets\images\train\img_000805.jpg,No,575.80,No,78.86,Good
D:\Guvi\Projects\major\number-plate-vehicle-detection\data\final_merged_datasets\images\train\img_000806.jpg,No,552.75,No,71.38,Good
D:\Guvi\Projects\major\number-plate-vehicle-detection\data\final_merged_datasets\images\train\img_000807.jpg,No,550.95,No,78.85,Good
D:\Guvi\Projects\major\number-plate-vehicle-detection\data\final_merged_datasets\images\train\img_000808.jpg,No,536.37,No,34.63,Good
D:\Guvi\Projects\major\number-plate-vehicle-detection\data\final_merged_datasets\images\train\img_000810.jpg,No,532.90,No,35.99,Good
D:\Guvi\Projects\major\number-plate-vehicle-detection\data\final_merged_datasets\images\train\img_000812.jpg,No,520.71,No,39.96,Good
D:\Guvi\Projects\major\number-plate-vehicle-detection\data\final_merged_datasets\images\train\img_000814.jpg,No,544.40,No,41.88,Good
D:\Guvi\Projects\major\number-plate-vehicle-detection\data\final_merged_datasets\images\train\img_000815.jpg,No,520.90,No,38.22,Good
D:\Guvi\Projects\major\number-plate-vehicle-detection\data\final_merged_datasets\images\train\img_000817.jpg,No,519.66,No,40.33,Good
D:\Guvi\Projects\major\number-plate-vehicle-detection\data\final_merged_datasets\images\train\img_000819.jpg,No,517.75,No,43.37,Good
D:\Guvi\Projects\major\number-plate-vehicle-detection\data\final_merged_datasets\images\train\img_000821.jpg,No,515.66,No,39.53,Good
D:\Guvi\Projects\major\number-plate-vehicle-detection\data\final_merged_datasets\images\train\img_000822.jpg,No,532.74,No,37.92,Good
D:\Guvi\Projects\major\number-plate-vehicle-detection\data\final_merged_datasets\images\train\img_000824.jpg,No,562.85,No,41.12,Good
D:\Guvi\Projects\major\number-plate-vehicle-detection\data\final_merged_datasets\images\train\img_000826.jpg,No,596.83,No,45.03,Good
D:\Guvi\Projects\major\number-plate-vehicle-detection\data\final_merged_datasets\images\train\img_000827.jpg,No,557.32,No,42.96,Good
D:\Guvi\Projects\major\number-plate-vehicle-detection\data\final_merged_datasets\images\train\img_000828.jpg,No,569.75,No,79.76,Good
D:\Guvi\Projects\major\number-plate-vehicle-detection\data\final_merged_datasets\images\train\img_000829.jpg,No,564.14,No,63.35,Good
D:\Guvi\Projects\major\number-plate-vehicle-detection\data\final_merged_datasets\images\train\img_000830.jpg,No,587.92,No,70.71,Good
D:\Guvi\Projects\major\number-plate-vehicle-detection\data\final_merged_datasets\images\train\img_000831.jpg,No,554.25,No,77.24,Good
D:\Guvi\Projects\major\number-plate-vehicle-detection\data\final_merged_datasets\images\train\img_000832.jpg,No,1238.98,No,0.00,Unknown
D:\Guvi\Projects\major\number-plate-vehicle-detection\data\final_merged_datasets\images\train\img_000833.jpg,No,1067.33,No,0.00,Unknown
D:\Guvi\Projects\major\number-plate-vehicle-detection\data\final_merged_datasets\images\train\img_000836.jpg,No,1090.98,Yes,21.72,Good
D:\Guvi\Projects\major\number-plate-vehicle-detection\data\final_merged_datasets\images\train\img_000838.jpg,No,1022.39,Yes,17.43,Good
D:\Guvi\Projects\major\number-plate-vehicle-detection\data\final_merged_datasets\images\train\img_000841.jpg,No,1017.44,No,33.65,Good
D:\Guvi\Projects\major\number-plate-vehicle-detection\data\final_merged_datasets\images\train\img_000842.jpg,No,1039.16,No,34.11,Good
D:\Guvi\Projects\major\number-plate-vehicle-detection\data\final_merged_datasets\images\train\img_000844.jpg,No,1102.11,No,0.00,Unknown
D:\Guvi\Projects\major\number-plate-vehicle-detection\data\final_merged_datasets\images\train\img_000847.jpg,No,1091.04,No,30.83,Good
D:\Guvi\Projects\major\number-plate-vehicle-detection\data\final_merged_datasets\images\train\img_000848.jpg,No,1050.58,No,30.52,Good
D:\Guvi\Projects\major\number-plate-vehicle-detection\data\final_merged_datasets\images\train\img_000849.jpg,No,1150.14,No,38.49,Good
D:\Guvi\Projects\major\number-plate-vehicle-detection\data\final_merged_datasets\images\train\img_000850.jpg,No,1104.70,No,43.21,Good
D:\Guvi\Projects\major\number-plate-vehicle-detection\data\final_merged_datasets\images\train\img_000851.jpg,No,1098.39,No,34.28,Good
D:\Guvi\Projects\major\number-plate-vehicle-detection\data\final_merged_datasets\images\train\img_000852.jpg,No,1084.51,No,46.57,Good
D:\Guvi\Projects\major\number-plate-vehicle-detection\data\final_merged_datasets\images\train\img_000853.jpg,No,1155.22,No,46.22,Good
D:\Guvi\Projects\major\number-plate-vehicle-detection\data\final_merged_datasets\images\train\img_000854.jpg,No,1088.11,No,36.58,Good
D:\Guvi\Projects\major\number-plate-vehicle-detection\data\final_merged_datasets\images\train\img_000855.jpg,No,1065.46,No,0.00,Unknown
D:\Guvi\Projects\major\number-plate-vehicle-detection\data\final_merged_datasets\images\train\img_000856.jpg,No,1107.97,No,47.27,Good
D:\Guvi\Projects\major\number-plate-vehicle-detection\data\final_merged_datasets\images\train\img_000857.jpg,No,1096.09,No,45.59,Good
D:\Guvi\Projects\major\number-plate-vehicle-detection\data\final_merged_datasets\images\train\img_000858.jpg,No,1180.91,No,40.05,Good
D:\Guvi\Projects\major\number-plate-vehicle-detection\data\final_merged_datasets\images\train\img_000860.jpg,No,1146.16,No,57.75,Good
D:\Guvi\Projects\major\number-plate-vehicle-detection\data\final_merged_datasets\images\train\img_000862.jpg,No,1189.08,No,54.59,Good
D:\Guvi\Projects\major\number-plate-vehicle-detection\data\final_merged_datasets\images\train\img_000865.jpg,No,1101.47,No,50.01,Good
D:\Guvi\Projects\major\number-plate-vehicle-detection\data\final_merged_datasets\images\train\img_000867.jpg,No,1136.82,No,58.34,Good
D:\Guvi\Projects\major\number-plate-vehicle-detection\data\final_merged_datasets\images\train\img_000868.jpg,No,1039.22,No,0.00,Unknown
D:\Guvi\Projects\major\number-plate-vehicle-detection\data\final_merged_datasets\images\train\img_000869.jpg,No,1039.91,No,0.00,Unknown
D:\Guvi\Projects\major\number-plate-vehicle-detection\data\final_merged_datasets\images\train\img_000871.jpg,No,1117.64,No,33.71,Good
D:\Guvi\Projects\major\number-plate-vehicle-detection\data\final_merged_datasets\images\train\img_000872.jpg,No,1068.00,No,32.54,Good
D:\Guvi\Projects\major\number-plate-vehicle-detection\data\final_merged_datasets\images\train\img_000873.jpg,No,658.71,Yes,7.78,Too Dark
D:\Guvi\Projects\major\number-plate-vehicle-detection\data\final_merged_datasets\images\train\img_000874.jpg,No,604.82,Yes,8.42,Too Dark
D:\Guvi\Projects\major\number-plate-vehicle-detection\data\final_merged_datasets\images\train\img_000875.jpg,No,537.94,Yes,23.38,Too Dark
D:\Guvi\Projects\major\number-plate-vehicle-detection\data\final_merged_datasets\images\train\img_000876.jpg,No,540.71,Yes,16.90,Good
D:\Guvi\Projects\major\number-plate-vehicle-detection\data\final_merged_datasets\images\train\img_000878.jpg,No,574.63,Yes,25.20,Too Dark
D:\Guvi\Projects\major\number-plate-vehicle-detection\data\final_merged_datasets\images\train\img_000879.jpg,No,615.68,Yes,20.49,Good
D:\Guvi\Projects\major\number-plate-vehicle-detection\data\final_merged_datasets\images\train\img_000881.jpg,No,679.47,No,30.52,Too Dark
D:\Guvi\Projects\major\number-plate-vehicle-detection\data\final_merged_datasets\images\train\img_000882.jpg,No,642.53,Yes,23.16,Good
D:\Guvi\Projects\major\number-plate-vehicle-detection\data\final_merged_datasets\images\train\img_000884.jpg,No,659.12,Yes,23.31,Good
D:\Guvi\Projects\major\number-plate-vehicle-detection\data\final_merged_datasets\images\train\img_000886.jpg,No,690.84,Yes,22.18,Good
D:\Guvi\Projects\major\number-plate-vehicle-detection\data\final_merged_datasets\images\train\img_000887.jpg,No,649.71,No,31.02,Good
D:\Guvi\Projects\major\number-plate-vehicle-detection\data\final_merged_datasets\images\train\img_000888.jpg,No,652.33,No,41.53,Good
D:\Guvi\Projects\major\number-plate-vehicle-detection\data\final_merged_datasets\images\train\img_000889.jpg,No,639.74,No,38.38,Good
D:\Guvi\Projects\major\number-plate-vehicle-detection\data\final_merged_datasets\images\train\img_000890.jpg,No,676.58,Yes,29.47,Too Dark
D:\Guvi\Projects\major\number-plate-vehicle-detection\data\final_merged_datasets\images\train\img_000891.jpg,No,640.53,Yes,28.16,Too Dark
D:\Guvi\Projects\major\number-plate-vehicle-detection\data\final_merged_datasets\images\train\img_000892.jpg,No,658.20,Yes,27.04,Too Dark
D:\Guvi\Projects\major\number-plate-vehicle-detection\data\final_merged_datasets\images\train\img_000893.jpg,No,649.86,No,32.41,Good
D:\Guvi\Projects\major\number-plate-vehicle-detection\data\final_merged_datasets\images\train\img_000894.jpg,No,676.10,Yes,27.82,Too Dark
D:\Guvi\Projects\major\number-plate-vehicle-detection\data\final_merged_datasets\images\train\img_000895.jpg,No,635.00,Yes,22.08,Good
D:\Guvi\Projects\major\number-plate-vehicle-detection\data\final_merged_datasets\images\train\img_000896.jpg,No,617.98,Yes,11.07,Too Dark
D:\Guvi\Projects\major\number-plate-vehicle-detection\data\final_merged_datasets\images\train\img_000897.jpg,No,630.27,Yes,23.11,Good
D:\Guvi\Projects\major\number-plate-vehicle-detection\data\final_merged_datasets\images\train\img_000899.jpg,No,584.14,Yes,21.62,Too Dark
D:\Guvi\Projects\major\number-plate-vehicle-detection\data\final_merged_datasets\images\train\img_000900.jpg,No,563.13,Yes,24.52,Too Dark
D:\Guvi\Projects\major\number-plate-vehicle-detection\data\final_merged_datasets\images\train\img_000901.jpg,No,525.61,Yes,21.20,Too Dark
D:\Guvi\Projects\major\number-plate-vehicle-detection\data\final_merged_datasets\images\train\img_000902.jpg,No,545.69,Yes,22.96,Too Dark
D:\Guvi\Projects\major\number-plate-vehicle-detection\data\final_merged_datasets\images\train\img_000903.jpg,No,519.34,Yes,16.88,Too Dark
D:\Guvi\Projects\major\number-plate-vehicle-detection\data\final_merged_datasets\images\train\img_000905.jpg,No,868.10,No,33.14,Good
D:\Guvi\Projects\major\number-plate-vehicle-detection\data\final_merged_datasets\images\train\img_000906.jpg,No,785.00,No,39.68,Good
D:\Guvi\Projects\major\number-plate-vehicle-detection\data\final_merged_datasets\images\train\img_000907.jpg,No,769.84,No,39.51,Good
D:\Guvi\Projects\major\number-plate-vehicle-detection\data\final_merged_datasets\images\train\img_000908.jpg,No,816.52,No,37.43,Good
D:\Guvi\Projects\major\number-plate-vehicle-detection\data\final_merged_datasets\images\train\img_000909.jpg,No,769.92,No,40.74,Good
D:\Guvi\Projects\major\number-plate-vehicle-detection\data\final_merged_datasets\images\train\img_000911.jpg,No,773.50,No,37.30,Good
D:\Guvi\Projects\major\number-plate-vehicle-detection\data\final_merged_datasets\images\train\img_000913.jpg,No,790.57,No,40.72,Good
D:\Guvi\Projects\major\number-plate-vehicle-detection\data\final_merged_datasets\images\train\img_000914.jpg,No,806.48,No,37.26,Good
D:\Guvi\Projects\major\number-plate-vehicle-detection\data\final_merged_datasets\images\train\img_000916.jpg,No,881.77,No,36.13,Good
D:\Guvi\Projects\major\number-plate-vehicle-detection\data\final_merged_datasets\images\train\img_000917.jpg,No,824.15,No,37.75,Good
D:\Guvi\Projects\major\number-plate-vehicle-detection\data\final_merged_datasets\images\train\img_000919.jpg,No,817.24,No,37.76,Good
D:\Guvi\Projects\major\number-plate-vehicle-detection\data\final_merged_datasets\images\train\img_000920.jpg,No,804.63,No,37.31,Good
D:\Guvi\Projects\major\number-plate-vehicle-detection\data\final_merged_datasets\images\train\img_000921.jpg,No,830.91,No,37.60,Good
D:\Guvi\Projects\major\number-plate-vehicle-detection\data\final_merged_datasets\images\train\img_000922.jpg,No,818.60,No,40.39,Good
D:\Guvi\Projects\major\number-plate-vehicle-detection\data\final_merged_datasets\images\train\img_000923.jpg,No,819.83,No,37.58,Good
D:\Guvi\Projects\major\number-plate-vehicle-detection\data\final_merged_datasets\images\train\img_000924.jpg,No,804.32,No,37.24,Good
D:\Guvi\Projects\major\number-plate-vehicle-detection\data\final_merged_datasets\images\train\img_000925.jpg,No,816.91,No,36.68,Good
D:\Guvi\Projects\major\number-plate-vehicle-detection\data\final_merged_datasets\images\train\img_000926.jpg,No,788.75,No,40.76,Good
D:\Guvi\Projects\major\number-plate-vehicle-detection\data\final_merged_datasets\images\train\img_000927.jpg,No,855.42,No,40.78,Good
D:\Guvi\Projects\major\number-plate-vehicle-detection\data\final_merged_datasets\images\train\img_000928.jpg,No,796.18,No,39.86,Good
D:\Guvi\Projects\major\number-plate-vehicle-detection\data\final_merged_datasets\images\train\img_000929.jpg,No,876.22,No,38.37,Good
D:\Guvi\Projects\major\number-plate-vehicle-detection\data\final_merged_datasets\images\train\img_000931.jpg,No,831.42,No,35.84,Good
D:\Guvi\Projects\major\number-plate-vehicle-detection\data\final_merged_datasets\images\train\img_000932.jpg,No,793.32,No,36.86,Good
D:\Guvi\Projects\major\number-plate-vehicle-detection\data\final_merged_datasets\images\train\img_001667.jpg,No,1124.82,No,83.80,Good
D:\Guvi\Projects\major\number-plate-vehicle-detection\data\final_merged_datasets\images\train\img_001668.jpg,No,250.79,No,83.83,Good
D:\Guvi\Projects\major\number-plate-vehicle-detection\data\final_merged_datasets\images\train\img_001671.jpg,No,511.23,No,87.54,Good
D:\Guvi\Projects\major\number-plate-vehicle-detection\data\final_merged_datasets\images\train\img_001672.jpg,No,2187.00,No,96.28,Good
D:\Guvi\Projects\major\number-plate-vehicle-detection\data\final_merged_datasets\images\train\img_001673.jpg,No,1993.12,No,88.19,Good
D:\Guvi\Projects\major\number-plate-vehicle-detection\data\final_merged_datasets\images\train\img_001674.jpg,No,1829.32,No,98.07,Good
D:\Guvi\Projects\major\number-plate-vehicle-detection\data\final_merged_datasets\images\train\img_001676.jpg,No,570.77,No,92.59,Good
D:\Guvi\Projects\major\number-plate-vehicle-detection\data\final_merged_datasets\images\train\img_001678.jpg,No,1760.45,No,95.79,Good
D:\Guvi\Projects\major\number-plate-vehicle-detection\data\final_merged_datasets\images\train\img_001679.jpg,No,2323.40,No,89.93,Good
D:\Guvi\Projects\major\number-plate-vehicle-detection\data\final_merged_datasets\images\train\img_001681.jpg,No,528.91,No,93.43,Good
D:\Guvi\Projects\major\number-plate-vehicle-detection\data\final_merged_datasets\images\train\img_001683.jpg,No,204.18,No,87.05,Good
D:\Guvi\Projects\major\number-plate-vehicle-detection\data\final_merged_datasets\images\train\img_001685.jpg,No,339.73,No,76.50,Good
D:\Guvi\Projects\major\number-plate-vehicle-detection\data\final_merged_datasets\images\train\img_001687.jpg,No,301.32,No,79.10,Good
D:\Guvi\Projects\major\number-plate-vehicle-detection\data\final_merged_datasets\images\train\img_001689.jpg,Yes,76.66,No,86.26,Good
D:\Guvi\Projects\major\number-plate-vehicle-detection\data\final_merged_datasets\images\train\img_001690.jpg,No,197.05,No,85.48,Good
D:\Guvi\Projects\major\number-plate-vehicle-detection\data\final_merged_datasets\images\train\img_001691.jpg,Yes,66.84,No,90.41,Good
D:\Guvi\Projects\major\number-plate-vehicle-detection\data\final_merged_datasets\images\train\img_001692.jpg,No,105.18,No,91.58,Good
D:\Guvi\Projects\major\number-plate-vehicle-detection\data\final_merged_datasets\images\train\img_001693.jpg,Yes,85.69,No,84.69,Good
D:\Guvi\Projects\major\number-plate-vehicle-detection\data\final_merged_datasets\images\train\img_001694.jpg,Yes,38.78,No,69.28,Good
D:\Guvi\Projects\major\number-plate-vehicle-detection\data\final_merged_datasets\images\train\img_001695.jpg,Yes,38.50,No,84.77,Good
D:\Guvi\Projects\major\number-plate-vehicle-detection\data\final_merged_datasets\images\train\img_001696.jpg,Yes,75.75,No,92.80,Good
D:\Guvi\Projects\major\number-plate-vehicle-detection\data\final_merged_datasets\images\train\img_001697.jpg,No,158.58,No,79.93,Good
D:\Guvi\Projects\major\number-plate-vehicle-detection\data\final_merged_datasets\images\train\img_001698.jpg,Yes,38.31,No,73.85,Good
D:\Guvi\Projects\major\number-plate-vehicle-detection\data\final_merged_datasets\images\train\img_001699.jpg,No,268.26,No,93.71,Good
D:\Guvi\Projects\major\number-plate-vehicle-detection\data\final_merged_datasets\images\train\img_001700.jpg,No,575.92,No,85.76,Good
D:\Guvi\Projects\major\number-plate-vehicle-detection\data\final_merged_datasets\images\train\img_001701.jpg,Yes,51.74,No,69.10,Good
D:\Guvi\Projects\major\number-plate-vehicle-detection\data\final_merged_datasets\images\train\img_001702.jpg,No,136.90,No,95.02,Good
D:\Guvi\Projects\major\number-plate-vehicle-detection\data\final_merged_datasets\images\train\img_001703.jpg,No,576.45,No,76.96,Good
D:\Guvi\Projects\major\number-plate-vehicle-detection\data\final_merged_datasets\images\train\img_001708.jpg,No,1319.91,No,91.94,Good
D:\Guvi\Projects\major\number-plate-vehicle-detection\data\final_merged_datasets\images\train\img_001709.jpg,No,212.25,No,55.39,Good
D:\Guvi\Projects\major\number-plate-vehicle-detection\data\final_merged_datasets\images\train\img_001710.jpg,No,318.91,No,75.57,Good
D:\Guvi\Projects\major\number-plate-vehicle-detection\data\final_merged_datasets\images\train\img_001711.jpg,Yes,97.64,No,70.79,Good
D:\Guvi\Projects\major\number-plate-vehicle-detection\data\final_merged_datasets\images\train\img_001712.jpg,No,283.64,No,71.35,Good
D:\Guvi\Projects\major\number-plate-vehicle-detection\data\final_merged_datasets\images\train\img_001716.jpg,No,265.51,No,89.94,Good
D:\Guvi\Projects\major\number-plate-vehicle-detection\data\final_merged_datasets\images\train\img_001718.jpg,No,886.59,No,98.25,Good
D:\Guvi\Projects\major\number-plate-vehicle-detection\data\final_merged_datasets\images\train\img_001719.jpg,No,913.55,No,54.42,Good
D:\Guvi\Projects\major\number-plate-vehicle-detection\data\final_merged_datasets\images\train\img_001721.jpg,No,674.63,No,37.37,Too Bright
D:\Guvi\Projects\major\number-plate-vehicle-detection\data\final_merged_datasets\images\train\img_001722.jpg,No,679.82,No,78.18,Good
D:\Guvi\Projects\major\number-plate-vehicle-detection\data\final_merged_datasets\images\train\img_001723.jpg,No,201.38,No,71.12,Good
D:\Guvi\Projects\major\number-plate-vehicle-detection\data\final_merged_datasets\images\train\img_001724.jpg,No,867.68,No,36.77,Too Bright
D:\Guvi\Projects\major\number-plate-vehicle-detection\data\final_merged_datasets\images\train\img_001726.jpg,No,1488.23,No,98.67,Good
D:\Guvi\Projects\major\number-plate-vehicle-detection\data\final_merged_datasets\images\train\img_001727.jpg,No,898.49,No,91.20,Good
D:\Guvi\Projects\major\number-plate-vehicle-detection\data\final_merged_datasets\images\train\img_001728.jpg,No,905.49,No,88.90,Good
D:\Guvi\Projects\major\number-plate-vehicle-detection\data\final_merged_datasets\images\train\img_001729.jpg,No,858.89,No,61.85,Good
D:\Guvi\Projects\major\number-plate-vehicle-detection\data\final_merged_datasets\images\train\img_001730.jpg,No,1022.13,No,57.48,Good
D:\Guvi\Projects\major\number-plate-vehicle-detection\data\final_merged_datasets\images\train\img_001731.jpg,No,316.47,No,60.66,Good
D:\Guvi\Projects\major\number-plate-vehicle-detection\data\final_merged_datasets\images\train\img_001732.jpg,No,178.71,No,82.03,Good
D:\Guvi\Projects\major\number-plate-vehicle-detection\data\final_merged_datasets\images\train\img_001733.jpg,No,1248.62,No,93.45,Good
D:\Guvi\Projects\major\number-plate-vehicle-detection\data\final_merged_datasets\images\train\img_001735.jpg,No,2422.86,No,86.48,Good
D:\Guvi\Projects\major\number-plate-vehicle-detection\data\final_merged_datasets\images\train\img_001738.jpg,No,1584.89,No,104.36,Good
D:\Guvi\Projects\major\number-plate-vehicle-detection\data\final_merged_datasets\images\train\img_001739.jpg,No,1017.16,No,99.70,Good
D:\Guvi\Projects\major\number-plate-vehicle-detection\data\final_merged_datasets\images\train\img_001740.jpg,No,979.46,No,81.86,Good
D:\Guvi\Projects\major\number-plate-vehicle-detection\data\final_merged_datasets\images\train\img_001741.jpg,No,355.61,No,84.09,Good
D:\Guvi\Projects\major\number-plate-vehicle-detection\data\final_merged_datasets\images\train\img_001742.jpg,No,222.03,No,93.55,Good
D:\Guvi\Projects\major\number-plate-vehicle-detection\data\final_merged_datasets\images\train\img_001743.jpg,Yes,48.22,No,66.51,Good
D:\Guvi\Projects\major\number-plate-vehicle-detection\data\final_merged_datasets\images\train\img_001744.jpg,No,168.33,No,72.06,Good
D:\Guvi\Projects\major\number-plate-vehicle-detection\data\final_merged_datasets\images\train\img_001745.jpg,No,403.52,No,91.97,Good
D:\Guvi\Projects\major\number-plate-vehicle-detection\data\final_merged_datasets\images\train\img_001746.jpg,No,219.14,No,59.54,Good
D:\Guvi\Projects\major\number-plate-vehicle-detection\data\final_merged_datasets\images\train\img_001747.jpg,No,209.48,No,56.45,Good
D:\Guvi\Projects\major\number-plate-vehicle-detection\data\final_merged_datasets\images\train\img_001748.jpg,No,156.63,No,89.26,Good
D:\Guvi\Projects\major\number-plate-vehicle-detection\data\final_merged_datasets\images\train\img_001751.jpg,No,439.74,No,98.63,Good
D:\Guvi\Projects\major\number-plate-vehicle-detection\data\final_merged_datasets\images\train\img_001752.jpg,No,276.89,No,74.11,Good
D:\Guvi\Projects\major\number-plate-vehicle-detection\data\final_merged_datasets\images\train\img_001753.jpg,No,1615.42,No,86.59,Good
D:\Guvi\Projects\major\number-plate-vehicle-detection\data\final_merged_datasets\images\train\img_001755.jpg,No,1029.89,No,96.51,Good
D:\Guvi\Projects\major\number-plate-vehicle-detection\data\final_merged_datasets\images\train\img_001756.jpg,No,762.35,No,69.20,Good
D:\Guvi\Projects\major\number-plate-vehicle-detection\data\final_merged_datasets\images\train\img_001757.jpg,No,436.32,No,72.25,Good
D:\Guvi\Projects\major\number-plate-vehicle-detection\data\final_merged_datasets\images\train\img_001758.jpg,No,250.31,No,77.72,Good
D:\Guvi\Projects\major\number-plate-vehicle-detection\data\final_merged_datasets\images\train\img_001759.jpg,No,331.86,No,82.76,Good
D:\Guvi\Projects\major\number-plate-vehicle-detection\data\final_merged_datasets\images\train\img_001761.jpg,No,147.96,No,81.81,Good
D:\Guvi\Projects\major\number-plate-vehicle-detection\data\final_merged_datasets\images\train\img_001765.jpg,No,542.87,No,60.07,Good
D:\Guvi\Projects\major\number-plate-vehicle-detection\data\final_merged_datasets\images\train\img_001767.jpg,No,715.77,No,68.13,Good
D:\Guvi\Projects\major\number-plate-vehicle-detection\data\final_merged_datasets\images\train\img_001768.jpg,No,189.73,No,89.29,Good
D:\Guvi\Projects\major\number-plate-vehicle-detection\data\final_merged_datasets\images\train\img_001769.jpg,No,518.85,No,83.29,Good
D:\Guvi\Projects\major\number-plate-vehicle-detection\data\final_merged_datasets\images\train\img_001771.jpg,No,306.30,No,82.43,Good
D:\Guvi\Projects\major\number-plate-vehicle-detection\data\final_merged_datasets\images\train\img_001772.jpg,No,331.49,No,79.10,Good
D:\Guvi\Projects\major\number-plate-vehicle-detection\data\final_merged_datasets\images\train\img_001773.jpg,No,176.90,No,54.11,Good
D:\Guvi\Projects\major\number-plate-vehicle-detection\data\final_merged_datasets\images\train\img_001774.jpg,No,912.21,No,61.98,Good
D:\Guvi\Projects\major\number-plate-vehicle-detection\data\final_merged_datasets\images\train\img_001775.jpg,No,485.22,No,85.94,Good
D:\Guvi\Projects\major\number-plate-vehicle-detection\data\final_merged_datasets\images\train\img_001777.jpg,No,231.51,No,64.14,Good
D:\Guvi\Projects\major\number-plate-vehicle-detection\data\final_merged_datasets\images\train\img_001779.jpg,No,924.60,No,87.40,Good
D:\Guvi\Projects\major\number-plate-vehicle-detection\data\final_merged_datasets\images\train\img_001780.jpg,No,415.93,No,93.31,Good
D:\Guvi\Projects\major\number-plate-vehicle-detection\data\final_merged_datasets\images\train\img_001781.jpg,No,150.75,No,81.59,Good
D:\Guvi\Projects\major\number-plate-vehicle-detection\data\final_merged_datasets\images\val\img_000003.jpg,Yes,94.77,No,73.64,Good
D:\Guvi\Projects\major\number-plate-vehicle-detection\data\final_merged_datasets\images\val\img_000005.jpg,No,987.09,No,53.81,Good
D:\Guvi\Projects\major\number-plate-vehicle-detection\data\final_merged_datasets\images\val\img_000006.jpg,No,7038.21,No,64.22,Good
D:\Guvi\Projects\major\number-plate-vehicle-detection\data\final_merged_datasets\images\val\img_000007.jpg,No,771.98,No,32.14,Good
D:\Guvi\Projects\major\number-plate-vehicle-detection\data\final_merged_datasets\images\val\img_000012.jpg,No,369.27,No,48.72,Good
D:\Guvi\Projects\major\number-plate-vehicle-detection\data\final_merged_datasets\images\val\img_000013.jpg,No,949.62,No,0.00,Unknown
D:\Guvi\Projects\major\number-plate-vehicle-detection\data\final_merged_datasets\images\val\img_000016.jpg,No,711.46,Yes,26.99,Good
D:\Guvi\Projects\major\number-plate-vehicle-detection\data\final_merged_datasets\images\val\img_000019.jpg,No,514.72,No,44.92,Good
D:\Guvi\Projects\major\number-plate-vehicle-detection\data\final_merged_datasets\images\val\img_000021.jpg,No,391.56,No,47.47,Good
D:\Guvi\Projects\major\number-plate-vehicle-detection\data\final_merged_datasets\images\val\img_000024.jpg,No,1097.83,No,55.85,Good
D:\Guvi\Projects\major\number-plate-vehicle-detection\data\final_merged_datasets\images\val\img_000027.jpg,No,297.08,No,38.24,Good
D:\Guvi\Projects\major\number-plate-vehicle-detection\data\final_merged_datasets\images\val\img_000029.jpg,No,678.09,No,52.06,Good
D:\Guvi\Projects\major\number-plate-vehicle-detection\data\final_merged_datasets\images\val\img_000030.jpg,No,378.86,No,88.91,Good
D:\Guvi\Projects\major\number-plate-vehicle-detection\data\final_merged_datasets\images\val\img_000040.jpg,No,1710.14,No,48.96,Good
D:\Guvi\Projects\major\number-plate-vehicle-detection\data\final_merged_datasets\images\val\img_000047.jpg,No,309.87,No,82.43,Good
D:\Guvi\Projects\major\number-plate-vehicle-detection\data\final_merged_datasets\images\val\img_000049.jpg,No,1079.19,No,75.69,Good
D:\Guvi\Projects\major\number-plate-vehicle-detection\data\final_merged_datasets\images\val\img_000057.jpg,No,454.85,No,63.56,Good
D:\Guvi\Projects\major\number-plate-vehicle-detection\data\final_merged_datasets\images\val\img_000060.jpg,No,1753.71,No,70.48,Good
D:\Guvi\Projects\major\number-plate-vehicle-detection\data\final_merged_datasets\images\val\img_000067.jpg,No,1848.59,No,72.19,Good
D:\Guvi\Projects\major\number-plate-vehicle-detection\data\final_merged_datasets\images\val\img_000074.jpg,No,4558.97,No,75.78,Good
D:\Guvi\Projects\major\number-plate-vehicle-detection\data\final_merged_datasets\images\val\img_000085.jpg,Yes,62.69,No,0.00,Unknown
D:\Guvi\Projects\major\number-plate-vehicle-detection\data\final_merged_datasets\images\val\img_000181.jpg,No,411.22,No,58.55,Good
D:\Guvi\Projects\major\number-plate-vehicle-detection\data\final_merged_datasets\images\val\img_000187.jpg,No,7038.21,No,64.22,Good
D:\Guvi\Projects\major\number-plate-vehicle-detection\data\final_merged_datasets\images\val\img_000191.jpg,No,162.74,Yes,23.36,Too Dark
D:\Guvi\Projects\major\number-plate-vehicle-detection\data\final_merged_datasets\images\val\img_000192.jpg,No,1334.06,No,55.58,Good
D:\Guvi\Projects\major\number-plate-vehicle-detection\data\final_merged_datasets\images\val\img_000193.jpg,No,550.07,No,53.53,Good
D:\Guvi\Projects\major\number-plate-vehicle-detection\data\final_merged_datasets\images\val\img_000196.jpg,No,1194.62,No,60.80,Good
D:\Guvi\Projects\major\number-plate-vehicle-detection\data\final_merged_datasets\images\val\img_000197.jpg,Yes,83.85,No,51.74,Good
D:\Guvi\Projects\major\number-plate-vehicle-detection\data\final_merged_datasets\images\val\img_000198.jpg,No,711.46,Yes,26.99,Good
D:\Guvi\Projects\major\number-plate-vehicle-detection\data\final_merged_datasets\images\val\img_000210.jpg,No,1588.82,No,56.27,Good
D:\Guvi\Projects\major\number-plate-vehicle-detection\data\final_merged_datasets\images\val\img_000212.jpg,No,1407.23,No,58.73,Good
D:\Guvi\Projects\major\number-plate-vehicle-detection\data\final_merged_datasets\images\val\img_000220.jpg,No,6305.57,No,98.54,Good
D:\Guvi\Projects\major\number-plate-vehicle-detection\data\final_merged_datasets\images\val\img_000223.jpg,No,16527.36,No,67.90,Too Bright
D:\Guvi\Projects\major\number-plate-vehicle-detection\data\final_merged_datasets\images\val\img_000238.jpg,No,139.05,No,32.19,Good
D:\Guvi\Projects\major\number-plate-vehicle-detection\data\final_merged_datasets\images\val\img_000242.jpg,No,454.85,No,63.56,Good
D:\Guvi\Projects\major\number-plate-vehicle-detection\data\final_merged_datasets\images\val\img_000243.jpg,No,598.49,No,52.37,Good
D:\Guvi\Projects\major\number-plate-vehicle-detection\data\final_merged_datasets\images\val\img_000244.jpg,No,215.99,Yes,22.15,Too Dark
D:\Guvi\Projects\major\number-plate-vehicle-detection\data\final_merged_datasets\images\val\img_000245.jpg,No,139.91,No,58.15,Good
D:\Guvi\Projects\major\number-plate-vehicle-detection\data\final_merged_datasets\images\val\img_000246.jpg,No,1753.71,No,70.48,Good
D:\Guvi\Projects\major\number-plate-vehicle-detection\data\final_merged_datasets\images\val\img_000264.jpg,No,259.97,No,83.51,Good
D:\Guvi\Projects\major\number-plate-vehicle-detection\data\final_merged_datasets\images\val\img_000265.jpg,No,1187.57,No,41.81,Good
D:\Guvi\Projects\major\number-plate-vehicle-detection\data\final_merged_datasets\images\val\img_000267.jpg,No,7114.19,No,69.19,Good
D:\Guvi\Projects\major\number-plate-vehicle-detection\data\final_merged_datasets\images\val\img_000268.jpg,Yes,99.99,No,0.00,Unknown
D:\Guvi\Projects\major\number-plate-vehicle-detection\data\final_merged_datasets\images\val\img_000274.jpg,No,238.78,No,55.28,Good
D:\Guvi\Projects\major\number-plate-vehicle-detection\data\final_merged_datasets\images\val\img_000275.jpg,No,2043.42,No,0.00,Unknown
D:\Guvi\Projects\major\number-plate-vehicle-detection\data\final_merged_datasets\images\val\img_000277.jpg,No,1125.52,No,54.61,Good
D:\Guvi\Projects\major\number-plate-vehicle-detection\data\final_merged_datasets\images\val\img_000278.jpg,No,1236.75,No,70.63,Good
D:\Guvi\Projects\major\number-plate-vehicle-detection\data\final_merged_datasets\images\val\img_000280.jpg,No,687.32,No,72.27,Good
D:\Guvi\Projects\major\number-plate-vehicle-detection\data\final_merged_datasets\images\val\img_000284.jpg,No,5535.96,No,0.00,Unknown
D:\Guvi\Projects\major\number-plate-vehicle-detection\data\final_merged_datasets\images\val\img_000296.jpg,No,830.27,No,81.99,Good
D:\Guvi\Projects\major\number-plate-vehicle-detection\data\final_merged_datasets\images\val\img_000306.jpg,No,1036.71,No,61.17,Good
D:\Guvi\Projects\major\number-plate-vehicle-detection\data\final_merged_datasets\images\val\img_000319.jpg,No,212.81,Yes,25.16,Too Bright
D:\Guvi\Projects\major\number-plate-vehicle-detection\data\final_merged_datasets\images\val\img_000320.jpg,No,203.85,Yes,26.66,Too Bright
D:\Guvi\Projects\major\number-plate-vehicle-detection\data\final_merged_datasets\images\val\img_000323.jpg,Yes,62.70,No,0.00,Unknown
D:\Guvi\Projects\major\number-plate-vehicle-detection\data\final_merged_datasets\images\val\img_000327.jpg,Yes,64.17,No,0.00,Unknown
D:\Guvi\Projects\major\number-plate-vehicle-detection\data\final_merged_datasets\images\val\img_000340.jpg,Yes,41.20,No,42.25,Good
D:\Guvi\Projects\major\number-plate-vehicle-detection\data\final_merged_datasets\images\val\img_000354.jpg,Yes,39.49,No,31.46,Good
D:\Guvi\Projects\major\number-plate-vehicle-detection\data\final_merged_datasets\images\val\img_000355.jpg,Yes,41.87,No,30.08,Good
D:\Guvi\Projects\major\number-plate-vehicle-detection\data\final_merged_datasets\images\val\img_000360.jpg,No,232.17,No,0.00,Unknown
D:\Guvi\Projects\major\number-plate-vehicle-detection\data\final_merged_datasets\images\val\img_000375.jpg,No,914.41,No,61.83,Good
D:\Guvi\Projects\major\number-plate-vehicle-detection\data\final_merged_datasets\images\val\img_000376.jpg,No,975.72,No,49.73,Too Dark
D:\Guvi\Projects\major\number-plate-vehicle-detection\data\final_merged_datasets\images\val\img_000377.jpg,No,917.12,No,61.40,Good
D:\Guvi\Projects\major\number-plate-vehicle-detection\data\final_merged_datasets\images\val\img_000382.jpg,No,901.92,No,58.27,Good
D:\Guvi\Projects\major\number-plate-vehicle-detection\data\final_merged_datasets\images\val\img_000386.jpg,No,887.73,No,48.42,Good
D:\Guvi\Projects\major\number-plate-vehicle-detection\data\final_merged_datasets\images\val\img_000388.jpg,No,930.18,No,65.61,Good
D:\Guvi\Projects\major\number-plate-vehicle-detection\data\final_merged_datasets\images\val\img_000391.jpg,No,965.07,No,43.69,Too Dark
D:\Guvi\Projects\major\number-plate-vehicle-detection\data\final_merged_datasets\images\val\img_000399.jpg,No,8530.11,No,36.43,Good
D:\Guvi\Projects\major\number-plate-vehicle-detection\data\final_merged_datasets\images\val\img_000403.jpg,No,4560.44,No,37.17,Good
D:\Guvi\Projects\major\number-plate-vehicle-detection\data\final_merged_datasets\images\val\img_000408.jpg,No,4623.12,No,40.90,Good
D:\Guvi\Projects\major\number-plate-vehicle-detection\data\final_merged_datasets\images\val\img_000415.jpg,No,4002.49,Yes,29.28,Good
D:\Guvi\Projects\major\number-plate-vehicle-detection\data\final_merged_datasets\images\val\img_000416.jpg,No,1699.52,No,30.06,Good
D:\Guvi\Projects\major\number-plate-vehicle-detection\data\final_merged_datasets\images\val\img_000423.jpg,No,2673.33,No,0.00,Unknown
D:\Guvi\Projects\major\number-plate-vehicle-detection\data\final_merged_datasets\images\val\img_000429.jpg,No,2427.68,No,39.67,Good
D:\Guvi\Projects\major\number-plate-vehicle-detection\data\final_merged_datasets\images\val\img_000432.jpg,No,2665.62,No,0.00,Unknown
D:\Guvi\Projects\major\number-plate-vehicle-detection\data\final_merged_datasets\images\val\img_000450.jpg,No,456.52,No,0.00,Unknown
D:\Guvi\Projects\major\number-plate-vehicle-detection\data\final_merged_datasets\images\val\img_000451.jpg,No,692.35,No,0.00,Unknown
D:\Guvi\Projects\major\number-plate-vehicle-detection\data\final_merged_datasets\images\val\img_000458.jpg,No,387.29,No,0.00,Unknown
D:\Guvi\Projects\major\number-plate-vehicle-detection\data\final_merged_datasets\images\val\img_000469.jpg,Yes,86.86,No,37.56,Good
D:\Guvi\Projects\major\number-plate-vehicle-detection\data\final_merged_datasets\images\val\img_000471.jpg,No,370.37,No,59.21,Good
D:\Guvi\Projects\major\number-plate-vehicle-detection\data\final_merged_datasets\images\val\img_000474.jpg,No,5453.74,No,66.60,Good
D:\Guvi\Projects\major\number-plate-vehicle-detection\data\final_merged_datasets\images\val\img_000479.jpg,No,404.13,No,73.90,Good
D:\Guvi\Projects\major\number-plate-vehicle-detection\data\final_merged_datasets\images\val\img_000484.jpg,No,6455.65,No,0.00,Unknown
D:\Guvi\Projects\major\number-plate-vehicle-detection\data\final_merged_datasets\images\val\img_000490.jpg,No,10481.96,No,0.00,Unknown
D:\Guvi\Projects\major\number-plate-vehicle-detection\data\final_merged_datasets\images\val\img_000493.jpg,No,6100.21,No,0.00,Unknown
D:\Guvi\Projects\major\number-plate-vehicle-detection\data\final_merged_datasets\images\val\img_000495.jpg,No,6746.40,No,71.72,Good
D:\Guvi\Projects\major\number-plate-vehicle-detection\data\final_merged_datasets\images\val\img_000510.jpg,No,2084.55,No,52.82,Good
D:\Guvi\Projects\major\number-plate-vehicle-detection\data\final_merged_datasets\images\val\img_000516.jpg,No,2590.61,No,57.72,Good
D:\Guvi\Projects\major\number-plate-vehicle-detection\data\final_merged_datasets\images\val\img_000526.jpg,No,982.62,No,38.51,Good
D:\Guvi\Projects\major\number-plate-vehicle-detection\data\final_merged_datasets\images\val\img_000527.jpg,No,3957.96,No,35.80,Good
D:\Guvi\Projects\major\number-plate-vehicle-detection\data\final_merged_datasets\images\val\img_000530.jpg,No,3785.36,No,47.41,Good
D:\Guvi\Projects\major\number-plate-vehicle-detection\data\final_merged_datasets\images\val\img_000533.jpg,No,3725.09,No,0.00,Unknown
D:\Guvi\Projects\major\number-plate-vehicle-detection\data\final_merged_datasets\images\val\img_000537.jpg,No,3016.85,No,44.13,Good
D:\Guvi\Projects\major\number-plate-vehicle-detection\data\final_merged_datasets\images\val\img_000539.jpg,No,3045.11,No,42.16,Good
D:\Guvi\Projects\major\number-plate-vehicle-detection\data\final_merged_datasets\images\val\img_000550.jpg,No,2852.24,No,47.91,Good
D:\Guvi\Projects\major\number-plate-vehicle-detection\data\final_merged_datasets\images\val\img_000552.jpg,No,555.39,No,33.17,Good
D:\Guvi\Projects\major\number-plate-vehicle-detection\data\final_merged_datasets\images\val\img_000563.jpg,No,3667.84,Yes,26.86,Good
D:\Guvi\Projects\major\number-plate-vehicle-detection\data\final_merged_datasets\images\val\img_000572.jpg,No,2323.80,No,0.00,Unknown
D:\Guvi\Projects\major\number-plate-vehicle-detection\data\final_merged_datasets\images\val\img_000573.jpg,No,1608.95,No,70.30,Good
D:\Guvi\Projects\major\number-plate-vehicle-detection\data\final_merged_datasets\images\val\img_000584.jpg,No,7803.90,No,48.40,Good
D:\Guvi\Projects\major\number-plate-vehicle-detection\data\final_merged_datasets\images\val\img_000598.jpg,No,472.56,No,53.86,Good
D:\Guvi\Projects\major\number-plate-vehicle-detection\data\final_merged_datasets\images\val\img_000606.jpg,No,863.48,Yes,27.45,Good
D:\Guvi\Projects\major\number-plate-vehicle-detection\data\final_merged_datasets\images\val\img_000610.jpg,No,858.01,No,41.73,Good
D:\Guvi\Projects\major\number-plate-vehicle-detection\data\final_merged_datasets\images\val\img_000614.jpg,No,819.45,No,36.35,Good
D:\Guvi\Projects\major\number-plate-vehicle-detection\data\final_merged_datasets\images\val\img_000620.jpg,No,848.42,No,36.65,Good
D:\Guvi\Projects\major\number-plate-vehicle-detection\data\final_merged_datasets\images\val\img_000621.jpg,No,814.20,Yes,28.39,Good
D:\Guvi\Projects\major\number-plate-vehicle-detection\data\final_merged_datasets\images\val\img_000623.jpg,No,815.26,No,35.53,Good
D:\Guvi\Projects\major\number-plate-vehicle-detection\data\final_merged_datasets\images\val\img_000627.jpg,No,805.58,No,40.30,Good
D:\Guvi\Projects\major\number-plate-vehicle-detection\data\final_merged_datasets\images\val\img_000634.jpg,No,855.41,No,41.42,Good
D:\Guvi\Projects\major\number-plate-vehicle-detection\data\final_merged_datasets\images\val\img_000636.jpg,No,847.11,No,39.24,Good
D:\Guvi\Projects\major\number-plate-vehicle-detection\data\final_merged_datasets\images\val\img_000637.jpg,No,834.71,No,38.70,Good
D:\Guvi\Projects\major\number-plate-vehicle-detection\data\final_merged_datasets\images\val\img_000645.jpg,No,822.78,No,41.78,Good
D:\Guvi\Projects\major\number-plate-vehicle-detection\data\final_merged_datasets\images\val\img_000657.jpg,No,237.16,Yes,25.10,Good
D:\Guvi\Projects\major\number-plate-vehicle-detection\data\final_merged_datasets\images\val\img_000664.jpg,No,243.19,Yes,14.81,Good
D:\Guvi\Projects\major\number-plate-vehicle-detection\data\final_merged_datasets\images\val\img_000678.jpg,No,834.27,No,52.57,Good
D:\Guvi\Projects\major\number-plate-vehicle-detection\data\final_merged_datasets\images\val\img_000680.jpg,No,796.26,No,47.43,Too Bright
D:\Guvi\Projects\major\number-plate-vehicle-detection\data\final_merged_datasets\images\val\img_000681.jpg,No,795.08,No,50.37,Too Bright
D:\Guvi\Projects\major\number-plate-vehicle-detection\data\final_merged_datasets\images\val\img_000683.jpg,No,799.70,No,34.23,Too Bright
D:\Guvi\Projects\major\number-plate-vehicle-detection\data\final_merged_datasets\images\val\img_000685.jpg,No,797.39,No,46.89,Too Bright
D:\Guvi\Projects\major\number-plate-vehicle-detection\data\final_merged_datasets\images\val\img_000691.jpg,No,777.09,No,41.96,Good
D:\Guvi\Projects\major\number-plate-vehicle-detection\data\final_merged_datasets\images\val\img_000693.jpg,No,752.42,No,47.76,Good
D:\Guvi\Projects\major\number-plate-vehicle-detection\data\final_merged_datasets\images\val\img_000702.jpg,No,777.66,No,48.96,Good
D:\Guvi\Projects\major\number-plate-vehicle-detection\data\final_merged_datasets\images\val\img_000706.jpg,No,750.45,No,55.92,Good
D:\Guvi\Projects\major\number-plate-vehicle-detection\data\final_merged_datasets\images\val\img_000709.jpg,No,625.09,No,42.32,Good
D:\Guvi\Projects\major\number-plate-vehicle-detection\data\final_merged_datasets\images\val\img_000710.jpg,No,668.04,No,39.20,Good
D:\Guvi\Projects\major\number-plate-vehicle-detection\data\final_merged_datasets\images\val\img_000712.jpg,No,822.59,No,54.01,Good
D:\Guvi\Projects\major\number-plate-vehicle-detection\data\final_merged_datasets\images\val\img_000714.jpg,No,786.72,No,39.22,Too Bright
D:\Guvi\Projects\major\number-plate-vehicle-detection\data\final_merged_datasets\images\val\img_000718.jpg,No,788.87,No,51.11,Good
D:\Guvi\Projects\major\number-plate-vehicle-detection\data\final_merged_datasets\images\val\img_000721.jpg,No,648.09,Yes,18.24,Good
D:\Guvi\Projects\major\number-plate-vehicle-detection\data\final_merged_datasets\images\val\img_000723.jpg,No,690.99,Yes,21.27,Good
D:\Guvi\Projects\major\number-plate-vehicle-detection\data\final_merged_datasets\images\val\img_000724.jpg,No,657.56,Yes,20.80,Good
D:\Guvi\Projects\major\number-plate-vehicle-detection\data\final_merged_datasets\images\val\img_000738.jpg,No,638.98,Yes,29.63,Good
D:\Guvi\Projects\major\number-plate-vehicle-detection\data\final_merged_datasets\images\val\img_000739.jpg,No,627.59,Yes,21.27,Good
D:\Guvi\Projects\major\number-plate-vehicle-detection\data\final_merged_datasets\images\val\img_000756.jpg,No,656.19,Yes,15.77,Good
D:\Guvi\Projects\major\number-plate-vehicle-detection\data\final_merged_datasets\images\val\img_000759.jpg,No,655.63,Yes,21.89,Good
D:\Guvi\Projects\major\number-plate-vehicle-detection\data\final_merged_datasets\images\val\img_000764.jpg,No,154.70,Yes,25.84,Good
D:\Guvi\Projects\major\number-plate-vehicle-detection\data\final_merged_datasets\images\val\img_000770.jpg,No,140.40,Yes,26.63,Good
D:\Guvi\Projects\major\number-plate-vehicle-detection\data\final_merged_datasets\images\val\img_000774.jpg,No,139.42,Yes,29.86,Good
D:\Guvi\Projects\major\number-plate-vehicle-detection\data\final_merged_datasets\images\val\img_000779.jpg,No,182.06,No,33.04,Good
D:\Guvi\Projects\major\number-plate-vehicle-detection\data\final_merged_datasets\images\val\img_000792.jpg,No,128.35,No,38.10,Good
D:\Guvi\Projects\major\number-plate-vehicle-detection\data\final_merged_datasets\images\val\img_000793.jpg,No,123.67,No,38.85,Good
D:\Guvi\Projects\major\number-plate-vehicle-detection\data\final_merged_datasets\images\val\img_000794.jpg,No,193.48,Yes,29.58,Good
D:\Guvi\Projects\major\number-plate-vehicle-detection\data\final_merged_datasets\images\val\img_000798.jpg,No,142.10,Yes,26.40,Good
D:\Guvi\Projects\major\number-plate-vehicle-detection\data\final_merged_datasets\images\val\img_000802.jpg,No,563.68,No,60.49,Good
D:\Guvi\Projects\major\number-plate-vehicle-detection\data\final_merged_datasets\images\val\img_000803.jpg,No,555.21,Yes,25.37,Good
D:\Guvi\Projects\major\number-plate-vehicle-detection\data\final_merged_datasets\images\val\img_000809.jpg,No,559.07,No,37.15,Good
D:\Guvi\Projects\major\number-plate-vehicle-detection\data\final_merged_datasets\images\val\img_000811.jpg,No,534.20,No,34.83,Good
D:\Guvi\Projects\major\number-plate-vehicle-detection\data\final_merged_datasets\images\val\img_000813.jpg,No,573.58,No,77.58,Good
D:\Guvi\Projects\major\number-plate-vehicle-detection\data\final_merged_datasets\images\val\img_000816.jpg,No,524.74,No,40.07,Good
D:\Guvi\Projects\major\number-plate-vehicle-detection\data\final_merged_datasets\images\val\img_000820.jpg,No,523.71,No,42.22,Good
D:\Guvi\Projects\major\number-plate-vehicle-detection\data\final_merged_datasets\images\val\img_000823.jpg,No,521.72,No,43.70,Good
D:\Guvi\Projects\major\number-plate-vehicle-detection\data\final_merged_datasets\images\val\img_000834.jpg,No,1068.15,Yes,21.29,Good
D:\Guvi\Projects\major\number-plate-vehicle-detection\data\final_merged_datasets\images\val\img_000837.jpg,No,1034.29,Yes,20.72,Good
D:\Guvi\Projects\major\number-plate-vehicle-detection\data\final_merged_datasets\images\val\img_000840.jpg,No,1068.42,Yes,29.30,Good
D:\Guvi\Projects\major\number-plate-vehicle-detection\data\final_merged_datasets\images\val\img_000845.jpg,No,1090.97,No,30.36,Good
D:\Guvi\Projects\major\number-plate-vehicle-detection\data\final_merged_datasets\images\val\img_000846.jpg,No,1082.30,No,32.70,Good
D:\Guvi\Projects\major\number-plate-vehicle-detection\data\final_merged_datasets\images\val\img_000861.jpg,No,1152.38,No,54.69,Good
D:\Guvi\Projects\major\number-plate-vehicle-detection\data\final_merged_datasets\images\val\img_000863.jpg,No,1131.06,No,59.29,Good
D:\Guvi\Projects\major\number-plate-vehicle-detection\data\final_merged_datasets\images\val\img_000866.jpg,No,1075.08,No,0.00,Unknown
D:\Guvi\Projects\major\number-plate-vehicle-detection\data\final_merged_datasets\images\val\img_000870.jpg,No,1053.26,No,0.00,Unknown
D:\Guvi\Projects\major\number-plate-vehicle-detection\data\final_merged_datasets\images\val\img_000877.jpg,No,595.59,Yes,25.75,Too Dark
D:\Guvi\Projects\major\number-plate-vehicle-detection\data\final_merged_datasets\images\val\img_000880.jpg,No,620.38,Yes,16.03,Good
D:\Guvi\Projects\major\number-plate-vehicle-detection\data\final_merged_datasets\images\val\img_000883.jpg,No,668.33,No,31.71,Good
D:\Guvi\Projects\major\number-plate-vehicle-detection\data\final_merged_datasets\images\val\img_000898.jpg,No,659.95,Yes,20.31,Too Dark
D:\Guvi\Projects\major\number-plate-vehicle-detection\data\final_merged_datasets\images\val\img_000912.jpg,No,802.19,No,40.19,Good
D:\Guvi\Projects\major\number-plate-vehicle-detection\data\final_merged_datasets\images\val\img_000918.jpg,No,799.72,No,37.61,Good
D:\Guvi\Projects\major\number-plate-vehicle-detection\data\final_merged_datasets\images\val\img_000930.jpg,No,825.11,No,40.48,Good
D:\Guvi\Projects\major\number-plate-vehicle-detection\data\final_merged_datasets\images\val\img_000934.jpg,No,772.93,No,41.72,Good
D:\Guvi\Projects\major\number-plate-vehicle-detection\data\final_merged_datasets\images\val\img_001669.jpg,No,601.58,No,67.18,Good
D:\Guvi\Projects\major\number-plate-vehicle-detection\data\final_merged_datasets\images\val\img_001675.jpg,No,556.28,No,87.53,Good
D:\Guvi\Projects\major\number-plate-vehicle-detection\data\final_merged_datasets\images\val\img_001682.jpg,No,115.01,No,79.38,Good
D:\Guvi\Projects\major\number-plate-vehicle-detection\data\final_merged_datasets\images\val\img_001684.jpg,No,230.01,No,90.62,Good
D:\Guvi\Projects\major\number-plate-vehicle-detection\data\final_merged_datasets\images\val\img_001686.jpg,No,108.37,No,77.84,Good
D:\Guvi\Projects\major\number-plate-vehicle-detection\data\final_merged_datasets\images\val\img_001688.jpg,Yes,40.01,No,50.91,Good
D:\Guvi\Projects\major\number-plate-vehicle-detection\data\final_merged_datasets\images\val\img_001705.jpg,No,129.04,No,72.23,Good
D:\Guvi\Projects\major\number-plate-vehicle-detection\data\final_merged_datasets\images\val\img_001706.jpg,No,148.78,No,64.25,Good
D:\Guvi\Projects\major\number-plate-vehicle-detection\data\final_merged_datasets\images\val\img_001707.jpg,No,2365.65,No,85.62,Good
D:\Guvi\Projects\major\number-plate-vehicle-detection\data\final_merged_datasets\images\val\img_001715.jpg,No,635.07,No,84.57,Good
D:\Guvi\Projects\major\number-plate-vehicle-detection\data\final_merged_datasets\images\val\img_001717.jpg,No,327.01,No,76.68,Too Bright
D:\Guvi\Projects\major\number-plate-vehicle-detection\data\final_merged_datasets\images\val\img_001734.jpg,No,1522.85,No,99.98,Good
D:\Guvi\Projects\major\number-plate-vehicle-detection\data\final_merged_datasets\images\val\img_001736.jpg,No,2766.75,No,91.78,Good
D:\Guvi\Projects\major\number-plate-vehicle-detection\data\final_merged_datasets\images\val\img_001737.jpg,No,1555.73,No,85.82,Good
D:\Guvi\Projects\major\number-plate-vehicle-detection\data\final_merged_datasets\images\val\img_001750.jpg,Yes,55.20,No,76.28,Good
D:\Guvi\Projects\major\number-plate-vehicle-detection\data\final_merged_datasets\images\val\img_001754.jpg,No,1252.27,No,88.18,Good
D:\Guvi\Projects\major\number-plate-vehicle-detection\data\final_merged_datasets\images\val\img_001760.jpg,No,287.75,No,65.30,Good
D:\Guvi\Projects\major\number-plate-vehicle-detection\data\final_merged_datasets\images\val\img_001762.jpg,No,137.32,No,73.84,Good
D:\Guvi\Projects\major\number-plate-vehicle-detection\data\final_merged_datasets\images\val\img_001763.jpg,No,344.33,No,73.12,Good
D:\Guvi\Projects\major\number-plate-vehicle-detection\data\final_merged_datasets\images\val\img_001764.jpg,No,239.87,No,74.98,Good
D:\Guvi\Projects\major\number-plate-vehicle-detection\data\final_merged_datasets\images\val\img_001766.jpg,No,1233.55,No,84.99,Good
D:\Guvi\Projects\major\number-plate-vehicle-detection\data\final_merged_datasets\images\val\img_001770.jpg,No,536.45,No,83.15,Good
D:\Guvi\Projects\major\number-plate-vehicle-detection\data\final_merged_datasets\images\val\img_001776.jpg,No,758.65,No,52.07,Good
D:\Guvi\Projects\major\number-plate-vehicle-detection\data\final_merged_datasets\images\test\img_000114.png,No,1267.69,No,54.19,Good
D:\Guvi\Projects\major\number-plate-vehicle-detection\data\final_merged_datasets\images\test\img_000134.png,No,1660.90,No,70.18,Good
D:\Guvi\Projects\major\number-plate-vehicle-detection\data\final_merged_datasets\images\test\img_000176.png,No,397.87,No,50.78,Good
D:\Guvi\Projects\major\number-plate-vehicle-detection\data\final_merged_datasets\images\test\img_000178.png,No,1298.70,No,58.44,Good
D:\Guvi\Projects\major\number-plate-vehicle-detection\data\final_merged_datasets\images\test\img_000946.png,No,598.52,No,55.81,Good
D:\Guvi\Projects\major\number-plate-vehicle-detection\data\final_merged_datasets\images\test\img_000957.png,No,800.29,No,74.20,Good
D:\Guvi\Projects\major\number-plate-vehicle-detection\data\final_merged_datasets\images\test\img_000965.png,No,240.31,No,0.00,Unknown
D:\Guvi\Projects\major\number-plate-vehicle-detection\data\final_merged_datasets\images\test\img_000966.png,No,221.64,No,0.00,Unknown
D:\Guvi\Projects\major\number-plate-vehicle-detection\data\final_merged_datasets\images\test\img_000972.png,No,202.82,No,0.00,Unknown
D:\Guvi\Projects\major\number-plate-vehicle-detection\data\final_merged_datasets\images\test\img_000976.png,No,203.85,Yes,26.66,Too Bright
D:\Guvi\Projects\major\number-plate-vehicle-detection\data\final_merged_datasets\images\test\img_000981.png,Yes,62.79,No,0.00,Unknown
D:\Guvi\Projects\major\number-plate-vehicle-detection\data\final_merged_datasets\images\test\img_000986.png,Yes,60.34,No,0.00,Unknown
D:\Guvi\Projects\major\number-plate-vehicle-detection\data\final_merged_datasets\images\test\img_001012.png,Yes,35.99,Yes,19.37,Good
D:\Guvi\Projects\major\number-plate-vehicle-detection\data\final_merged_datasets\images\test\img_001015.png,No,175.12,No,35.48,Too Bright
D:\Guvi\Projects\major\number-plate-vehicle-detection\data\final_merged_datasets\images\test\img_001029.png,No,963.08,No,64.26,Good
D:\Guvi\Projects\major\number-plate-vehicle-detection\data\final_merged_datasets\images\test\img_001047.png,No,965.07,No,43.69,Too Dark
D:\Guvi\Projects\major\number-plate-vehicle-detection\data\final_merged_datasets\images\test\img_001059.png,No,4560.44,No,37.17,Good
D:\Guvi\Projects\major\number-plate-vehicle-detection\data\final_merged_datasets\images\test\img_001073.png,No,3192.29,No,0.00,Unknown
D:\Guvi\Projects\major\number-plate-vehicle-detection\data\final_merged_datasets\images\test\img_001078.png,No,448.61,Yes,21.36,Too Dark
D:\Guvi\Projects\major\number-plate-vehicle-detection\data\final_merged_datasets\images\test\img_001090.png,Yes,74.68,No,50.55,Good
D:\Guvi\Projects\major\number-plate-vehicle-detection\data\final_merged_datasets\images\test\img_001093.png,No,1473.78,No,45.80,Good
D:\Guvi\Projects\major\number-plate-vehicle-detection\data\final_merged_datasets\images\test\img_001097.png,No,1236.23,No,57.96,Good
D:\Guvi\Projects\major\number-plate-vehicle-detection\data\final_merged_datasets\images\test\img_001104.png,No,1293.77,No,0.00,Unknown
D:\Guvi\Projects\major\number-plate-vehicle-detection\data\final_merged_datasets\images\test\img_001115.png,No,324.43,No,0.00,Unknown
D:\Guvi\Projects\major\number-plate-vehicle-detection\data\final_merged_datasets\images\test\img_001121.png,No,1288.75,No,76.60,Good
D:\Guvi\Projects\major\number-plate-vehicle-detection\data\final_merged_datasets\images\test\img_001137.png,No,1125.88,No,0.00,Unknown
D:\Guvi\Projects\major\number-plate-vehicle-detection\data\final_merged_datasets\images\test\img_001138.png,No,1081.95,No,40.36,Good
D:\Guvi\Projects\major\number-plate-vehicle-detection\data\final_merged_datasets\images\test\img_001204.png,No,1314.55,No,0.00,Unknown
D:\Guvi\Projects\major\number-plate-vehicle-detection\data\final_merged_datasets\images\test\img_001209.png,No,1517.08,No,34.30,Good
D:\Guvi\Projects\major\number-plate-vehicle-detection\data\final_merged_datasets\images\test\img_001217.png,No,1815.14,No,0.00,Unknown
D:\Guvi\Projects\major\number-plate-vehicle-detection\data\final_merged_datasets\images\test\img_001227.png,No,1810.91,No,0.00,Unknown
D:\Guvi\Projects\major\number-plate-vehicle-detection\data\final_merged_datasets\images\test\img_001237.png,No,1924.34,Yes,19.50,Good
D:\Guvi\Projects\major\number-plate-vehicle-detection\data\final_merged_datasets\images\test\img_001244.png,No,1292.13,No,0.00,Unknown
D:\Guvi\Projects\major\number-plate-vehicle-detection\data\final_merged_datasets\images\test\img_001254.png,No,472.56,No,53.86,Good
D:\Guvi\Projects\major\number-plate-vehicle-detection\data\final_merged_datasets\images\test\img_001257.png,No,566.19,No,76.90,Good
D:\Guvi\Projects\major\number-plate-vehicle-detection\data\final_merged_datasets\images\test\img_001267.png,No,1526.74,No,53.19,Good
D:\Guvi\Projects\major\number-plate-vehicle-detection\data\final_merged_datasets\images\test\img_001274.png,No,228.60,No,51.34,Good
D:\Guvi\Projects\major\number-plate-vehicle-detection\data\final_merged_datasets\images\test\img_001281.png,No,3211.21,No,68.41,Good
D:\Guvi\Projects\major\number-plate-vehicle-detection\data\final_merged_datasets\images\test\img_001288.png,No,2476.27,No,48.02,Good
D:\Guvi\Projects\major\number-plate-vehicle-detection\data\final_merged_datasets\images\test\img_001311.png,No,491.90,No,46.46,Good
D:\Guvi\Projects\major\number-plate-vehicle-detection\data\final_merged_datasets\images\test\img_001317.png,No,410.72,Yes,29.74,Good
D:\Guvi\Projects\major\number-plate-vehicle-detection\data\final_merged_datasets\images\test\img_001342.png,No,858.01,No,41.73,Good
D:\Guvi\Projects\major\number-plate-vehicle-detection\data\final_merged_datasets\images\test\img_001352.png,No,848.42,No,36.65,Good
D:\Guvi\Projects\major\number-plate-vehicle-detection\data\final_merged_datasets\images\test\img_001357.png,No,818.75,Yes,26.47,Good
D:\Guvi\Projects\major\number-plate-vehicle-detection\data\final_merged_datasets\images\test\img_001359.png,No,805.58,No,40.30,Good
D:\Guvi\Projects\major\number-plate-vehicle-detection\data\final_merged_datasets\images\test\img_001363.png,No,809.89,No,37.35,Good
D:\Guvi\Projects\major\number-plate-vehicle-detection\data\final_merged_datasets\images\test\img_001367.png,No,833.80,No,39.66,Good
D:\Guvi\Projects\major\number-plate-vehicle-detection\data\final_merged_datasets\images\test\img_001373.png,No,819.13,No,43.07,Good
D:\Guvi\Projects\major\number-plate-vehicle-detection\data\final_merged_datasets\images\test\img_001394.png,No,229.91,Yes,18.46,Good
D:\Guvi\Projects\major\number-plate-vehicle-detection\data\final_merged_datasets\images\test\img_001401.png,No,243.16,No,35.19,Good
D:\Guvi\Projects\major\number-plate-vehicle-detection\data\final_merged_datasets\images\test\img_001410.png,No,834.27,No,52.57,Good
D:\Guvi\Projects\major\number-plate-vehicle-detection\data\final_merged_datasets\images\test\img_001437.png,No,741.45,No,54.60,Good
D:\Guvi\Projects\major\number-plate-vehicle-detection\data\final_merged_datasets\images\test\img_001448.png,No,791.80,No,48.83,Good
D:\Guvi\Projects\major\number-plate-vehicle-detection\data\final_merged_datasets\images\test\img_001460.png,No,632.83,No,36.87,Too Dark
D:\Guvi\Projects\major\number-plate-vehicle-detection\data\final_merged_datasets\images\test\img_001471.png,No,627.59,Yes,21.27,Good
D:\Guvi\Projects\major\number-plate-vehicle-detection\data\final_merged_datasets\images\test\img_001472.png,No,672.13,Yes,21.21,Good
D:\Guvi\Projects\major\number-plate-vehicle-detection\data\final_merged_datasets\images\test\img_001476.png,No,633.55,No,34.86,Good
D:\Guvi\Projects\major\number-plate-vehicle-detection\data\final_merged_datasets\images\test\img_001477.png,No,657.04,Yes,28.87,Good
D:\Guvi\Projects\major\number-plate-vehicle-detection\data\final_merged_datasets\images\test\img_001488.png,No,656.19,Yes,15.77,Good
D:\Guvi\Projects\major\number-plate-vehicle-detection\data\final_merged_datasets\images\test\img_001491.png,No,655.63,Yes,21.89,Good
D:\Guvi\Projects\major\number-plate-vehicle-detection\data\final_merged_datasets\images\test\img_001497.png,No,135.02,No,31.00,Good
D:\Guvi\Projects\major\number-plate-vehicle-detection\data\final_merged_datasets\images\test\img_001504.png,No,206.33,Yes,27.24,Good
D:\Guvi\Projects\major\number-plate-vehicle-detection\data\final_merged_datasets\images\test\img_001511.png,No,182.06,No,33.04,Good
D:\Guvi\Projects\major\number-plate-vehicle-detection\data\final_merged_datasets\images\test\img_001512.png,No,181.62,No,30.89,Good
D:\Guvi\Projects\major\number-plate-vehicle-detection\data\final_merged_datasets\images\test\img_001514.png,No,174.73,No,30.79,Good
D:\Guvi\Projects\major\number-plate-vehicle-detection\data\final_merged_datasets\images\test\img_001518.png,No,189.81,No,30.91,Good
D:\Guvi\Projects\major\number-plate-vehicle-detection\data\final_merged_datasets\images\test\img_001540.png,No,536.37,No,34.63,Good
D:\Guvi\Projects\major\number-plate-vehicle-detection\data\final_merged_datasets\images\test\img_001543.png,No,534.20,No,34.83,Good
D:\Guvi\Projects\major\number-plate-vehicle-detection\data\final_merged_datasets\images\test\img_001553.png,No,515.66,No,39.53,Good
D:\Guvi\Projects\major\number-plate-vehicle-detection\data\final_merged_datasets\images\test\img_001556.png,No,562.85,No,41.12,Good
D:\Guvi\Projects\major\number-plate-vehicle-detection\data\final_merged_datasets\images\test\img_001562.png,No,587.92,No,70.71,Good
D:\Guvi\Projects\major\number-plate-vehicle-detection\data\final_merged_datasets\images\test\img_001571.png,No,1029.73,No,30.78,Good
D:\Guvi\Projects\major\number-plate-vehicle-detection\data\final_merged_datasets\images\test\img_001574.png,No,1039.16,No,34.11,Good
D:\Guvi\Projects\major\number-plate-vehicle-detection\data\final_merged_datasets\images\test\img_001575.png,No,1021.76,Yes,23.75,Good
D:\Guvi\Projects\major\number-plate-vehicle-detection\data\final_merged_datasets\images\test\img_001587.png,No,1065.46,No,0.00,Unknown
D:\Guvi\Projects\major\number-plate-vehicle-detection\data\final_merged_datasets\images\test\img_001608.png,No,540.71,Yes,16.90,Good
D:\Guvi\Projects\major\number-plate-vehicle-detection\data\final_merged_datasets\images\test\img_001621.png,No,639.74,No,38.38,Good
D:\Guvi\Projects\major\number-plate-vehicle-detection\data\final_merged_datasets\images\test\img_001642.png,No,775.56,No,40.99,Good
D:\Guvi\Projects\major\number-plate-vehicle-detection\data\final_merged_datasets\images\test\img_001656.png,No,804.32,No,37.24,Good
D:\Guvi\Projects\major\number-plate-vehicle-detection\data\final_merged_datasets\images\test\img_001660.png,No,796.18,No,39.86,Good
D:\Guvi\Projects\major\number-plate-vehicle-detection\data\final_merged_datasets\images\train\img_000091.png,No,552.50,No,55.53,Good
D:\Guvi\Projects\major\number-plate-vehicle-detection\data\final_merged_datasets\images\train\img_000092.png,No,880.74,No,0.00,Unknown
D:\Guvi\Projects\major\number-plate-vehicle-detection\data\final_merged_datasets\images\train\img_000093.png,No,250.78,No,71.40,Good
D:\Guvi\Projects\major\number-plate-vehicle-detection\data\final_merged_datasets\images\train\img_000094.png,No,618.44,No,46.37,Good
D:\Guvi\Projects\major\number-plate-vehicle-detection\data\final_merged_datasets\images\train\img_000095.png,No,1321.28,No,53.16,Good
D:\Guvi\Projects\major\number-plate-vehicle-detection\data\final_merged_datasets\images\train\img_000097.png,No,891.85,No,32.27,Good
D:\Guvi\Projects\major\number-plate-vehicle-detection\data\final_merged_datasets\images\train\img_000098.png,No,575.17,No,31.37,Good
D:\Guvi\Projects\major\number-plate-vehicle-detection\data\final_merged_datasets\images\train\img_000099.png,No,382.79,No,49.45,Good
D:\Guvi\Projects\major\number-plate-vehicle-detection\data\final_merged_datasets\images\train\img_000100.png,No,1540.13,No,55.42,Good
D:\Guvi\Projects\major\number-plate-vehicle-detection\data\final_merged_datasets\images\train\img_000101.png,No,712.92,No,52.22,Good
D:\Guvi\Projects\major\number-plate-vehicle-detection\data\final_merged_datasets\images\train\img_000102.png,No,719.18,No,48.38,Good
D:\Guvi\Projects\major\number-plate-vehicle-detection\data\final_merged_datasets\images\train\img_000103.png,No,1110.35,No,0.00,Unknown
D:\Guvi\Projects\major\number-plate-vehicle-detection\data\final_merged_datasets\images\train\img_000104.png,No,1255.88,No,60.86,Good
D:\Guvi\Projects\major\number-plate-vehicle-detection\data\final_merged_datasets\images\train\img_000105.png,No,101.84,No,50.32,Good
D:\Guvi\Projects\major\number-plate-vehicle-detection\data\final_merged_datasets\images\train\img_000106.png,No,1008.27,No,33.20,Good
D:\Guvi\Projects\major\number-plate-vehicle-detection\data\final_merged_datasets\images\train\img_000107.png,No,711.56,No,40.37,Good
D:\Guvi\Projects\major\number-plate-vehicle-detection\data\final_merged_datasets\images\train\img_000108.png,No,1654.92,No,58.74,Good
D:\Guvi\Projects\major\number-plate-vehicle-detection\data\final_merged_datasets\images\train\img_000110.png,No,1303.61,No,66.96,Too Dark
D:\Guvi\Projects\major\number-plate-vehicle-detection\data\final_merged_datasets\images\train\img_000112.png,No,1758.68,No,53.96,Good
D:\Guvi\Projects\major\number-plate-vehicle-detection\data\final_merged_datasets\images\train\img_000113.png,No,508.75,No,31.96,Good
D:\Guvi\Projects\major\number-plate-vehicle-detection\data\final_merged_datasets\images\train\img_000115.png,No,1163.47,Yes,28.55,Good
D:\Guvi\Projects\major\number-plate-vehicle-detection\data\final_merged_datasets\images\train\img_000117.png,No,466.96,No,38.99,Good
D:\Guvi\Projects\major\number-plate-vehicle-detection\data\final_merged_datasets\images\train\img_000118.png,No,1547.84,No,55.14,Good
D:\Guvi\Projects\major\number-plate-vehicle-detection\data\final_merged_datasets\images\train\img_000119.png,No,854.99,No,51.73,Good
D:\Guvi\Projects\major\number-plate-vehicle-detection\data\final_merged_datasets\images\train\img_000121.png,No,1230.88,No,53.60,Good
D:\Guvi\Projects\major\number-plate-vehicle-detection\data\final_merged_datasets\images\train\img_000122.png,No,810.50,No,59.62,Good
D:\Guvi\Projects\major\number-plate-vehicle-detection\data\final_merged_datasets\images\train\img_000123.png,No,1518.44,No,83.49,Good
D:\Guvi\Projects\major\number-plate-vehicle-detection\data\final_merged_datasets\images\train\img_000124.png,No,826.20,No,57.64,Good
D:\Guvi\Projects\major\number-plate-vehicle-detection\data\final_merged_datasets\images\train\img_000126.png,No,7285.09,No,95.37,Good
D:\Guvi\Projects\major\number-plate-vehicle-detection\data\final_merged_datasets\images\train\img_000127.png,No,2207.96,No,54.26,Good
D:\Guvi\Projects\major\number-plate-vehicle-detection\data\final_merged_datasets\images\train\img_000130.png,No,1853.46,No,48.34,Good
D:\Guvi\Projects\major\number-plate-vehicle-detection\data\final_merged_datasets\images\train\img_000131.png,No,703.37,No,57.04,Good
D:\Guvi\Projects\major\number-plate-vehicle-detection\data\final_merged_datasets\images\train\img_000132.png,No,972.40,No,65.42,Good
D:\Guvi\Projects\major\number-plate-vehicle-detection\data\final_merged_datasets\images\train\img_000133.png,No,1891.48,No,86.35,Good
D:\Guvi\Projects\major\number-plate-vehicle-detection\data\final_merged_datasets\images\train\img_000135.png,No,497.82,No,42.71,Good
D:\Guvi\Projects\major\number-plate-vehicle-detection\data\final_merged_datasets\images\train\img_000138.png,No,556.14,No,41.98,Good
D:\Guvi\Projects\major\number-plate-vehicle-detection\data\final_merged_datasets\images\train\img_000140.png,No,1460.22,Yes,29.31,Good
D:\Guvi\Projects\major\number-plate-vehicle-detection\data\final_merged_datasets\images\train\img_000141.png,No,755.02,No,43.40,Good
D:\Guvi\Projects\major\number-plate-vehicle-detection\data\final_merged_datasets\images\train\img_000142.png,No,709.39,No,52.05,Good
D:\Guvi\Projects\major\number-plate-vehicle-detection\data\final_merged_datasets\images\train\img_000144.png,No,914.55,No,56.72,Good
D:\Guvi\Projects\major\number-plate-vehicle-detection\data\final_merged_datasets\images\train\img_000146.png,No,433.57,No,64.88,Good
D:\Guvi\Projects\major\number-plate-vehicle-detection\data\final_merged_datasets\images\train\img_000147.png,No,507.23,No,63.17,Good
D:\Guvi\Projects\major\number-plate-vehicle-detection\data\final_merged_datasets\images\train\img_000149.png,No,251.29,No,57.28,Good
D:\Guvi\Projects\major\number-plate-vehicle-detection\data\final_merged_datasets\images\train\img_000150.png,No,1918.77,No,68.74,Good
D:\Guvi\Projects\major\number-plate-vehicle-detection\data\final_merged_datasets\images\train\img_000151.png,No,445.67,No,62.38,Good
D:\Guvi\Projects\major\number-plate-vehicle-detection\data\final_merged_datasets\images\train\img_000152.png,No,686.99,No,104.73,Good
D:\Guvi\Projects\major\number-plate-vehicle-detection\data\final_merged_datasets\images\train\img_000153.png,No,614.48,No,63.69,Good
D:\Guvi\Projects\major\number-plate-vehicle-detection\data\final_merged_datasets\images\train\img_000155.png,No,5713.46,No,50.22,Good
D:\Guvi\Projects\major\number-plate-vehicle-detection\data\final_merged_datasets\images\train\img_000156.png,No,561.65,No,44.28,Good
D:\Guvi\Projects\major\number-plate-vehicle-detection\data\final_merged_datasets\images\train\img_000157.png,No,2232.55,No,70.66,Good
D:\Guvi\Projects\major\number-plate-vehicle-detection\data\final_merged_datasets\images\train\img_000158.png,No,468.91,No,62.26,Good
D:\Guvi\Projects\major\number-plate-vehicle-detection\data\final_merged_datasets\images\train\img_000159.png,No,630.70,No,37.36,Good
D:\Guvi\Projects\major\number-plate-vehicle-detection\data\final_merged_datasets\images\train\img_000160.png,No,2087.81,No,68.50,Good
D:\Guvi\Projects\major\number-plate-vehicle-detection\data\final_merged_datasets\images\train\img_000163.png,No,1748.06,No,75.08,Good
D:\Guvi\Projects\major\number-plate-vehicle-detection\data\final_merged_datasets\images\train\img_000164.png,No,4628.18,No,67.82,Good
D:\Guvi\Projects\major\number-plate-vehicle-detection\data\final_merged_datasets\images\train\img_000165.png,No,3618.66,No,64.90,Good
D:\Guvi\Projects\major\number-plate-vehicle-detection\data\final_merged_datasets\images\train\img_000167.png,No,549.98,No,80.63,Good
D:\Guvi\Projects\major\number-plate-vehicle-detection\data\final_merged_datasets\images\train\img_000169.png,No,1088.54,No,50.00,Good
D:\Guvi\Projects\major\number-plate-vehicle-detection\data\final_merged_datasets\images\train\img_000170.png,No,434.29,No,0.00,Unknown
D:\Guvi\Projects\major\number-plate-vehicle-detection\data\final_merged_datasets\images\train\img_000171.png,No,490.06,No,70.45,Good
D:\Guvi\Projects\major\number-plate-vehicle-detection\data\final_merged_datasets\images\train\img_000172.png,No,807.04,No,59.67,Good
D:\Guvi\Projects\major\number-plate-vehicle-detection\data\final_merged_datasets\images\train\img_000173.png,No,792.47,No,77.34,Good
D:\Guvi\Projects\major\number-plate-vehicle-detection\data\final_merged_datasets\images\train\img_000174.png,No,700.39,No,41.15,Good
D:\Guvi\Projects\major\number-plate-vehicle-detection\data\final_merged_datasets\images\train\img_000175.png,No,117.14,No,0.00,Unknown
D:\Guvi\Projects\major\number-plate-vehicle-detection\data\final_merged_datasets\images\train\img_000179.png,No,1382.05,No,69.71,Good
D:\Guvi\Projects\major\number-plate-vehicle-detection\data\final_merged_datasets\images\train\img_000936.png,No,687.32,No,72.27,Good
D:\Guvi\Projects\major\number-plate-vehicle-detection\data\final_merged_datasets\images\train\img_000937.png,No,702.61,No,65.53,Good
D:\Guvi\Projects\major\number-plate-vehicle-detection\data\final_merged_datasets\images\train\img_000939.png,No,861.82,No,74.45,Good
D:\Guvi\Projects\major\number-plate-vehicle-detection\data\final_merged_datasets\images\train\img_000940.png,No,5535.96,No,0.00,Unknown
D:\Guvi\Projects\major\number-plate-vehicle-detection\data\final_merged_datasets\images\train\img_000941.png,No,762.92,No,67.86,Good
D:\Guvi\Projects\major\number-plate-vehicle-detection\data\final_merged_datasets\images\train\img_000942.png,No,747.34,No,70.34,Good
D:\Guvi\Projects\major\number-plate-vehicle-detection\data\final_merged_datasets\images\train\img_000943.png,No,733.11,No,78.09,Good
D:\Guvi\Projects\major\number-plate-vehicle-detection\data\final_merged_datasets\images\train\img_000944.png,No,616.08,No,72.78,Good
D:\Guvi\Projects\major\number-plate-vehicle-detection\data\final_merged_datasets\images\train\img_000947.png,No,733.68,No,59.63,Good
D:\Guvi\Projects\major\number-plate-vehicle-detection\data\final_merged_datasets\images\train\img_000949.png,No,784.49,No,82.98,Good
D:\Guvi\Projects\major\number-plate-vehicle-detection\data\final_merged_datasets\images\train\img_000950.png,No,784.93,No,79.68,Good
D:\Guvi\Projects\major\number-plate-vehicle-detection\data\final_merged_datasets\images\train\img_000951.png,No,792.65,No,79.97,Good
D:\Guvi\Projects\major\number-plate-vehicle-detection\data\final_merged_datasets\images\train\img_000952.png,No,830.27,No,81.99,Good
D:\Guvi\Projects\major\number-plate-vehicle-detection\data\final_merged_datasets\images\train\img_000953.png,No,5672.36,No,48.04,Good
D:\Guvi\Projects\major\number-plate-vehicle-detection\data\final_merged_datasets\images\train\img_000955.png,No,818.92,No,73.28,Good
D:\Guvi\Projects\major\number-plate-vehicle-detection\data\final_merged_datasets\images\train\img_000958.png,No,865.61,No,67.00,Good
D:\Guvi\Projects\major\number-plate-vehicle-detection\data\final_merged_datasets\images\train\img_000959.png,No,846.68,No,62.24,Good
D:\Guvi\Projects\major\number-plate-vehicle-detection\data\final_merged_datasets\images\train\img_000960.png,No,835.96,No,43.15,Good
D:\Guvi\Projects\major\number-plate-vehicle-detection\data\final_merged_datasets\images\train\img_000961.png,No,917.03,No,75.68,Good
D:\Guvi\Projects\major\number-plate-vehicle-detection\data\final_merged_datasets\images\train\img_000962.png,No,1036.71,No,61.17,Good
D:\Guvi\Projects\major\number-plate-vehicle-detection\data\final_merged_datasets\images\train\img_000963.png,No,230.11,No,0.00,Unknown
D:\Guvi\Projects\major\number-plate-vehicle-detection\data\final_merged_datasets\images\train\img_000964.png,No,226.33,No,0.00,Unknown
D:\Guvi\Projects\major\number-plate-vehicle-detection\data\final_merged_datasets\images\train\img_000967.png,No,206.10,No,0.00,Unknown
D:\Guvi\Projects\major\number-plate-vehicle-detection\data\final_merged_datasets\images\train\img_000968.png,No,220.98,No,0.00,Unknown
D:\Guvi\Projects\major\number-plate-vehicle-detection\data\final_merged_datasets\images\train\img_000969.png,No,220.49,No,0.00,Unknown
D:\Guvi\Projects\major\number-plate-vehicle-detection\data\final_merged_datasets\images\train\img_000970.png,No,5063.52,No,0.00,Unknown
D:\Guvi\Projects\major\number-plate-vehicle-detection\data\final_merged_datasets\images\train\img_000971.png,No,234.25,No,0.00,Unknown
D:\Guvi\Projects\major\number-plate-vehicle-detection\data\final_merged_datasets\images\train\img_000973.png,No,138.79,No,0.00,Unknown
D:\Guvi\Projects\major\number-plate-vehicle-detection\data\final_merged_datasets\images\train\img_000974.png,No,225.48,Yes,20.73,Too Bright
D:\Guvi\Projects\major\number-plate-vehicle-detection\data\final_merged_datasets\images\train\img_000977.png,No,207.83,Yes,26.82,Good
D:\Guvi\Projects\major\number-plate-vehicle-detection\data\final_merged_datasets\images\train\img_000978.png,No,209.97,Yes,22.00,Good
D:\Guvi\Projects\major\number-plate-vehicle-detection\data\final_merged_datasets\images\train\img_000979.png,Yes,62.70,No,0.00,Unknown
D:\Guvi\Projects\major\number-plate-vehicle-detection\data\final_merged_datasets\images\train\img_000980.png,Yes,57.93,No,0.00,Unknown
D:\Guvi\Projects\major\number-plate-vehicle-detection\data\final_merged_datasets\images\train\img_000982.png,Yes,60.30,No,0.00,Unknown
D:\Guvi\Projects\major\number-plate-vehicle-detection\data\final_merged_datasets\images\train\img_000983.png,Yes,64.17,No,0.00,Unknown
D:\Guvi\Projects\major\number-plate-vehicle-detection\data\final_merged_datasets\images\train\img_000984.png,Yes,65.08,No,0.00,Unknown
D:\Guvi\Projects\major\number-plate-vehicle-detection\data\final_merged_datasets\images\train\img_000988.png,Yes,67.43,No,0.00,Unknown
D:\Guvi\Projects\major\number-plate-vehicle-detection\data\final_merged_datasets\images\train\img_000989.png,No,5745.05,No,56.45,Good
D:\Guvi\Projects\major\number-plate-vehicle-detection\data\final_merged_datasets\images\train\img_000990.png,Yes,65.67,No,0.00,Unknown
D:\Guvi\Projects\major\number-plate-vehicle-detection\data\final_merged_datasets\images\train\img_000991.png,Yes,66.01,No,0.00,Unknown
D:\Guvi\Projects\major\number-plate-vehicle-detection\data\final_merged_datasets\images\train\img_000992.png,Yes,50.88,No,0.00,Unknown
D:\Guvi\Projects\major\number-plate-vehicle-detection\data\final_merged_datasets\images\train\img_000993.png,Yes,44.85,No,30.58,Good
D:\Guvi\Projects\major\number-plate-vehicle-detection\data\final_merged_datasets\images\train\img_000994.png,Yes,45.82,No,33.86,Good
D:\Guvi\Projects\major\number-plate-vehicle-detection\data\final_merged_datasets\images\train\img_000995.png,Yes,39.44,No,38.91,Good
D:\Guvi\Projects\major\number-plate-vehicle-detection\data\final_merged_datasets\images\train\img_000996.png,Yes,41.20,No,42.25,Good
D:\Guvi\Projects\major\number-plate-vehicle-detection\data\final_merged_datasets\images\train\img_000997.png,Yes,42.66,No,41.59,Good
D:\Guvi\Projects\major\number-plate-vehicle-detection\data\final_merged_datasets\images\train\img_000998.png,Yes,42.16,No,35.79,Good
D:\Guvi\Projects\major\number-plate-vehicle-detection\data\final_merged_datasets\images\train\img_000999.png,Yes,43.24,No,34.27,Good
D:\Guvi\Projects\major\number-plate-vehicle-detection\data\final_merged_datasets\images\train\img_001000.png,Yes,42.32,No,39.38,Good
D:\Guvi\Projects\major\number-plate-vehicle-detection\data\final_merged_datasets\images\train\img_001001.png,Yes,32.73,No,43.44,Good
D:\Guvi\Projects\major\number-plate-vehicle-detection\data\final_merged_datasets\images\train\img_001002.png,Yes,37.85,No,34.71,Good
D:\Guvi\Projects\major\number-plate-vehicle-detection\data\final_merged_datasets\images\train\img_001005.png,Yes,40.45,Yes,27.66,Good
D:\Guvi\Projects\major\number-plate-vehicle-detection\data\final_merged_datasets\images\train\img_001006.png,No,2218.04,No,0.00,Unknown
D:\Guvi\Projects\major\number-plate-vehicle-detection\data\final_merged_datasets\images\train\img_001007.png,Yes,40.34,Yes,26.29,Good
D:\Guvi\Projects\major\number-plate-vehicle-detection\data\final_merged_datasets\images\train\img_001008.png,Yes,39.99,Yes,26.15,Good
D:\Guvi\Projects\major\number-plate-vehicle-detection\data\final_merged_datasets\images\train\img_001009.png,Yes,37.38,No,31.25,Good
D:\Guvi\Projects\major\number-plate-vehicle-detection\data\final_merged_datasets\images\train\img_001013.png,Yes,23.42,No,33.53,Good
D:\Guvi\Projects\major\number-plate-vehicle-detection\data\final_merged_datasets\images\train\img_001014.png,Yes,51.16,No,0.00,Unknown
D:\Guvi\Projects\major\number-plate-vehicle-detection\data\final_merged_datasets\images\train\img_001016.png,No,232.17,No,0.00,Unknown
D:\Guvi\Projects\major\number-plate-vehicle-detection\data\final_merged_datasets\images\train\img_001017.png,No,381.57,No,0.00,Unknown
D:\Guvi\Projects\major\number-plate-vehicle-detection\data\final_merged_datasets\images\train\img_001018.png,No,383.79,No,48.36,Good
D:\Guvi\Projects\major\number-plate-vehicle-detection\data\final_merged_datasets\images\train\img_001019.png,No,430.52,No,70.41,Good
D:\Guvi\Projects\major\number-plate-vehicle-detection\data\final_merged_datasets\images\train\img_001020.png,No,417.70,No,56.64,Good
D:\Guvi\Projects\major\number-plate-vehicle-detection\data\final_merged_datasets\images\train\img_001021.png,No,354.33,No,56.14,Good
D:\Guvi\Projects\major\number-plate-vehicle-detection\data\final_merged_datasets\images\train\img_001022.png,No,310.20,No,71.74,Good
D:\Guvi\Projects\major\number-plate-vehicle-detection\data\final_merged_datasets\images\train\img_001025.png,No,998.26,No,57.19,Good
D:\Guvi\Projects\major\number-plate-vehicle-detection\data\final_merged_datasets\images\train\img_001026.png,No,876.41,No,0.00,Unknown
D:\Guvi\Projects\major\number-plate-vehicle-detection\data\final_merged_datasets\images\train\img_001028.png,No,875.45,No,65.70,Good
D:\Guvi\Projects\major\number-plate-vehicle-detection\data\final_merged_datasets\images\train\img_001030.png,No,673.99,Yes,5.74,Too Dark
D:\Guvi\Projects\major\number-plate-vehicle-detection\data\final_merged_datasets\images\train\img_001031.png,No,914.41,No,61.83,Good
D:\Guvi\Projects\major\number-plate-vehicle-detection\data\final_merged_datasets\images\train\img_001032.png,No,975.72,No,49.73,Too Dark
D:\Guvi\Projects\major\number-plate-vehicle-detection\data\final_merged_datasets\images\train\img_001033.png,No,917.12,No,61.40,Good
D:\Guvi\Projects\major\number-plate-vehicle-detection\data\final_merged_datasets\images\train\img_001035.png,No,866.78,No,67.70,Good
D:\Guvi\Projects\major\number-plate-vehicle-detection\data\final_merged_datasets\images\train\img_001036.png,No,974.05,No,63.44,Good
D:\Guvi\Projects\major\number-plate-vehicle-detection\data\final_merged_datasets\images\train\img_001037.png,No,894.72,No,64.69,Good
D:\Guvi\Projects\major\number-plate-vehicle-detection\data\final_merged_datasets\images\train\img_001041.png,No,896.13,No,64.39,Good
D:\Guvi\Projects\major\number-plate-vehicle-detection\data\final_merged_datasets\images\train\img_001043.png,No,2024.05,No,56.72,Good
D:\Guvi\Projects\major\number-plate-vehicle-detection\data\final_merged_datasets\images\train\img_001044.png,No,930.18,No,65.61,Good
D:\Guvi\Projects\major\number-plate-vehicle-detection\data\final_merged_datasets\images\train\img_001046.png,No,988.60,No,66.71,Good
D:\Guvi\Projects\major\number-plate-vehicle-detection\data\final_merged_datasets\images\train\img_001048.png,No,443.28,No,48.94,Good
D:\Guvi\Projects\major\number-plate-vehicle-detection\data\final_merged_datasets\images\train\img_001049.png,No,880.21,No,73.56,Good
D:\Guvi\Projects\major\number-plate-vehicle-detection\data\final_merged_datasets\images\train\img_001051.png,No,4777.64,Yes,28.13,Good
D:\Guvi\Projects\major\number-plate-vehicle-detection\data\final_merged_datasets\images\train\img_001052.png,No,4680.48,No,0.00,Unknown
D:\Guvi\Projects\major\number-plate-vehicle-detection\data\final_merged_datasets\images\train\img_001053.png,No,4007.08,Yes,29.99,Good
D:\Guvi\Projects\major\number-plate-vehicle-detection\data\final_merged_datasets\images\train\img_001055.png,No,8530.11,No,36.43,Good
D:\Guvi\Projects\major\number-plate-vehicle-detection\data\final_merged_datasets\images\train\img_001056.png,No,469.97,No,47.14,Good
D:\Guvi\Projects\major\number-plate-vehicle-detection\data\final_merged_datasets\images\train\img_001057.png,No,2403.41,No,38.56,Good
D:\Guvi\Projects\major\number-plate-vehicle-detection\data\final_merged_datasets\images\train\img_001060.png,No,4144.69,No,0.00,Unknown
D:\Guvi\Projects\major\number-plate-vehicle-detection\data\final_merged_datasets\images\train\img_001061.png,No,854.90,No,42.78,Good
D:\Guvi\Projects\major\number-plate-vehicle-detection\data\final_merged_datasets\images\train\img_001063.png,No,5131.06,No,45.04,Good
D:\Guvi\Projects\major\number-plate-vehicle-detection\data\final_merged_datasets\images\train\img_001064.png,No,4623.12,No,40.90,Good
D:\Guvi\Projects\major\number-plate-vehicle-detection\data\final_merged_datasets\images\train\img_001066.png,No,2764.88,No,53.77,Good
D:\Guvi\Projects\major\number-plate-vehicle-detection\data\final_merged_datasets\images\train\img_001068.png,No,1190.22,No,50.75,Good
D:\Guvi\Projects\major\number-plate-vehicle-detection\data\final_merged_datasets\images\train\img_001069.png,No,1015.07,Yes,23.33,Good
D:\Guvi\Projects\major\number-plate-vehicle-detection\data\final_merged_datasets\images\train\img_001070.png,No,1672.29,No,35.72,Good
D:\Guvi\Projects\major\number-plate-vehicle-detection\data\final_merged_datasets\images\train\img_001072.png,No,1699.52,No,30.06,Good
D:\Guvi\Projects\major\number-plate-vehicle-detection\data\final_merged_datasets\images\train\img_001075.png,No,273.89,No,0.00,Unknown
D:\Guvi\Projects\major\number-plate-vehicle-detection\data\final_merged_datasets\images\train\img_001076.png,No,1003.43,No,59.73,Good
D:\Guvi\Projects\major\number-plate-vehicle-detection\data\final_merged_datasets\images\train\img_001077.png,No,1341.29,No,65.30,Good
D:\Guvi\Projects\major\number-plate-vehicle-detection\data\final_merged_datasets\images\train\img_001079.png,No,2673.33,No,0.00,Unknown
D:\Guvi\Projects\major\number-plate-vehicle-detection\data\final_merged_datasets\images\train\img_001081.png,No,1244.32,No,48.26,Good
D:\Guvi\Projects\major\number-plate-vehicle-detection\data\final_merged_datasets\images\train\img_001084.png,No,1050.15,No,0.00,Unknown
D:\Guvi\Projects\major\number-plate-vehicle-detection\data\final_merged_datasets\images\train\img_001085.png,No,2427.68,No,39.67,Good
D:\Guvi\Projects\major\number-plate-vehicle-detection\data\final_merged_datasets\images\train\img_001086.png,No,835.71,No,50.67,Good
D:\Guvi\Projects\major\number-plate-vehicle-detection\data\final_merged_datasets\images\train\img_001087.png,No,3570.17,No,0.00,Unknown
D:\Guvi\Projects\major\number-plate-vehicle-detection\data\final_merged_datasets\images\train\img_001088.png,No,2665.62,No,0.00,Unknown
D:\Guvi\Projects\major\number-plate-vehicle-detection\data\final_merged_datasets\images\train\img_001089.png,No,762.79,Yes,27.17,Too Bright
D:\Guvi\Projects\major\number-plate-vehicle-detection\data\final_merged_datasets\images\train\img_001091.png,No,853.14,No,0.00,Unknown
D:\Guvi\Projects\major\number-plate-vehicle-detection\data\final_merged_datasets\images\train\img_001092.png,No,553.41,No,63.31,Good
D:\Guvi\Projects\major\number-plate-vehicle-detection\data\final_merged_datasets\images\train\img_001094.png,No,1922.29,No,63.55,Good
D:\Guvi\Projects\major\number-plate-vehicle-detection\data\final_merged_datasets\images\train\img_001095.png,No,765.61,No,34.41,Good
D:\Guvi\Projects\major\number-plate-vehicle-detection\data\final_merged_datasets\images\train\img_001096.png,No,723.31,Yes,28.83,Good
D:\Guvi\Projects\major\number-plate-vehicle-detection\data\final_merged_datasets\images\train\img_001101.png,No,3174.30,No,0.00,Unknown
D:\Guvi\Projects\major\number-plate-vehicle-detection\data\final_merged_datasets\images\train\img_001102.png,No,935.18,No,39.56,Too Bright
D:\Guvi\Projects\major\number-plate-vehicle-detection\data\final_merged_datasets\images\train\img_001103.png,No,401.58,No,0.00,Unknown
D:\Guvi\Projects\major\number-plate-vehicle-detection\data\final_merged_datasets\images\train\img_001105.png,No,161.88,No,0.00,Unknown
D:\Guvi\Projects\major\number-plate-vehicle-detection\data\final_merged_datasets\images\train\img_001106.png,No,456.52,No,0.00,Unknown
D:\Guvi\Projects\major\number-plate-vehicle-detection\data\final_merged_datasets\images\train\img_001108.png,No,192.44,No,49.32,Good
D:\Guvi\Projects\major\number-plate-vehicle-detection\data\final_merged_datasets\images\train\img_001109.png,No,1179.82,No,57.13,Good
D:\Guvi\Projects\major\number-plate-vehicle-detection\data\final_merged_datasets\images\train\img_001110.png,No,4554.86,No,0.00,Unknown
D:\Guvi\Projects\major\number-plate-vehicle-detection\data\final_merged_datasets\images\train\img_001111.png,No,873.41,No,0.00,Unknown
D:\Guvi\Projects\major\number-plate-vehicle-detection\data\final_merged_datasets\images\train\img_001113.png,No,1139.17,No,0.00,Unknown
D:\Guvi\Projects\major\number-plate-vehicle-detection\data\final_merged_datasets\images\train\img_001114.png,No,387.29,No,0.00,Unknown
D:\Guvi\Projects\major\number-plate-vehicle-detection\data\final_merged_datasets\images\train\img_001117.png,No,1297.73,No,94.38,Good
D:\Guvi\Projects\major\number-plate-vehicle-detection\data\final_merged_datasets\images\train\img_001122.png,No,574.59,No,0.00,Unknown
D:\Guvi\Projects\major\number-plate-vehicle-detection\data\final_merged_datasets\images\train\img_001124.png,No,1943.58,No,0.00,Unknown
D:\Guvi\Projects\major\number-plate-vehicle-detection\data\final_merged_datasets\images\train\img_001126.png,No,657.58,No,0.00,Unknown
D:\Guvi\Projects\major\number-plate-vehicle-detection\data\final_merged_datasets\images\train\img_001127.png,No,370.37,No,59.21,Good
D:\Guvi\Projects\major\number-plate-vehicle-detection\data\final_merged_datasets\images\train\img_001129.png,No,173.23,No,34.86,Good
D:\Guvi\Projects\major\number-plate-vehicle-detection\data\final_merged_datasets\images\train\img_001130.png,No,5453.74,No,66.60,Good
D:\Guvi\Projects\major\number-plate-vehicle-detection\data\final_merged_datasets\images\train\img_001131.png,No,1440.13,No,0.00,Unknown
D:\Guvi\Projects\major\number-plate-vehicle-detection\data\final_merged_datasets\images\train\img_001132.png,No,345.78,No,62.04,Good
D:\Guvi\Projects\major\number-plate-vehicle-detection\data\final_merged_datasets\images\train\img_001133.png,No,346.51,No,44.92,Good
D:\Guvi\Projects\major\number-plate-vehicle-detection\data\final_merged_datasets\images\train\img_001134.png,No,1560.95,Yes,28.48,Good
D:\Guvi\Projects\major\number-plate-vehicle-detection\data\final_merged_datasets\images\train\img_001135.png,No,404.13,No,73.90,Good
D:\Guvi\Projects\major\number-plate-vehicle-detection\data\final_merged_datasets\images\train\img_001136.png,No,1220.23,No,30.84,Good
D:\Guvi\Projects\major\number-plate-vehicle-detection\data\final_merged_datasets\images\train\img_001141.png,No,8044.19,No,0.00,Unknown
D:\Guvi\Projects\major\number-plate-vehicle-detection\data\final_merged_datasets\images\train\img_001142.png,No,6790.83,No,0.00,Unknown
D:\Guvi\Projects\major\number-plate-vehicle-detection\data\final_merged_datasets\images\train\img_001143.png,No,9674.81,No,0.00,Unknown
D:\Guvi\Projects\major\number-plate-vehicle-detection\data\final_merged_datasets\images\train\img_001146.png,No,10481.96,No,0.00,Unknown
D:\Guvi\Projects\major\number-plate-vehicle-detection\data\final_merged_datasets\images\train\img_001147.png,No,7843.21,No,75.90,Good
D:\Guvi\Projects\major\number-plate-vehicle-detection\data\final_merged_datasets\images\train\img_001148.png,No,6634.23,No,0.00,Unknown
D:\Guvi\Projects\major\number-plate-vehicle-detection\data\final_merged_datasets\images\train\img_001149.png,No,6100.21,No,0.00,Unknown
D:\Guvi\Projects\major\number-plate-vehicle-detection\data\final_merged_datasets\images\train\img_001150.png,No,2803.31,No,0.00,Unknown
D:\Guvi\Projects\major\number-plate-vehicle-detection\data\final_merged_datasets\images\train\img_001151.png,No,6746.40,No,71.72,Good
D:\Guvi\Projects\major\number-plate-vehicle-detection\data\final_merged_datasets\images\train\img_001152.png,No,2129.14,No,54.98,Good
D:\Guvi\Projects\major\number-plate-vehicle-detection\data\final_merged_datasets\images\train\img_001153.png,No,3650.61,No,0.00,Unknown
D:\Guvi\Projects\major\number-plate-vehicle-detection\data\final_merged_datasets\images\train\img_001154.png,No,7756.32,No,63.24,Good
D:\Guvi\Projects\major\number-plate-vehicle-detection\data\final_merged_datasets\images\train\img_001155.png,No,6139.16,No,32.52,Good
D:\Guvi\Projects\major\number-plate-vehicle-detection\data\final_merged_datasets\images\train\img_001156.png,No,6102.58,No,0.00,Unknown
D:\Guvi\Projects\major\number-plate-vehicle-detection\data\final_merged_datasets\images\train\img_001158.png,No,5221.14,No,0.00,Unknown
D:\Guvi\Projects\major\number-plate-vehicle-detection\data\final_merged_datasets\images\train\img_001159.png,No,4458.47,No,39.35,Good
D:\Guvi\Projects\major\number-plate-vehicle-detection\data\final_merged_datasets\images\train\img_001160.png,No,2407.29,No,45.73,Good
D:\Guvi\Projects\major\number-plate-vehicle-detection\data\final_merged_datasets\images\train\img_001161.png,No,7367.40,No,0.00,Unknown
D:\Guvi\Projects\major\number-plate-vehicle-detection\data\final_merged_datasets\images\train\img_001162.png,No,3888.19,No,0.00,Unknown
D:\Guvi\Projects\major\number-plate-vehicle-detection\data\final_merged_datasets\images\train\img_001163.png,No,447.13,No,0.00,Unknown
D:\Guvi\Projects\major\number-plate-vehicle-detection\data\final_merged_datasets\images\train\img_001164.png,No,1531.99,No,0.00,Unknown
D:\Guvi\Projects\major\number-plate-vehicle-detection\data\final_merged_datasets\images\train\img_001165.png,No,4311.95,No,36.00,Good
D:\Guvi\Projects\major\number-plate-vehicle-detection\data\final_merged_datasets\images\train\img_001166.png,No,2084.55,No,52.82,Good
D:\Guvi\Projects\major\number-plate-vehicle-detection\data\final_merged_datasets\images\train\img_001167.png,No,3887.05,No,0.00,Unknown
D:\Guvi\Projects\major\number-plate-vehicle-detection\data\final_merged_datasets\images\train\img_001168.png,No,1564.27,No,41.77,Good
D:\Guvi\Projects\major\number-plate-vehicle-detection\data\final_merged_datasets\images\train\img_001169.png,No,2945.95,Yes,23.88,Good
D:\Guvi\Projects\major\number-plate-vehicle-detection\data\final_merged_datasets\images\train\img_001170.png,No,1060.71,No,0.00,Unknown
D:\Guvi\Projects\major\number-plate-vehicle-detection\data\final_merged_datasets\images\train\img_001171.png,No,3436.62,No,58.07,Good
D:\Guvi\Projects\major\number-plate-vehicle-detection\data\final_merged_datasets\images\train\img_001172.png,No,2590.61,No,57.72,Good
D:\Guvi\Projects\major\number-plate-vehicle-detection\data\final_merged_datasets\images\train\img_001173.png,No,2016.78,No,83.65,Good
D:\Guvi\Projects\major\number-plate-vehicle-detection\data\final_merged_datasets\images\train\img_001175.png,No,3955.80,No,0.00,Unknown
D:\Guvi\Projects\major\number-plate-vehicle-detection\data\final_merged_datasets\images\train\img_001176.png,No,6486.20,No,0.00,Unknown
D:\Guvi\Projects\major\number-plate-vehicle-detection\data\final_merged_datasets\images\train\img_001177.png,No,8535.57,No,0.00,Unknown
D:\Guvi\Projects\major\number-plate-vehicle-detection\data\final_merged_datasets\images\train\img_001178.png,No,3440.37,No,0.00,Unknown
D:\Guvi\Projects\major\number-plate-vehicle-detection\data\final_merged_datasets\images\train\img_001179.png,No,3781.72,No,0.00,Unknown
D:\Guvi\Projects\major\number-plate-vehicle-detection\data\final_merged_datasets\images\train\img_001180.png,No,867.14,No,42.78,Good
D:\Guvi\Projects\major\number-plate-vehicle-detection\data\final_merged_datasets\images\train\img_001182.png,No,982.62,No,38.51,Good
D:\Guvi\Projects\major\number-plate-vehicle-detection\data\final_merged_datasets\images\train\img_001183.png,No,3957.96,No,35.80,Good
D:\Guvi\Projects\major\number-plate-vehicle-detection\data\final_merged_datasets\images\train\img_001184.png,No,3430.58,No,0.00,Unknown
D:\Guvi\Projects\major\number-plate-vehicle-detection\data\final_merged_datasets\images\train\img_001185.png,No,2495.40,No,40.81,Good
D:\Guvi\Projects\major\number-plate-vehicle-detection\data\final_merged_datasets\images\train\img_001186.png,No,3785.36,No,47.41,Good
D:\Guvi\Projects\major\number-plate-vehicle-detection\data\final_merged_datasets\images\train\img_001187.png,No,3624.25,No,46.68,Good
D:\Guvi\Projects\major\number-plate-vehicle-detection\data\final_merged_datasets\images\train\img_001188.png,No,265.78,No,32.27,Good
D:\Guvi\Projects\major\number-plate-vehicle-detection\data\final_merged_datasets\images\train\img_001189.png,No,3725.09,No,0.00,Unknown
D:\Guvi\Projects\major\number-plate-vehicle-detection\data\final_merged_datasets\images\train\img_001190.png,No,1407.65,No,0.00,Unknown
D:\Guvi\Projects\major\number-plate-vehicle-detection\data\final_merged_datasets\images\train\img_001191.png,No,947.72,No,40.50,Good
D:\Guvi\Projects\major\number-plate-vehicle-detection\data\final_merged_datasets\images\train\img_001192.png,No,3817.69,No,0.00,Unknown
D:\Guvi\Projects\major\number-plate-vehicle-detection\data\final_merged_datasets\images\train\img_001195.png,No,3045.11,No,42.16,Good
D:\Guvi\Projects\major\number-plate-vehicle-detection\data\final_merged_datasets\images\train\img_001197.png,No,2900.48,No,43.55,Good
D:\Guvi\Projects\major\number-plate-vehicle-detection\data\final_merged_datasets\images\train\img_001198.png,No,917.74,No,0.00,Unknown
D:\Guvi\Projects\major\number-plate-vehicle-detection\data\final_merged_datasets\images\train\img_001199.png,No,254.71,No,0.00,Unknown
D:\Guvi\Projects\major\number-plate-vehicle-detection\data\final_merged_datasets\images\train\img_001200.png,No,2988.73,No,0.00,Unknown
D:\Guvi\Projects\major\number-plate-vehicle-detection\data\final_merged_datasets\images\train\img_001201.png,No,2380.43,No,0.00,Unknown
D:\Guvi\Projects\major\number-plate-vehicle-detection\data\final_merged_datasets\images\train\img_001202.png,No,2717.53,No,47.24,Good
D:\Guvi\Projects\major\number-plate-vehicle-detection\data\final_merged_datasets\images\train\img_001203.png,No,2725.08,No,45.08,Good
D:\Guvi\Projects\major\number-plate-vehicle-detection\data\final_merged_datasets\images\train\img_001205.png,No,4673.93,No,0.00,Unknown
D:\Guvi\Projects\major\number-plate-vehicle-detection\data\final_merged_datasets\images\train\img_001206.png,No,2852.24,No,47.91,Good
D:\Guvi\Projects\major\number-plate-vehicle-detection\data\final_merged_datasets\images\train\img_001207.png,No,2810.80,No,0.00,Unknown
D:\Guvi\Projects\major\number-plate-vehicle-detection\data\final_merged_datasets\images\train\img_001210.png,No,2202.36,No,36.67,Good
D:\Guvi\Projects\major\number-plate-vehicle-detection\data\final_merged_datasets\images\train\img_001211.png,No,3037.62,No,0.00,Unknown
D:\Guvi\Projects\major\number-plate-vehicle-detection\data\final_merged_datasets\images\train\img_001213.png,No,2398.57,No,0.00,Unknown
D:\Guvi\Projects\major\number-plate-vehicle-detection\data\final_merged_datasets\images\train\img_001214.png,No,1625.51,No,38.47,Good
D:\Guvi\Projects\major\number-plate-vehicle-detection\data\final_merged_datasets\images\train\img_001215.png,No,1151.27,No,30.07,Good
D:\Guvi\Projects\major\number-plate-vehicle-detection\data\final_merged_datasets\images\train\img_001218.png,No,4464.05,No,31.39,Good
D:\Guvi\Projects\major\number-plate-vehicle-detection\data\final_merged_datasets\images\train\img_001219.png,No,3667.84,Yes,26.86,Good
D:\Guvi\Projects\major\number-plate-vehicle-detection\data\final_merged_datasets\images\train\img_001220.png,No,1730.54,No,0.00,Unknown
D:\Guvi\Projects\major\number-plate-vehicle-detection\data\final_merged_datasets\images\train\img_001221.png,No,1497.29,No,0.00,Unknown
D:\Guvi\Projects\major\number-plate-vehicle-detection\data\final_merged_datasets\images\train\img_001223.png,No,2655.49,No,0.00,Unknown
D:\Guvi\Projects\major\number-plate-vehicle-detection\data\final_merged_datasets\images\train\img_001224.png,No,2639.53,No,0.00,Unknown
D:\Guvi\Projects\major\number-plate-vehicle-detection\data\final_merged_datasets\images\train\img_001225.png,No,1954.36,No,0.00,Unknown
D:\Guvi\Projects\major\number-plate-vehicle-detection\data\final_merged_datasets\images\train\img_001228.png,No,2323.80,No,0.00,Unknown
D:\Guvi\Projects\major\number-plate-vehicle-detection\data\final_merged_datasets\images\train\img_001231.png,No,2567.19,No,52.73,Good
D:\Guvi\Projects\major\number-plate-vehicle-detection\data\final_merged_datasets\images\train\img_001233.png,No,2008.02,No,46.91,Too Bright
D:\Guvi\Projects\major\number-plate-vehicle-detection\data\final_merged_datasets\images\train\img_001235.png,No,1481.98,No,44.12,Good
D:\Guvi\Projects\major\number-plate-vehicle-detection\data\final_merged_datasets\images\train\img_001236.png,No,4295.82,No,32.33,Good
D:\Guvi\Projects\major\number-plate-vehicle-detection\data\final_merged_datasets\images\train\img_001238.png,No,142.73,No,39.60,Good
D:\Guvi\Projects\major\number-plate-vehicle-detection\data\final_merged_datasets\images\train\img_001239.png,No,2644.44,Yes,26.14,Good
D:\Guvi\Projects\major\number-plate-vehicle-detection\data\final_merged_datasets\images\train\img_001240.png,No,7795.91,No,48.38,Good
D:\Guvi\Projects\major\number-plate-vehicle-detection\data\final_merged_datasets\images\train\img_001241.png,No,554.78,No,63.26,Good
D:\Guvi\Projects\major\number-plate-vehicle-detection\data\final_merged_datasets\images\train\img_001243.png,No,1152.32,No,39.21,Too Dark
D:\Guvi\Projects\major\number-plate-vehicle-detection\data\final_merged_datasets\images\train\img_001245.png,No,5969.01,No,0.00,Unknown
D:\Guvi\Projects\major\number-plate-vehicle-detection\data\final_merged_datasets\images\train\img_001246.png,No,2672.69,No,46.39,Good
D:\Guvi\Projects\major\number-plate-vehicle-detection\data\final_merged_datasets\images\train\img_001247.png,No,2644.44,Yes,24.56,Good
D:\Guvi\Projects\major\number-plate-vehicle-detection\data\final_merged_datasets\images\train\img_001248.png,No,7795.91,No,53.19,Good
D:\Guvi\Projects\major\number-plate-vehicle-detection\data\final_merged_datasets\images\train\img_001249.png,No,554.78,No,65.06,Good
D:\Guvi\Projects\major\number-plate-vehicle-detection\data\final_merged_datasets\images\train\img_001250.png,No,3725.50,No,40.42,Good
D:\Guvi\Projects\major\number-plate-vehicle-detection\data\final_merged_datasets\images\train\img_001251.png,No,599.80,No,71.75,Good
D:\Guvi\Projects\major\number-plate-vehicle-detection\data\final_merged_datasets\images\train\img_001252.png,No,489.11,No,0.00,Unknown
D:\Guvi\Projects\major\number-plate-vehicle-detection\data\final_merged_datasets\images\train\img_001255.png,No,552.60,No,76.06,Good
D:\Guvi\Projects\major\number-plate-vehicle-detection\data\final_merged_datasets\images\train\img_001256.png,No,665.15,No,75.45,Good
D:\Guvi\Projects\major\number-plate-vehicle-detection\data\final_merged_datasets\images\train\img_001260.png,No,2705.86,No,53.73,Good
D:\Guvi\Projects\major\number-plate-vehicle-detection\data\final_merged_datasets\images\train\img_001261.png,No,1671.23,No,68.39,Good
D:\Guvi\Projects\major\number-plate-vehicle-detection\data\final_merged_datasets\images\train\img_001262.png,No,1780.33,No,44.27,Good
D:\Guvi\Projects\major\number-plate-vehicle-detection\data\final_merged_datasets\images\train\img_001263.png,No,1944.37,No,45.00,Good
D:\Guvi\Projects\major\number-plate-vehicle-detection\data\final_merged_datasets\images\train\img_001266.png,No,2693.90,No,53.04,Good
D:\Guvi\Projects\major\number-plate-vehicle-detection\data\final_merged_datasets\images\train\img_001268.png,No,3281.32,No,42.78,Good
D:\Guvi\Projects\major\number-plate-vehicle-detection\data\final_merged_datasets\images\train\img_001269.png,No,1567.37,No,68.90,Good
D:\Guvi\Projects\major\number-plate-vehicle-detection\data\final_merged_datasets\images\train\img_001270.png,No,2357.40,No,60.58,Good
D:\Guvi\Projects\major\number-plate-vehicle-detection\data\final_merged_datasets\images\train\img_001271.png,No,474.18,No,35.22,Good
D:\Guvi\Projects\major\number-plate-vehicle-detection\data\final_merged_datasets\images\train\img_001273.png,No,456.85,No,33.67,Good
D:\Guvi\Projects\major\number-plate-vehicle-detection\data\final_merged_datasets\images\train\img_001275.png,No,330.11,Yes,25.12,Good
D:\Guvi\Projects\major\number-plate-vehicle-detection\data\final_merged_datasets\images\train\img_001276.png,No,2005.85,No,63.38,Good
D:\Guvi\Projects\major\number-plate-vehicle-detection\data\final_merged_datasets\images\train\img_001277.png,No,2259.03,No,66.99,Good
D:\Guvi\Projects\major\number-plate-vehicle-detection\data\final_merged_datasets\images\train\img_001278.png,No,3489.08,No,60.63,Good
D:\Guvi\Projects\major\number-plate-vehicle-detection\data\final_merged_datasets\images\train\img_001279.png,No,3244.09,No,67.47,Good
D:\Guvi\Projects\major\number-plate-vehicle-detection\data\final_merged_datasets\images\train\img_001280.png,No,3633.89,No,61.69,Good
D:\Guvi\Projects\major\number-plate-vehicle-detection\data\final_merged_datasets\images\train\img_001282.png,No,2666.41,No,63.19,Good
D:\Guvi\Projects\major\number-plate-vehicle-detection\data\final_merged_datasets\images\train\img_001283.png,No,2840.51,No,62.40,Good
D:\Guvi\Projects\major\number-plate-vehicle-detection\data\final_merged_datasets\images\train\img_001284.png,No,831.29,No,57.72,Good
D:\Guvi\Projects\major\number-plate-vehicle-detection\data\final_merged_datasets\images\train\img_001285.png,No,268.16,No,54.55,Good
D:\Guvi\Projects\major\number-plate-vehicle-detection\data\final_merged_datasets\images\train\img_001286.png,No,324.44,No,32.06,Good
D:\Guvi\Projects\major\number-plate-vehicle-detection\data\final_merged_datasets\images\train\img_001287.png,No,225.35,Yes,27.57,Good
D:\Guvi\Projects\major\number-plate-vehicle-detection\data\final_merged_datasets\images\train\img_001289.png,No,1743.13,No,46.37,Good
D:\Guvi\Projects\major\number-plate-vehicle-detection\data\final_merged_datasets\images\train\img_001290.png,No,956.20,No,34.06,Good
D:\Guvi\Projects\major\number-plate-vehicle-detection\data\final_merged_datasets\images\train\img_001291.png,No,263.08,No,34.81,Good
D:\Guvi\Projects\major\number-plate-vehicle-detection\data\final_merged_datasets\images\train\img_001292.png,No,350.85,No,38.77,Good
D:\Guvi\Projects\major\number-plate-vehicle-detection\data\final_merged_datasets\images\train\img_001294.png,No,284.69,No,36.23,Good
D:\Guvi\Projects\major\number-plate-vehicle-detection\data\final_merged_datasets\images\train\img_001295.png,No,312.83,No,36.87,Good
D:\Guvi\Projects\major\number-plate-vehicle-detection\data\final_merged_datasets\images\train\img_001297.png,No,286.55,No,46.74,Good
D:\Guvi\Projects\major\number-plate-vehicle-detection\data\final_merged_datasets\images\train\img_001298.png,No,144.08,No,51.27,Good
D:\Guvi\Projects\major\number-plate-vehicle-detection\data\final_merged_datasets\images\train\img_001299.png,No,279.28,No,47.27,Good
D:\Guvi\Projects\major\number-plate-vehicle-detection\data\final_merged_datasets\images\train\img_001300.png,No,278.30,No,41.00,Good
D:\Guvi\Projects\major\number-plate-vehicle-detection\data\final_merged_datasets\images\train\img_001301.png,Yes,93.80,No,50.41,Good
D:\Guvi\Projects\major\number-plate-vehicle-detection\data\final_merged_datasets\images\train\img_001303.png,No,273.82,No,39.29,Good
D:\Guvi\Projects\major\number-plate-vehicle-detection\data\final_merged_datasets\images\train\img_001304.png,No,438.18,No,46.21,Good
D:\Guvi\Projects\major\number-plate-vehicle-detection\data\final_merged_datasets\images\train\img_001305.png,No,406.90,No,49.02,Good
D:\Guvi\Projects\major\number-plate-vehicle-detection\data\final_merged_datasets\images\train\img_001306.png,No,428.25,No,37.28,Good
D:\Guvi\Projects\major\number-plate-vehicle-detection\data\final_merged_datasets\images\train\img_001307.png,No,464.61,No,35.40,Good
D:\Guvi\Projects\major\number-plate-vehicle-detection\data\final_merged_datasets\images\train\img_001308.png,No,458.86,No,43.55,Good
D:\Guvi\Projects\major\number-plate-vehicle-detection\data\final_merged_datasets\images\train\img_001309.png,No,487.05,No,33.70,Good
D:\Guvi\Projects\major\number-plate-vehicle-detection\data\final_merged_datasets\images\train\img_001310.png,No,349.04,No,36.31,Good
D:\Guvi\Projects\major\number-plate-vehicle-detection\data\final_merged_datasets\images\train\img_001312.png,No,386.99,No,36.82,Good
D:\Guvi\Projects\major\number-plate-vehicle-detection\data\final_merged_datasets\images\train\img_001314.png,No,361.16,No,45.81,Good
D:\Guvi\Projects\major\number-plate-vehicle-detection\data\final_merged_datasets\images\train\img_001318.png,No,169.61,No,46.13,Good
D:\Guvi\Projects\major\number-plate-vehicle-detection\data\final_merged_datasets\images\train\img_001320.png,No,1004.05,No,36.57,Good
D:\Guvi\Projects\major\number-plate-vehicle-detection\data\final_merged_datasets\images\train\img_001322.png,No,1591.26,No,51.72,Good
D:\Guvi\Projects\major\number-plate-vehicle-detection\data\final_merged_datasets\images\train\img_001323.png,No,1265.37,No,41.66,Good
D:\Guvi\Projects\major\number-plate-vehicle-detection\data\final_merged_datasets\images\train\img_001324.png,No,956.38,No,31.33,Good
D:\Guvi\Projects\major\number-plate-vehicle-detection\data\final_merged_datasets\images\train\img_001325.png,No,1349.37,No,36.03,Good
D:\Guvi\Projects\major\number-plate-vehicle-detection\data\final_merged_datasets\images\train\img_001326.png,No,1164.85,No,51.79,Good
D:\Guvi\Projects\major\number-plate-vehicle-detection\data\final_merged_datasets\images\train\img_001327.png,No,1522.94,No,37.19,Good
D:\Guvi\Projects\major\number-plate-vehicle-detection\data\final_merged_datasets\images\train\img_001328.png,No,1419.43,No,57.64,Good
D:\Guvi\Projects\major\number-plate-vehicle-detection\data\final_merged_datasets\images\train\img_001330.png,No,345.03,Yes,24.41,Good
D:\Guvi\Projects\major\number-plate-vehicle-detection\data\final_merged_datasets\images\train\img_001331.png,Yes,66.58,Yes,22.78,Good
D:\Guvi\Projects\major\number-plate-vehicle-detection\data\final_merged_datasets\images\train\img_001334.png,No,859.65,Yes,25.47,Good
D:\Guvi\Projects\major\number-plate-vehicle-detection\data\final_merged_datasets\images\train\img_001335.png,No,812.04,Yes,24.92,Good
D:\Guvi\Projects\major\number-plate-vehicle-detection\data\final_merged_datasets\images\train\img_001336.png,No,834.75,Yes,24.86,Good
D:\Guvi\Projects\major\number-plate-vehicle-detection\data\final_merged_datasets\images\train\img_001337.png,No,826.76,Yes,28.41,Good
D:\Guvi\Projects\major\number-plate-vehicle-detection\data\final_merged_datasets\images\train\img_001339.png,No,827.60,No,37.22,Good
D:\Guvi\Projects\major\number-plate-vehicle-detection\data\final_merged_datasets\images\train\img_001340.png,No,843.13,No,37.00,Good
D:\Guvi\Projects\major\number-plate-vehicle-detection\data\final_merged_datasets\images\train\img_001341.png,No,834.35,No,41.68,Good
D:\Guvi\Projects\major\number-plate-vehicle-detection\data\final_merged_datasets\images\train\img_001343.png,No,818.40,Yes,28.29,Good
D:\Guvi\Projects\major\number-plate-vehicle-detection\data\final_merged_datasets\images\train\img_001344.png,No,821.42,Yes,27.36,Good
D:\Guvi\Projects\major\number-plate-vehicle-detection\data\final_merged_datasets\images\train\img_001346.png,No,819.45,No,36.35,Good
D:\Guvi\Projects\major\number-plate-vehicle-detection\data\final_merged_datasets\images\train\img_001348.png,No,801.65,No,37.93,Good
D:\Guvi\Projects\major\number-plate-vehicle-detection\data\final_merged_datasets\images\train\img_001349.png,No,820.60,No,35.34,Good
D:\Guvi\Projects\major\number-plate-vehicle-detection\data\final_merged_datasets\images\train\img_001353.png,No,814.20,Yes,28.39,Good
D:\Guvi\Projects\major\number-plate-vehicle-detection\data\final_merged_datasets\images\train\img_001354.png,No,822.01,No,37.72,Good
D:\Guvi\Projects\major\number-plate-vehicle-detection\data\final_merged_datasets\images\train\img_001355.png,No,815.26,No,35.53,Good
D:\Guvi\Projects\major\number-plate-vehicle-detection\data\final_merged_datasets\images\train\img_001358.png,No,862.69,No,36.73,Good
D:\Guvi\Projects\major\number-plate-vehicle-detection\data\final_merged_datasets\images\train\img_001360.png,No,810.30,No,43.39,Good
D:\Guvi\Projects\major\number-plate-vehicle-detection\data\final_merged_datasets\images\train\img_001361.png,No,778.21,No,37.43,Good
D:\Guvi\Projects\major\number-plate-vehicle-detection\data\final_merged_datasets\images\train\img_001362.png,No,839.99,No,39.71,Good
D:\Guvi\Projects\major\number-plate-vehicle-detection\data\final_merged_datasets\images\train\img_001364.png,No,812.15,No,37.67,Good
D:\Guvi\Projects\major\number-plate-vehicle-detection\data\final_merged_datasets\images\train\img_001365.png,No,829.50,No,37.73,Good
D:\Guvi\Projects\major\number-plate-vehicle-detection\data\final_merged_datasets\images\train\img_001366.png,No,855.41,No,41.42,Good
D:\Guvi\Projects\major\number-plate-vehicle-detection\data\final_merged_datasets\images\train\img_001369.png,No,834.71,No,38.70,Good
D:\Guvi\Projects\major\number-plate-vehicle-detection\data\final_merged_datasets\images\train\img_001370.png,No,820.36,No,39.45,Good
D:\Guvi\Projects\major\number-plate-vehicle-detection\data\final_merged_datasets\images\train\img_001371.png,No,865.91,No,41.06,Good
D:\Guvi\Projects\major\number-plate-vehicle-detection\data\final_merged_datasets\images\train\img_001375.png,No,847.90,No,41.34,Good
D:\Guvi\Projects\major\number-plate-vehicle-detection\data\final_merged_datasets\images\train\img_001376.png,No,805.97,No,40.33,Good
D:\Guvi\Projects\major\number-plate-vehicle-detection\data\final_merged_datasets\images\train\img_001377.png,No,822.78,No,41.78,Good
D:\Guvi\Projects\major\number-plate-vehicle-detection\data\final_merged_datasets\images\train\img_001378.png,No,840.87,No,40.56,Good
D:\Guvi\Projects\major\number-plate-vehicle-detection\data\final_merged_datasets\images\train\img_001379.png,No,821.89,No,41.40,Good
D:\Guvi\Projects\major\number-plate-vehicle-detection\data\final_merged_datasets\images\train\img_001380.png,No,903.31,No,40.95,Good
D:\Guvi\Projects\major\number-plate-vehicle-detection\data\final_merged_datasets\images\train\img_001381.png,No,836.05,No,42.44,Good
D:\Guvi\Projects\major\number-plate-vehicle-detection\data\final_merged_datasets\images\train\img_001383.png,No,850.28,No,42.01,Good
D:\Guvi\Projects\major\number-plate-vehicle-detection\data\final_merged_datasets\images\train\img_001384.png,No,826.31,No,39.55,Good
D:\Guvi\Projects\major\number-plate-vehicle-detection\data\final_merged_datasets\images\train\img_001385.png,No,861.78,No,42.49,Good
D:\Guvi\Projects\major\number-plate-vehicle-detection\data\final_merged_datasets\images\train\img_001386.png,No,859.89,No,42.49,Good
D:\Guvi\Projects\major\number-plate-vehicle-detection\data\final_merged_datasets\images\train\img_001387.png,No,288.48,Yes,23.28,Good
D:\Guvi\Projects\major\number-plate-vehicle-detection\data\final_merged_datasets\images\train\img_001388.png,No,238.65,Yes,17.30,Good
D:\Guvi\Projects\major\number-plate-vehicle-detection\data\final_merged_datasets\images\train\img_001389.png,No,237.16,Yes,25.10,Good
D:\Guvi\Projects\major\number-plate-vehicle-detection\data\final_merged_datasets\images\train\img_001390.png,No,232.12,Yes,19.34,Good
D:\Guvi\Projects\major\number-plate-vehicle-detection\data\final_merged_datasets\images\train\img_001391.png,No,280.07,Yes,17.41,Good
D:\Guvi\Projects\major\number-plate-vehicle-detection\data\final_merged_datasets\images\train\img_001392.png,No,239.51,Yes,26.23,Good
D:\Guvi\Projects\major\number-plate-vehicle-detection\data\final_merged_datasets\images\train\img_001393.png,No,246.58,Yes,19.83,Good
D:\Guvi\Projects\major\number-plate-vehicle-detection\data\final_merged_datasets\images\train\img_001395.png,No,276.72,Yes,18.30,Good
D:\Guvi\Projects\major\number-plate-vehicle-detection\data\final_merged_datasets\images\train\img_001396.png,No,243.19,Yes,14.81,Good
D:\Guvi\Projects\major\number-plate-vehicle-detection\data\final_merged_datasets\images\train\img_001397.png,No,245.00,Yes,17.12,Good
D:\Guvi\Projects\major\number-plate-vehicle-detection\data\final_merged_datasets\images\train\img_001398.png,No,230.05,No,32.87,Good
D:\Guvi\Projects\major\number-plate-vehicle-detection\data\final_merged_datasets\images\train\img_001399.png,No,251.00,Yes,19.99,Good
D:\Guvi\Projects\major\number-plate-vehicle-detection\data\final_merged_datasets\images\train\img_001402.png,No,256.50,No,31.12,Good
D:\Guvi\Projects\major\number-plate-vehicle-detection\data\final_merged_datasets\images\train\img_001404.png,No,279.19,Yes,19.30,Good
D:\Guvi\Projects\major\number-plate-vehicle-detection\data\final_merged_datasets\images\train\img_001406.png,No,240.31,Yes,25.80,Good
D:\Guvi\Projects\major\number-plate-vehicle-detection\data\final_merged_datasets\images\train\img_001407.png,No,230.05,Yes,24.26,Good
D:\Guvi\Projects\major\number-plate-vehicle-detection\data\final_merged_datasets\images\train\img_001408.png,No,269.43,Yes,20.68,Good
D:\Guvi\Projects\major\number-plate-vehicle-detection\data\final_merged_datasets\images\train\img_001409.png,No,226.63,Yes,24.87,Good
D:\Guvi\Projects\major\number-plate-vehicle-detection\data\final_merged_datasets\images\train\img_001412.png,No,796.26,No,47.43,Too Bright
D:\Guvi\Projects\major\number-plate-vehicle-detection\data\final_merged_datasets\images\train\img_001413.png,No,795.08,No,50.37,Too Bright
D:\Guvi\Projects\major\number-plate-vehicle-detection\data\final_merged_datasets\images\train\img_001414.png,No,841.67,No,49.85,Too Bright
D:\Guvi\Projects\major\number-plate-vehicle-detection\data\final_merged_datasets\images\train\img_001415.png,No,799.70,No,34.23,Too Bright
D:\Guvi\Projects\major\number-plate-vehicle-detection\data\final_merged_datasets\images\train\img_001416.png,No,811.41,No,51.34,Good
D:\Guvi\Projects\major\number-plate-vehicle-detection\data\final_merged_datasets\images\train\img_001417.png,No,797.39,No,46.89,Too Bright
D:\Guvi\Projects\major\number-plate-vehicle-detection\data\final_merged_datasets\images\train\img_001418.png,No,859.85,No,49.91,Good
D:\Guvi\Projects\major\number-plate-vehicle-detection\data\final_merged_datasets\images\train\img_001420.png,No,783.72,No,46.38,Good
D:\Guvi\Projects\major\number-plate-vehicle-detection\data\final_merged_datasets\images\train\img_001422.png,No,777.87,No,48.36,Good
D:\Guvi\Projects\major\number-plate-vehicle-detection\data\final_merged_datasets\images\train\img_001423.png,No,777.09,No,41.96,Good
D:\Guvi\Projects\major\number-plate-vehicle-detection\data\final_merged_datasets\images\train\img_001424.png,No,726.53,No,47.99,Good
D:\Guvi\Projects\major\number-plate-vehicle-detection\data\final_merged_datasets\images\train\img_001425.png,No,752.42,No,47.76,Good
D:\Guvi\Projects\major\number-plate-vehicle-detection\data\final_merged_datasets\images\train\img_001426.png,No,725.68,No,45.86,Good
D:\Guvi\Projects\major\number-plate-vehicle-detection\data\final_merged_datasets\images\train\img_001428.png,No,756.59,No,50.34,Good
D:\Guvi\Projects\major\number-plate-vehicle-detection\data\final_merged_datasets\images\train\img_001429.png,No,774.18,No,44.21,Good
D:\Guvi\Projects\major\number-plate-vehicle-detection\data\final_merged_datasets\images\train\img_001435.png,No,768.80,No,48.34,Good
D:\Guvi\Projects\major\number-plate-vehicle-detection\data\final_merged_datasets\images\train\img_001436.png,No,799.79,No,48.33,Good
D:\Guvi\Projects\major\number-plate-vehicle-detection\data\final_merged_datasets\images\train\img_001438.png,No,750.45,No,55.92,Good
D:\Guvi\Projects\major\number-plate-vehicle-detection\data\final_merged_datasets\images\train\img_001439.png,No,666.91,No,52.29,Good
D:\Guvi\Projects\major\number-plate-vehicle-detection\data\final_merged_datasets\images\train\img_001440.png,No,652.44,No,48.52,Good
D:\Guvi\Projects\major\number-plate-vehicle-detection\data\final_merged_datasets\images\train\img_001441.png,No,625.09,No,42.32,Good
D:\Guvi\Projects\major\number-plate-vehicle-detection\data\final_merged_datasets\images\train\img_001442.png,No,668.04,No,39.20,Good
D:\Guvi\Projects\major\number-plate-vehicle-detection\data\final_merged_datasets\images\train\img_001443.png,No,638.13,No,37.28,Good
D:\Guvi\Projects\major\number-plate-vehicle-detection\data\final_merged_datasets\images\train\img_001444.png,No,822.59,No,54.01,Good
D:\Guvi\Projects\major\number-plate-vehicle-detection\data\final_merged_datasets\images\train\img_001445.png,No,667.79,No,40.83,Good
D:\Guvi\Projects\major\number-plate-vehicle-detection\data\final_merged_datasets\images\train\img_001446.png,No,786.72,No,39.22,Too Bright
D:\Guvi\Projects\major\number-plate-vehicle-detection\data\final_merged_datasets\images\train\img_001449.png,No,837.28,No,51.12,Good
D:\Guvi\Projects\major\number-plate-vehicle-detection\data\final_merged_datasets\images\train\img_001450.png,No,788.87,No,51.11,Good
D:\Guvi\Projects\major\number-plate-vehicle-detection\data\final_merged_datasets\images\train\img_001451.png,No,698.28,Yes,18.72,Good
D:\Guvi\Projects\major\number-plate-vehicle-detection\data\final_merged_datasets\images\train\img_001452.png,No,655.59,Yes,15.87,Good
D:\Guvi\Projects\major\number-plate-vehicle-detection\data\final_merged_datasets\images\train\img_001453.png,No,648.09,Yes,18.24,Good
D:\Guvi\Projects\major\number-plate-vehicle-detection\data\final_merged_datasets\images\train\img_001454.png,No,633.57,Yes,21.96,Good
D:\Guvi\Projects\major\number-plate-vehicle-detection\data\final_merged_datasets\images\train\img_001455.png,No,690.99,Yes,21.27,Good
D:\Guvi\Projects\major\number-plate-vehicle-detection\data\final_merged_datasets\images\train\img_001456.png,No,657.56,Yes,20.80,Good
D:\Guvi\Projects\major\number-plate-vehicle-detection\data\final_merged_datasets\images\train\img_001457.png,No,653.02,Yes,23.66,Good
D:\Guvi\Projects\major\number-plate-vehicle-detection\data\final_merged_datasets\images\train\img_001458.png,No,644.79,Yes,20.75,Good
D:\Guvi\Projects\major\number-plate-vehicle-detection\data\final_merged_datasets\images\train\img_001459.png,No,683.95,Yes,22.43,Good
D:\Guvi\Projects\major\number-plate-vehicle-detection\data\final_merged_datasets\images\train\img_001461.png,No,627.52,Yes,21.16,Good
D:\Guvi\Projects\major\number-plate-vehicle-detection\data\final_merged_datasets\images\train\img_001462.png,No,628.96,No,30.83,Good
D:\Guvi\Projects\major\number-plate-vehicle-detection\data\final_merged_datasets\images\train\img_001463.png,No,666.14,Yes,18.00,Good
D:\Guvi\Projects\major\number-plate-vehicle-detection\data\final_merged_datasets\images\train\img_001464.png,No,666.89,No,32.61,Good
D:\Guvi\Projects\major\number-plate-vehicle-detection\data\final_merged_datasets\images\train\img_001465.png,No,617.20,Yes,23.10,Good
D:\Guvi\Projects\major\number-plate-vehicle-detection\data\final_merged_datasets\images\train\img_001467.png,No,635.11,No,31.29,Good
D:\Guvi\Projects\major\number-plate-vehicle-detection\data\final_merged_datasets\images\train\img_001468.png,No,659.70,No,31.65,Good
D:\Guvi\Projects\major\number-plate-vehicle-detection\data\final_merged_datasets\images\train\img_001470.png,No,638.98,Yes,29.63,Good
D:\Guvi\Projects\major\number-plate-vehicle-detection\data\final_merged_datasets\images\train\img_001473.png,No,625.78,No,32.71,Good
D:\Guvi\Projects\major\number-plate-vehicle-detection\data\final_merged_datasets\images\train\img_001475.png,No,647.54,Yes,25.41,Good
D:\Guvi\Projects\major\number-plate-vehicle-detection\data\final_merged_datasets\images\train\img_001478.png,No,626.66,No,35.25,Good
D:\Guvi\Projects\major\number-plate-vehicle-detection\data\final_merged_datasets\images\train\img_001479.png,No,635.09,Yes,29.34,Good
D:\Guvi\Projects\major\number-plate-vehicle-detection\data\final_merged_datasets\images\train\img_001480.png,No,624.09,No,30.13,Good
D:\Guvi\Projects\major\number-plate-vehicle-detection\data\final_merged_datasets\images\train\img_001481.png,No,662.17,No,34.62,Good
D:\Guvi\Projects\major\number-plate-vehicle-detection\data\final_merged_datasets\images\train\img_001482.png,No,611.33,Yes,28.68,Good
D:\Guvi\Projects\major\number-plate-vehicle-detection\data\final_merged_datasets\images\train\img_001483.png,No,637.60,No,34.91,Good
D:\Guvi\Projects\major\number-plate-vehicle-detection\data\final_merged_datasets\images\train\img_001484.png,No,630.69,No,34.36,Good
D:\Guvi\Projects\major\number-plate-vehicle-detection\data\final_merged_datasets\images\train\img_001485.png,No,696.09,No,31.05,Good
D:\Guvi\Projects\major\number-plate-vehicle-detection\data\final_merged_datasets\images\train\img_001487.png,No,643.64,No,35.65,Too Dark
D:\Guvi\Projects\major\number-plate-vehicle-detection\data\final_merged_datasets\images\train\img_001489.png,No,651.94,Yes,18.06,Good
D:\Guvi\Projects\major\number-plate-vehicle-detection\data\final_merged_datasets\images\train\img_001490.png,No,697.97,Yes,18.37,Good
D:\Guvi\Projects\major\number-plate-vehicle-detection\data\final_merged_datasets\images\train\img_001492.png,No,233.44,No,37.17,Good
D:\Guvi\Projects\major\number-plate-vehicle-detection\data\final_merged_datasets\images\train\img_001493.png,No,203.93,No,37.17,Good
D:\Guvi\Projects\major\number-plate-vehicle-detection\data\final_merged_datasets\images\train\img_001494.png,No,143.26,Yes,25.75,Good
D:\Guvi\Projects\major\number-plate-vehicle-detection\data\final_merged_datasets\images\train\img_001495.png,No,132.91,Yes,24.50,Good
D:\Guvi\Projects\major\number-plate-vehicle-detection\data\final_merged_datasets\images\train\img_001498.png,No,139.20,Yes,28.11,Good
D:\Guvi\Projects\major\number-plate-vehicle-detection\data\final_merged_datasets\images\train\img_001499.png,No,128.38,Yes,23.41,Too Dark
D:\Guvi\Projects\major\number-plate-vehicle-detection\data\final_merged_datasets\images\train\img_001500.png,No,141.48,Yes,25.27,Good
D:\Guvi\Projects\major\number-plate-vehicle-detection\data\final_merged_datasets\images\train\img_001501.png,No,127.02,Yes,27.35,Good
D:\Guvi\Projects\major\number-plate-vehicle-detection\data\final_merged_datasets\images\train\img_001502.png,No,140.40,Yes,26.63,Good
D:\Guvi\Projects\major\number-plate-vehicle-detection\data\final_merged_datasets\images\train\img_001503.png,No,137.21,Yes,27.14,Good
D:\Guvi\Projects\major\number-plate-vehicle-detection\data\final_merged_datasets\images\train\img_001506.png,No,139.42,Yes,29.86,Good
D:\Guvi\Projects\major\number-plate-vehicle-detection\data\final_merged_datasets\images\train\img_001507.png,No,150.67,Yes,28.12,Good
D:\Guvi\Projects\major\number-plate-vehicle-detection\data\final_merged_datasets\images\train\img_001508.png,No,145.03,Yes,26.84,Good
D:\Guvi\Projects\major\number-plate-vehicle-detection\data\final_merged_datasets\images\train\img_001509.png,No,182.91,No,37.80,Good
D:\Guvi\Projects\major\number-plate-vehicle-detection\data\final_merged_datasets\images\train\img_001515.png,No,174.09,Yes,23.61,Good
D:\Guvi\Projects\major\number-plate-vehicle-detection\data\final_merged_datasets\images\train\img_001516.png,No,175.99,No,41.20,Good
D:\Guvi\Projects\major\number-plate-vehicle-detection\data\final_merged_datasets\images\train\img_001517.png,No,167.14,No,31.75,Good
D:\Guvi\Projects\major\number-plate-vehicle-detection\data\final_merged_datasets\images\train\img_001519.png,No,149.72,No,33.82,Good
D:\Guvi\Projects\major\number-plate-vehicle-detection\data\final_merged_datasets\images\train\img_001520.png,No,146.51,No,31.16,Good
D:\Guvi\Projects\major\number-plate-vehicle-detection\data\final_merged_datasets\images\train\img_001521.png,No,134.02,Yes,27.43,Good
D:\Guvi\Projects\major\number-plate-vehicle-detection\data\final_merged_datasets\images\train\img_001522.png,No,147.55,No,31.21,Good
D:\Guvi\Projects\major\number-plate-vehicle-detection\data\final_merged_datasets\images\train\img_001524.png,No,128.35,No,38.10,Good
D:\Guvi\Projects\major\number-plate-vehicle-detection\data\final_merged_datasets\images\train\img_001526.png,No,193.48,Yes,29.58,Good
D:\Guvi\Projects\major\number-plate-vehicle-detection\data\final_merged_datasets\images\train\img_001527.png,No,138.99,No,39.31,Good
D:\Guvi\Projects\major\number-plate-vehicle-detection\data\final_merged_datasets\images\train\img_001528.png,No,153.38,Yes,23.87,Good
D:\Guvi\Projects\major\number-plate-vehicle-detection\data\final_merged_datasets\images\train\img_001532.png,No,137.50,Yes,26.66,Good
D:\Guvi\Projects\major\number-plate-vehicle-detection\data\final_merged_datasets\images\train\img_001533.png,No,609.53,No,35.03,Good
D:\Guvi\Projects\major\number-plate-vehicle-detection\data\final_merged_datasets\images\train\img_001534.png,No,563.68,No,60.49,Good
D:\Guvi\Projects\major\number-plate-vehicle-detection\data\final_merged_datasets\images\train\img_001535.png,No,555.21,Yes,25.37,Good
D:\Guvi\Projects\major\number-plate-vehicle-detection\data\final_merged_datasets\images\train\img_001536.png,No,551.30,No,56.34,Good
D:\Guvi\Projects\major\number-plate-vehicle-detection\data\final_merged_datasets\images\train\img_001537.png,No,575.80,No,78.86,Good
D:\Guvi\Projects\major\number-plate-vehicle-detection\data\final_merged_datasets\images\train\img_001538.png,No,552.75,No,71.38,Good
D:\Guvi\Projects\major\number-plate-vehicle-detection\data\final_merged_datasets\images\train\img_001539.png,No,550.95,No,78.85,Good
D:\Guvi\Projects\major\number-plate-vehicle-detection\data\final_merged_datasets\images\train\img_001542.png,No,532.90,No,35.99,Good
D:\Guvi\Projects\major\number-plate-vehicle-detection\data\final_merged_datasets\images\train\img_001544.png,No,520.71,No,39.96,Good
D:\Guvi\Projects\major\number-plate-vehicle-detection\data\final_merged_datasets\images\train\img_001545.png,No,573.58,No,77.58,Good
D:\Guvi\Projects\major\number-plate-vehicle-detection\data\final_merged_datasets\images\train\img_001546.png,No,544.40,No,41.88,Good
D:\Guvi\Projects\major\number-plate-vehicle-detection\data\final_merged_datasets\images\train\img_001547.png,No,520.90,No,38.22,Good
D:\Guvi\Projects\major\number-plate-vehicle-detection\data\final_merged_datasets\images\train\img_001548.png,No,524.74,No,40.07,Good
D:\Guvi\Projects\major\number-plate-vehicle-detection\data\final_merged_datasets\images\train\img_001550.png,No,537.05,No,42.71,Good
D:\Guvi\Projects\major\number-plate-vehicle-detection\data\final_merged_datasets\images\train\img_001552.png,No,523.71,No,42.22,Good
D:\Guvi\Projects\major\number-plate-vehicle-detection\data\final_merged_datasets\images\train\img_001554.png,No,532.74,No,37.92,Good
D:\Guvi\Projects\major\number-plate-vehicle-detection\data\final_merged_datasets\images\train\img_001557.png,No,525.09,No,42.79,Good
D:\Guvi\Projects\major\number-plate-vehicle-detection\data\final_merged_datasets\images\train\img_001559.png,No,557.32,No,42.96,Good
D:\Guvi\Projects\major\number-plate-vehicle-detection\data\final_merged_datasets\images\train\img_001560.png,No,569.75,No,79.76,Good
D:\Guvi\Projects\major\number-plate-vehicle-detection\data\final_merged_datasets\images\train\img_001561.png,No,564.14,No,63.35,Good
D:\Guvi\Projects\major\number-plate-vehicle-detection\data\final_merged_datasets\images\train\img_001563.png,No,554.25,No,77.24,Good
D:\Guvi\Projects\major\number-plate-vehicle-detection\data\final_merged_datasets\images\train\img_001564.png,No,1238.98,No,0.00,Unknown
D:\Guvi\Projects\major\number-plate-vehicle-detection\data\final_merged_datasets\images\train\img_001566.png,No,1068.15,Yes,21.29,Good
D:\Guvi\Projects\major\number-plate-vehicle-detection\data\final_merged_datasets\images\train\img_001567.png,No,1055.97,Yes,19.39,Good
D:\Guvi\Projects\major\number-plate-vehicle-detection\data\final_merged_datasets\images\train\img_001568.png,No,1090.98,Yes,21.72,Good
D:\Guvi\Projects\major\number-plate-vehicle-detection\data\final_merged_datasets\images\train\img_001570.png,No,1022.39,Yes,17.43,Good
D:\Guvi\Projects\major\number-plate-vehicle-detection\data\final_merged_datasets\images\train\img_001573.png,No,1017.44,No,33.65,Good
D:\Guvi\Projects\major\number-plate-vehicle-detection\data\final_merged_datasets\images\train\img_001576.png,No,1102.11,No,0.00,Unknown
D:\Guvi\Projects\major\number-plate-vehicle-detection\data\final_merged_datasets\images\train\img_001578.png,No,1082.30,No,32.70,Good
D:\Guvi\Projects\major\number-plate-vehicle-detection\data\final_merged_datasets\images\train\img_001581.png,No,1150.14,No,38.49,Good
D:\Guvi\Projects\major\number-plate-vehicle-detection\data\final_merged_datasets\images\train\img_001582.png,No,1104.70,No,43.21,Good
D:\Guvi\Projects\major\number-plate-vehicle-detection\data\final_merged_datasets\images\train\img_001583.png,No,1098.39,No,34.28,Good
D:\Guvi\Projects\major\number-plate-vehicle-detection\data\final_merged_datasets\images\train\img_001584.png,No,1084.51,No,46.57,Good
D:\Guvi\Projects\major\number-plate-vehicle-detection\data\final_merged_datasets\images\train\img_001585.png,No,1155.22,No,46.22,Good
D:\Guvi\Projects\major\number-plate-vehicle-detection\data\final_merged_datasets\images\train\img_001586.png,No,1088.11,No,36.58,Good
D:\Guvi\Projects\major\number-plate-vehicle-detection\data\final_merged_datasets\images\train\img_001588.png,No,1107.97,No,47.27,Good
D:\Guvi\Projects\major\number-plate-vehicle-detection\data\final_merged_datasets\images\train\img_001589.png,No,1096.09,No,45.59,Good
D:\Guvi\Projects\major\number-plate-vehicle-detection\data\final_merged_datasets\images\train\img_001590.png,No,1180.91,No,40.05,Good
D:\Guvi\Projects\major\number-plate-vehicle-detection\data\final_merged_datasets\images\train\img_001591.png,No,1116.66,No,49.66,Good
D:\Guvi\Projects\major\number-plate-vehicle-detection\data\final_merged_datasets\images\train\img_001592.png,No,1146.16,No,57.75,Good
D:\Guvi\Projects\major\number-plate-vehicle-detection\data\final_merged_datasets\images\train\img_001593.png,No,1152.38,No,54.69,Good
D:\Guvi\Projects\major\number-plate-vehicle-detection\data\final_merged_datasets\images\train\img_001595.png,No,1131.06,No,59.29,Good
D:\Guvi\Projects\major\number-plate-vehicle-detection\data\final_merged_datasets\images\train\img_001597.png,No,1101.47,No,50.01,Good
D:\Guvi\Projects\major\number-plate-vehicle-detection\data\final_merged_datasets\images\train\img_001598.png,No,1075.08,No,0.00,Unknown
D:\Guvi\Projects\major\number-plate-vehicle-detection\data\final_merged_datasets\images\train\img_001599.png,No,1136.82,No,58.34,Good
D:\Guvi\Projects\major\number-plate-vehicle-detection\data\final_merged_datasets\images\train\img_001601.png,No,1039.91,No,0.00,Unknown
D:\Guvi\Projects\major\number-plate-vehicle-detection\data\final_merged_datasets\images\train\img_001602.png,No,1053.26,No,0.00,Unknown
D:\Guvi\Projects\major\number-plate-vehicle-detection\data\final_merged_datasets\images\train\img_001603.png,No,1117.64,No,33.71,Good
D:\Guvi\Projects\major\number-plate-vehicle-detection\data\final_merged_datasets\images\train\img_001604.png,No,1068.00,No,32.54,Good
D:\Guvi\Projects\major\number-plate-vehicle-detection\data\final_merged_datasets\images\train\img_001605.png,No,658.71,Yes,7.78,Too Dark
D:\Guvi\Projects\major\number-plate-vehicle-detection\data\final_merged_datasets\images\train\img_001607.png,No,537.94,Yes,23.38,Too Dark
D:\Guvi\Projects\major\number-plate-vehicle-detection\data\final_merged_datasets\images\train\img_001610.png,No,574.63,Yes,25.20,Too Dark
D:\Guvi\Projects\major\number-plate-vehicle-detection\data\final_merged_datasets\images\train\img_001611.png,No,615.68,Yes,20.49,Good
D:\Guvi\Projects\major\number-plate-vehicle-detection\data\final_merged_datasets\images\train\img_001612.png,No,620.38,Yes,16.03,Good
D:\Guvi\Projects\major\number-plate-vehicle-detection\data\final_merged_datasets\images\train\img_001613.png,No,679.47,No,30.52,Too Dark
D:\Guvi\Projects\major\number-plate-vehicle-detection\data\final_merged_datasets\images\train\img_001614.png,No,642.53,Yes,23.16,Good
D:\Guvi\Projects\major\number-plate-vehicle-detection\data\final_merged_datasets\images\train\img_001615.png,No,668.33,No,31.71,Good
D:\Guvi\Projects\major\number-plate-vehicle-detection\data\final_merged_datasets\images\train\img_001616.png,No,659.12,Yes,23.31,Good
D:\Guvi\Projects\major\number-plate-vehicle-detection\data\final_merged_datasets\images\train\img_001617.png,No,622.02,Yes,8.35,Too Dark
D:\Guvi\Projects\major\number-plate-vehicle-detection\data\final_merged_datasets\images\train\img_001618.png,No,690.84,Yes,22.18,Good
D:\Guvi\Projects\major\number-plate-vehicle-detection\data\final_merged_datasets\images\train\img_001619.png,No,649.71,No,31.02,Good
D:\Guvi\Projects\major\number-plate-vehicle-detection\data\final_merged_datasets\images\train\img_001622.png,No,676.58,Yes,29.47,Too Dark
D:\Guvi\Projects\major\number-plate-vehicle-detection\data\final_merged_datasets\images\train\img_001623.png,No,640.53,Yes,28.16,Too Dark
D:\Guvi\Projects\major\number-plate-vehicle-detection\data\final_merged_datasets\images\train\img_001624.png,No,658.20,Yes,27.04,Too Dark
D:\Guvi\Projects\major\number-plate-vehicle-detection\data\final_merged_datasets\images\train\img_001625.png,No,649.86,No,32.41,Good
D:\Guvi\Projects\major\number-plate-vehicle-detection\data\final_merged_datasets\images\train\img_001626.png,No,676.10,Yes,27.82,Too Dark
D:\Guvi\Projects\major\number-plate-vehicle-detection\data\final_merged_datasets\images\train\img_001628.png,No,617.98,Yes,11.07,Too Dark
D:\Guvi\Projects\major\number-plate-vehicle-detection\data\final_merged_datasets\images\train\img_001629.png,No,630.27,Yes,23.11,Good
D:\Guvi\Projects\major\number-plate-vehicle-detection\data\final_merged_datasets\images\train\img_001630.png,No,659.95,Yes,20.31,Too Dark
D:\Guvi\Projects\major\number-plate-vehicle-detection\data\final_merged_datasets\images\train\img_001631.png,No,584.14,Yes,21.62,Too Dark
D:\Guvi\Projects\major\number-plate-vehicle-detection\data\final_merged_datasets\images\train\img_001633.png,No,525.61,Yes,21.20,Too Dark
D:\Guvi\Projects\major\number-plate-vehicle-detection\data\final_merged_datasets\images\train\img_001634.png,No,545.69,Yes,22.96,Too Dark
D:\Guvi\Projects\major\number-plate-vehicle-detection\data\final_merged_datasets\images\train\img_001635.png,No,519.34,Yes,16.88,Too Dark
D:\Guvi\Projects\major\number-plate-vehicle-detection\data\final_merged_datasets\images\train\img_001636.png,No,906.39,No,43.47,Good
D:\Guvi\Projects\major\number-plate-vehicle-detection\data\final_merged_datasets\images\train\img_001637.png,No,868.10,No,33.14,Good
D:\Guvi\Projects\major\number-plate-vehicle-detection\data\final_merged_datasets\images\train\img_001638.png,No,785.00,No,39.68,Good
D:\Guvi\Projects\major\number-plate-vehicle-detection\data\final_merged_datasets\images\train\img_001639.png,No,769.84,No,39.51,Good
D:\Guvi\Projects\major\number-plate-vehicle-detection\data\final_merged_datasets\images\train\img_001641.png,No,769.92,No,40.74,Good
D:\Guvi\Projects\major\number-plate-vehicle-detection\data\final_merged_datasets\images\train\img_001644.png,No,802.19,No,40.19,Good
D:\Guvi\Projects\major\number-plate-vehicle-detection\data\final_merged_datasets\images\train\img_001645.png,No,790.57,No,40.72,Good
D:\Guvi\Projects\major\number-plate-vehicle-detection\data\final_merged_datasets\images\train\img_001647.png,No,787.56,No,31.93,Good
D:\Guvi\Projects\major\number-plate-vehicle-detection\data\final_merged_datasets\images\train\img_001648.png,No,881.77,No,36.13,Good
D:\Guvi\Projects\major\number-plate-vehicle-detection\data\final_merged_datasets\images\train\img_001649.png,No,824.15,No,37.75,Good
D:\Guvi\Projects\major\number-plate-vehicle-detection\data\final_merged_datasets\images\train\img_001652.png,No,804.63,No,37.31,Good
D:\Guvi\Projects\major\number-plate-vehicle-detection\data\final_merged_datasets\images\train\img_001654.png,No,818.60,No,40.39,Good
D:\Guvi\Projects\major\number-plate-vehicle-detection\data\final_merged_datasets\images\train\img_001657.png,No,816.91,No,36.68,Good
D:\Guvi\Projects\major\number-plate-vehicle-detection\data\final_merged_datasets\images\train\img_001658.png,No,788.75,No,40.76,Good
D:\Guvi\Projects\major\number-plate-vehicle-detection\data\final_merged_datasets\images\train\img_001659.png,No,855.42,No,40.78,Good
D:\Guvi\Projects\major\number-plate-vehicle-detection\data\final_merged_datasets\images\train\img_001661.png,No,876.22,No,38.37,Good
D:\Guvi\Projects\major\number-plate-vehicle-detection\data\final_merged_datasets\images\train\img_001662.png,No,825.11,No,40.48,Good
D:\Guvi\Projects\major\number-plate-vehicle-detection\data\final_merged_datasets\images\train\img_001663.png,No,831.42,No,35.84,Good
D:\Guvi\Projects\major\number-plate-vehicle-detection\data\final_merged_datasets\images\train\img_001664.png,No,793.32,No,36.86,Good
D:\Guvi\Projects\major\number-plate-vehicle-detection\data\final_merged_datasets\images\train\img_001666.png,No,772.93,No,41.72,Good
D:\Guvi\Projects\major\number-plate-vehicle-detection\data\final_merged_datasets\images\val\img_000090.png,No,3333.36,No,62.92,Good
D:\Guvi\Projects\major\number-plate-vehicle-detection\data\final_merged_datasets\images\val\img_000096.png,No,7350.77,No,65.56,Good
D:\Guvi\Projects\major\number-plate-vehicle-detection\data\final_merged_datasets\images\val\img_000109.png,No,1102.33,No,40.03,Good
D:\Guvi\Projects\major\number-plate-vehicle-detection\data\final_merged_datasets\images\val\img_000111.png,No,640.55,No,36.48,Good
D:\Guvi\Projects\major\number-plate-vehicle-detection\data\final_merged_datasets\images\val\img_000116.png,No,1755.50,No,51.73,Good
D:\Guvi\Projects\major\number-plate-vehicle-detection\data\final_merged_datasets\images\val\img_000120.png,No,474.64,No,86.39,Good
D:\Guvi\Projects\major\number-plate-vehicle-detection\data\final_merged_datasets\images\val\img_000125.png,No,3829.90,No,0.00,Unknown
D:\Guvi\Projects\major\number-plate-vehicle-detection\data\final_merged_datasets\images\val\img_000128.png,No,760.92,Yes,25.33,Too Dark
D:\Guvi\Projects\major\number-plate-vehicle-detection\data\final_merged_datasets\images\val\img_000129.png,No,16694.11,No,68.64,Too Bright
D:\Guvi\Projects\major\number-plate-vehicle-detection\data\final_merged_datasets\images\val\img_000136.png,No,1173.02,No,68.60,Good
D:\Guvi\Projects\major\number-plate-vehicle-detection\data\final_merged_datasets\images\val\img_000137.png,No,360.89,No,81.81,Good
D:\Guvi\Projects\major\number-plate-vehicle-detection\data\final_merged_datasets\images\val\img_000139.png,No,1487.36,No,73.82,Good
D:\Guvi\Projects\major\number-plate-vehicle-detection\data\final_merged_datasets\images\val\img_000143.png,No,426.75,No,30.58,Good
D:\Guvi\Projects\major\number-plate-vehicle-detection\data\final_merged_datasets\images\val\img_000145.png,No,1290.31,No,39.81,Good
D:\Guvi\Projects\major\number-plate-vehicle-detection\data\final_merged_datasets\images\val\img_000148.png,No,869.77,No,50.84,Good
D:\Guvi\Projects\major\number-plate-vehicle-detection\data\final_merged_datasets\images\val\img_000154.png,No,844.31,No,47.00,Good
D:\Guvi\Projects\major\number-plate-vehicle-detection\data\final_merged_datasets\images\val\img_000161.png,No,295.69,No,31.00,Good
D:\Guvi\Projects\major\number-plate-vehicle-detection\data\final_merged_datasets\images\val\img_000162.png,No,445.17,No,87.66,Good
D:\Guvi\Projects\major\number-plate-vehicle-detection\data\final_merged_datasets\images\val\img_000166.png,No,1373.94,No,75.07,Good
D:\Guvi\Projects\major\number-plate-vehicle-detection\data\final_merged_datasets\images\val\img_000168.png,No,1382.68,No,38.56,Good
D:\Guvi\Projects\major\number-plate-vehicle-detection\data\final_merged_datasets\images\val\img_000177.png,No,2265.21,No,0.00,Unknown
D:\Guvi\Projects\major\number-plate-vehicle-detection\data\final_merged_datasets\images\val\img_000935.png,No,6103.25,No,32.91,Good
D:\Guvi\Projects\major\number-plate-vehicle-detection\data\final_merged_datasets\images\val\img_000938.png,No,736.84,No,58.57,Good
D:\Guvi\Projects\major\number-plate-vehicle-detection\data\final_merged_datasets\images\val\img_000945.png,No,677.19,No,72.51,Good
D:\Guvi\Projects\major\number-plate-vehicle-detection\data\final_merged_datasets\images\val\img_000948.png,No,756.67,No,52.43,Too Bright
D:\Guvi\Projects\major\number-plate-vehicle-detection\data\final_merged_datasets\images\val\img_000954.png,No,744.09,No,68.85,Good
D:\Guvi\Projects\major\number-plate-vehicle-detection\data\final_merged_datasets\images\val\img_000956.png,No,801.59,No,66.89,Good
D:\Guvi\Projects\major\number-plate-vehicle-detection\data\final_merged_datasets\images\val\img_000975.png,No,212.81,Yes,25.16,Too Bright
D:\Guvi\Projects\major\number-plate-vehicle-detection\data\final_merged_datasets\images\val\img_000985.png,Yes,64.80,No,0.00,Unknown
D:\Guvi\Projects\major\number-plate-vehicle-detection\data\final_merged_datasets\images\val\img_000987.png,Yes,64.57,No,0.00,Unknown
D:\Guvi\Projects\major\number-plate-vehicle-detection\data\final_merged_datasets\images\val\img_001003.png,Yes,38.85,No,37.69,Good
D:\Guvi\Projects\major\number-plate-vehicle-detection\data\final_merged_datasets\images\val\img_001004.png,Yes,39.18,Yes,23.29,Good
D:\Guvi\Projects\major\number-plate-vehicle-detection\data\final_merged_datasets\images\val\img_001010.png,Yes,39.49,No,31.46,Good
D:\Guvi\Projects\major\number-plate-vehicle-detection\data\final_merged_datasets\images\val\img_001011.png,Yes,41.87,No,30.08,Good
D:\Guvi\Projects\major\number-plate-vehicle-detection\data\final_merged_datasets\images\val\img_001023.png,No,424.07,No,33.66,Good
D:\Guvi\Projects\major\number-plate-vehicle-detection\data\final_merged_datasets\images\val\img_001024.png,No,275.46,No,53.17,Good
D:\Guvi\Projects\major\number-plate-vehicle-detection\data\final_merged_datasets\images\val\img_001027.png,No,911.24,No,0.00,Unknown
D:\Guvi\Projects\major\number-plate-vehicle-detection\data\final_merged_datasets\images\val\img_001034.png,No,904.62,No,68.42,Good
D:\Guvi\Projects\major\number-plate-vehicle-detection\data\final_merged_datasets\images\val\img_001038.png,No,901.92,No,58.27,Good
D:\Guvi\Projects\major\number-plate-vehicle-detection\data\final_merged_datasets\images\val\img_001039.png,No,885.64,No,66.19,Good
D:\Guvi\Projects\major\number-plate-vehicle-detection\data\final_merged_datasets\images\val\img_001040.png,No,974.55,No,64.17,Good
D:\Guvi\Projects\major\number-plate-vehicle-detection\data\final_merged_datasets\images\val\img_001042.png,No,887.73,No,48.42,Good
D:\Guvi\Projects\major\number-plate-vehicle-detection\data\final_merged_datasets\images\val\img_001045.png,No,898.72,No,65.02,Good
D:\Guvi\Projects\major\number-plate-vehicle-detection\data\final_merged_datasets\images\val\img_001050.png,No,4749.99,No,0.00,Unknown
D:\Guvi\Projects\major\number-plate-vehicle-detection\data\final_merged_datasets\images\val\img_001054.png,No,6358.54,No,47.75,Good
D:\Guvi\Projects\major\number-plate-vehicle-detection\data\final_merged_datasets\images\val\img_001058.png,No,716.19,No,0.00,Unknown
D:\Guvi\Projects\major\number-plate-vehicle-detection\data\final_merged_datasets\images\val\img_001062.png,No,2457.57,No,30.57,Too Dark
D:\Guvi\Projects\major\number-plate-vehicle-detection\data\final_merged_datasets\images\val\img_001065.png,No,143.73,No,0.00,Unknown
D:\Guvi\Projects\major\number-plate-vehicle-detection\data\final_merged_datasets\images\val\img_001067.png,No,1837.88,No,55.89,Good
D:\Guvi\Projects\major\number-plate-vehicle-detection\data\final_merged_datasets\images\val\img_001071.png,No,4002.49,Yes,29.28,Good
D:\Guvi\Projects\major\number-plate-vehicle-detection\data\final_merged_datasets\images\val\img_001074.png,No,495.25,No,64.13,Good
D:\Guvi\Projects\major\number-plate-vehicle-detection\data\final_merged_datasets\images\val\img_001080.png,No,1410.01,No,0.00,Unknown
D:\Guvi\Projects\major\number-plate-vehicle-detection\data\final_merged_datasets\images\val\img_001082.png,No,196.14,Yes,24.43,Good
D:\Guvi\Projects\major\number-plate-vehicle-detection\data\final_merged_datasets\images\val\img_001083.png,No,917.48,No,0.00,Unknown
D:\Guvi\Projects\major\number-plate-vehicle-detection\data\final_merged_datasets\images\val\img_001098.png,No,2997.62,No,0.00,Unknown
D:\Guvi\Projects\major\number-plate-vehicle-detection\data\final_merged_datasets\images\val\img_001099.png,No,185.83,No,58.79,Good
D:\Guvi\Projects\major\number-plate-vehicle-detection\data\final_merged_datasets\images\val\img_001100.png,No,300.07,No,37.94,Good
D:\Guvi\Projects\major\number-plate-vehicle-detection\data\final_merged_datasets\images\val\img_001107.png,No,692.35,No,0.00,Unknown
D:\Guvi\Projects\major\number-plate-vehicle-detection\data\final_merged_datasets\images\val\img_001112.png,No,2601.60,No,0.00,Unknown
D:\Guvi\Projects\major\number-plate-vehicle-detection\data\final_merged_datasets\images\val\img_001116.png,No,705.95,No,47.24,Too Bright
D:\Guvi\Projects\major\number-plate-vehicle-detection\data\final_merged_datasets\images\val\img_001118.png,No,1819.34,No,0.00,Unknown
D:\Guvi\Projects\major\number-plate-vehicle-detection\data\final_merged_datasets\images\val\img_001119.png,No,949.19,No,0.00,Unknown
D:\Guvi\Projects\major\number-plate-vehicle-detection\data\final_merged_datasets\images\val\img_001120.png,No,1274.27,No,0.00,Unknown
D:\Guvi\Projects\major\number-plate-vehicle-detection\data\final_merged_datasets\images\val\img_001123.png,No,1381.09,No,0.00,Unknown
D:\Guvi\Projects\major\number-plate-vehicle-detection\data\final_merged_datasets\images\val\img_001125.png,Yes,86.86,No,37.56,Good
D:\Guvi\Projects\major\number-plate-vehicle-detection\data\final_merged_datasets\images\val\img_001128.png,No,1444.78,No,63.45,Good
D:\Guvi\Projects\major\number-plate-vehicle-detection\data\final_merged_datasets\images\val\img_001139.png,No,13444.37,No,0.00,Unknown
D:\Guvi\Projects\major\number-plate-vehicle-detection\data\final_merged_datasets\images\val\img_001140.png,No,6455.65,No,0.00,Unknown
D:\Guvi\Projects\major\number-plate-vehicle-detection\data\final_merged_datasets\images\val\img_001144.png,No,3612.86,No,0.00,Unknown
D:\Guvi\Projects\major\number-plate-vehicle-detection\data\final_merged_datasets\images\val\img_001145.png,No,6981.74,No,0.00,Unknown
D:\Guvi\Projects\major\number-plate-vehicle-detection\data\final_merged_datasets\images\val\img_001157.png,No,6347.16,No,0.00,Unknown
D:\Guvi\Projects\major\number-plate-vehicle-detection\data\final_merged_datasets\images\val\img_001174.png,No,2951.38,No,0.00,Unknown
D:\Guvi\Projects\major\number-plate-vehicle-detection\data\final_merged_datasets\images\val\img_001181.png,No,2354.86,No,0.00,Unknown
D:\Guvi\Projects\major\number-plate-vehicle-detection\data\final_merged_datasets\images\val\img_001193.png,No,3016.85,No,44.13,Good
D:\Guvi\Projects\major\number-plate-vehicle-detection\data\final_merged_datasets\images\val\img_001194.png,No,495.19,No,41.22,Good
D:\Guvi\Projects\major\number-plate-vehicle-detection\data\final_merged_datasets\images\val\img_001196.png,No,2925.76,No,76.63,Good
D:\Guvi\Projects\major\number-plate-vehicle-detection\data\final_merged_datasets\images\val\img_001208.png,No,555.39,No,33.17,Good
D:\Guvi\Projects\major\number-plate-vehicle-detection\data\final_merged_datasets\images\val\img_001212.png,No,3162.07,No,55.56,Good
D:\Guvi\Projects\major\number-plate-vehicle-detection\data\final_merged_datasets\images\val\img_001216.png,No,370.11,No,0.00,Unknown
D:\Guvi\Projects\major\number-plate-vehicle-detection\data\final_merged_datasets\images\val\img_001222.png,No,2043.23,No,50.04,Good
D:\Guvi\Projects\major\number-plate-vehicle-detection\data\final_merged_datasets\images\val\img_001226.png,No,5862.68,No,43.33,Good
D:\Guvi\Projects\major\number-plate-vehicle-detection\data\final_merged_datasets\images\val\img_001229.png,No,1608.95,No,70.30,Good
D:\Guvi\Projects\major\number-plate-vehicle-detection\data\final_merged_datasets\images\val\img_001230.png,No,2038.45,No,0.00,Unknown
D:\Guvi\Projects\major\number-plate-vehicle-detection\data\final_merged_datasets\images\val\img_001232.png,No,1392.64,No,0.00,Unknown
D:\Guvi\Projects\major\number-plate-vehicle-detection\data\final_merged_datasets\images\val\img_001234.png,No,197.76,No,46.93,Good
D:\Guvi\Projects\major\number-plate-vehicle-detection\data\final_merged_datasets\images\val\img_001242.png,No,2763.37,No,52.90,Good
D:\Guvi\Projects\major\number-plate-vehicle-detection\data\final_merged_datasets\images\val\img_001253.png,No,609.12,No,67.30,Good
D:\Guvi\Projects\major\number-plate-vehicle-detection\data\final_merged_datasets\images\val\img_001258.png,No,1532.20,No,41.24,Good
D:\Guvi\Projects\major\number-plate-vehicle-detection\data\final_merged_datasets\images\val\img_001259.png,No,473.88,No,30.95,Good
D:\Guvi\Projects\major\number-plate-vehicle-detection\data\final_merged_datasets\images\val\img_001264.png,No,1570.46,No,65.15,Good
D:\Guvi\Projects\major\number-plate-vehicle-detection\data\final_merged_datasets\images\val\img_001265.png,No,2349.11,No,52.00,Good
D:\Guvi\Projects\major\number-plate-vehicle-detection\data\final_merged_datasets\images\val\img_001272.png,No,647.91,No,49.03,Good
D:\Guvi\Projects\major\number-plate-vehicle-detection\data\final_merged_datasets\images\val\img_001293.png,No,243.33,No,46.16,Good
D:\Guvi\Projects\major\number-plate-vehicle-detection\data\final_merged_datasets\images\val\img_001296.png,No,230.57,No,55.32,Good
D:\Guvi\Projects\major\number-plate-vehicle-detection\data\final_merged_datasets\images\val\img_001302.png,No,285.14,No,49.99,Good
D:\Guvi\Projects\major\number-plate-vehicle-detection\data\final_merged_datasets\images\val\img_001313.png,No,352.53,Yes,29.00,Good
D:\Guvi\Projects\major\number-plate-vehicle-detection\data\final_merged_datasets\images\val\img_001315.png,No,340.04,No,43.36,Good
D:\Guvi\Projects\major\number-plate-vehicle-detection\data\final_merged_datasets\images\val\img_001316.png,No,417.69,No,33.32,Good
D:\Guvi\Projects\major\number-plate-vehicle-detection\data\final_merged_datasets\images\val\img_001319.png,No,198.09,No,36.43,Good
D:\Guvi\Projects\major\number-plate-vehicle-detection\data\final_merged_datasets\images\val\img_001321.png,No,1522.57,No,58.12,Good
D:\Guvi\Projects\major\number-plate-vehicle-detection\data\final_merged_datasets\images\val\img_001329.png,No,313.30,Yes,23.81,Good
D:\Guvi\Projects\major\number-plate-vehicle-detection\data\final_merged_datasets\images\val\img_001332.png,No,187.68,Yes,20.99,Good
D:\Guvi\Projects\major\number-plate-vehicle-detection\data\final_merged_datasets\images\val\img_001333.png,No,488.66,No,35.90,Good
D:\Guvi\Projects\major\number-plate-vehicle-detection\data\final_merged_datasets\images\val\img_001338.png,No,863.48,Yes,27.45,Good
D:\Guvi\Projects\major\number-plate-vehicle-detection\data\final_merged_datasets\images\val\img_001345.png,No,800.18,No,37.38,Good
D:\Guvi\Projects\major\number-plate-vehicle-detection\data\final_merged_datasets\images\val\img_001347.png,No,837.04,No,36.58,Good
D:\Guvi\Projects\major\number-plate-vehicle-detection\data\final_merged_datasets\images\val\img_001350.png,No,810.78,Yes,28.56,Good
D:\Guvi\Projects\major\number-plate-vehicle-detection\data\final_merged_datasets\images\val\img_001351.png,No,815.88,No,35.73,Good
D:\Guvi\Projects\major\number-plate-vehicle-detection\data\final_merged_datasets\images\val\img_001356.png,No,858.97,Yes,25.99,Good
D:\Guvi\Projects\major\number-plate-vehicle-detection\data\final_merged_datasets\images\val\img_001368.png,No,847.11,No,39.24,Good
D:\Guvi\Projects\major\number-plate-vehicle-detection\data\final_merged_datasets\images\val\img_001372.png,No,864.97,No,43.43,Good
D:\Guvi\Projects\major\number-plate-vehicle-detection\data\final_merged_datasets\images\val\img_001374.png,No,807.85,No,42.44,Good
D:\Guvi\Projects\major\number-plate-vehicle-detection\data\final_merged_datasets\images\val\img_001382.png,No,850.35,No,41.05,Good
D:\Guvi\Projects\major\number-plate-vehicle-detection\data\final_merged_datasets\images\val\img_001400.png,No,261.52,Yes,14.92,Good
D:\Guvi\Projects\major\number-plate-vehicle-detection\data\final_merged_datasets\images\val\img_001403.png,No,239.32,Yes,15.40,Good
D:\Guvi\Projects\major\number-plate-vehicle-detection\data\final_merged_datasets\images\val\img_001405.png,No,229.91,Yes,21.51,Good
D:\Guvi\Projects\major\number-plate-vehicle-detection\data\final_merged_datasets\images\val\img_001411.png,No,780.19,No,52.55,Good
D:\Guvi\Projects\major\number-plate-vehicle-detection\data\final_merged_datasets\images\val\img_001419.png,No,801.09,No,47.84,Good
D:\Guvi\Projects\major\number-plate-vehicle-detection\data\final_merged_datasets\images\val\img_001421.png,No,737.60,No,39.20,Good
D:\Guvi\Projects\major\number-plate-vehicle-detection\data\final_merged_datasets\images\val\img_001427.png,No,783.55,No,50.14,Good
D:\Guvi\Projects\major\number-plate-vehicle-detection\data\final_merged_datasets\images\val\img_001430.png,No,771.86,No,41.59,Good
D:\Guvi\Projects\major\number-plate-vehicle-detection\data\final_merged_datasets\images\val\img_001431.png,No,831.44,No,47.75,Too Bright
D:\Guvi\Projects\major\number-plate-vehicle-detection\data\final_merged_datasets\images\val\img_001432.png,No,775.38,No,46.52,Good
D:\Guvi\Projects\major\number-plate-vehicle-detection\data\final_merged_datasets\images\val\img_001433.png,No,775.38,No,43.00,Too Bright
D:\Guvi\Projects\major\number-plate-vehicle-detection\data\final_merged_datasets\images\val\img_001434.png,No,777.66,No,48.96,Good
D:\Guvi\Projects\major\number-plate-vehicle-detection\data\final_merged_datasets\images\val\img_001447.png,No,791.69,No,50.46,Good
D:\Guvi\Projects\major\number-plate-vehicle-detection\data\final_merged_datasets\images\val\img_001466.png,No,636.37,Yes,24.27,Good
D:\Guvi\Projects\major\number-plate-vehicle-detection\data\final_merged_datasets\images\val\img_001469.png,No,616.18,No,34.83,Good
D:\Guvi\Projects\major\number-plate-vehicle-detection\data\final_merged_datasets\images\val\img_001474.png,No,653.43,No,36.34,Good
D:\Guvi\Projects\major\number-plate-vehicle-detection\data\final_merged_datasets\images\val\img_001486.png,No,644.20,No,30.74,Good
D:\Guvi\Projects\major\number-plate-vehicle-detection\data\final_merged_datasets\images\val\img_001496.png,No,154.70,Yes,25.84,Good
D:\Guvi\Projects\major\number-plate-vehicle-detection\data\final_merged_datasets\images\val\img_001505.png,No,164.81,No,31.44,Good
D:\Guvi\Projects\major\number-plate-vehicle-detection\data\final_merged_datasets\images\val\img_001510.png,No,160.78,Yes,29.79,Good
D:\Guvi\Projects\major\number-plate-vehicle-detection\data\final_merged_datasets\images\val\img_001513.png,No,209.62,No,41.38,Good
D:\Guvi\Projects\major\number-plate-vehicle-detection\data\final_merged_datasets\images\val\img_001523.png,No,123.62,No,37.97,Good
D:\Guvi\Projects\major\number-plate-vehicle-detection\data\final_merged_datasets\images\val\img_001525.png,No,123.67,No,38.85,Good
D:\Guvi\Projects\major\number-plate-vehicle-detection\data\final_merged_datasets\images\val\img_001529.png,No,157.05,Yes,22.57,Good
D:\Guvi\Projects\major\number-plate-vehicle-detection\data\final_merged_datasets\images\val\img_001530.png,No,142.10,Yes,26.40,Good
D:\Guvi\Projects\major\number-plate-vehicle-detection\data\final_merged_datasets\images\val\img_001531.png,No,166.65,Yes,24.56,Good
D:\Guvi\Projects\major\number-plate-vehicle-detection\data\final_merged_datasets\images\val\img_001541.png,No,559.07,No,37.15,Good
D:\Guvi\Projects\major\number-plate-vehicle-detection\data\final_merged_datasets\images\val\img_001549.png,No,519.66,No,40.33,Good
D:\Guvi\Projects\major\number-plate-vehicle-detection\data\final_merged_datasets\images\val\img_001551.png,No,517.75,No,43.37,Good
D:\Guvi\Projects\major\number-plate-vehicle-detection\data\final_merged_datasets\images\val\img_001555.png,No,521.72,No,43.70,Good
D:\Guvi\Projects\major\number-plate-vehicle-detection\data\final_merged_datasets\images\val\img_001558.png,No,596.83,No,45.03,Good
D:\Guvi\Projects\major\number-plate-vehicle-detection\data\final_merged_datasets\images\val\img_001565.png,No,1067.33,No,0.00,Unknown
D:\Guvi\Projects\major\number-plate-vehicle-detection\data\final_merged_datasets\images\val\img_001569.png,No,1034.29,Yes,20.72,Good
D:\Guvi\Projects\major\number-plate-vehicle-detection\data\final_merged_datasets\images\val\img_001572.png,No,1068.42,Yes,29.30,Good
D:\Guvi\Projects\major\number-plate-vehicle-detection\data\final_merged_datasets\images\val\img_001577.png,No,1090.97,No,30.36,Good
D:\Guvi\Projects\major\number-plate-vehicle-detection\data\final_merged_datasets\images\val\img_001579.png,No,1091.04,No,30.83,Good
D:\Guvi\Projects\major\number-plate-vehicle-detection\data\final_merged_datasets\images\val\img_001580.png,No,1050.58,No,30.52,Good
D:\Guvi\Projects\major\number-plate-vehicle-detection\data\final_merged_datasets\images\val\img_001594.png,No,1189.08,No,54.59,Good
D:\Guvi\Projects\major\number-plate-vehicle-detection\data\final_merged_datasets\images\val\img_001596.png,No,1150.23,No,58.83,Good
D:\Guvi\Projects\major\number-plate-vehicle-detection\data\final_merged_datasets\images\val\img_001600.png,No,1039.22,No,0.00,Unknown
D:\Guvi\Projects\major\number-plate-vehicle-detection\data\final_merged_datasets\images\val\img_001606.png,No,604.82,Yes,8.42,Too Dark
D:\Guvi\Projects\major\number-plate-vehicle-detection\data\final_merged_datasets\images\val\img_001609.png,No,595.59,Yes,25.75,Too Dark
D:\Guvi\Projects\major\number-plate-vehicle-detection\data\final_merged_datasets\images\val\img_001620.png,No,652.33,No,41.53,Good
D:\Guvi\Projects\major\number-plate-vehicle-detection\data\final_merged_datasets\images\val\img_001627.png,No,635.00,Yes,22.08,Good
D:\Guvi\Projects\major\number-plate-vehicle-detection\data\final_merged_datasets\images\val\img_001632.png,No,563.13,Yes,24.52,Too Dark
D:\Guvi\Projects\major\number-plate-vehicle-detection\data\final_merged_datasets\images\val\img_001640.png,No,816.52,No,37.43,Good
D:\Guvi\Projects\major\number-plate-vehicle-detection\data\final_merged_datasets\images\val\img_001643.png,No,773.50,No,37.30,Good
D:\Guvi\Projects\major\number-plate-vehicle-detection\data\final_merged_datasets\images\val\img_001646.png,No,806.48,No,37.26,Good
D:\Guvi\Projects\major\number-plate-vehicle-detection\data\final_merged_datasets\images\val\img_001650.png,No,799.72,No,37.61,Good
D:\Guvi\Projects\major\number-plate-vehicle-detection\data\final_merged_datasets\images\val\img_001651.png,No,817.24,No,37.76,Good
D:\Guvi\Projects\major\number-plate-vehicle-detection\data\final_merged_datasets\images\val\img_001653.png,No,830.91,No,37.60,Good
D:\Guvi\Projects\major\number-plate-vehicle-detection\data\final_merged_datasets\images\val\img_001655.png,No,819.83,No,37.58,Good
D:\Guvi\Projects\major\number-plate-vehicle-detection\data\final_merged_datasets\images\val\img_001665.png,No,806.61,No,39.61,Good
