image,category
D:\Guvi\Projects\major\number-plate-vehicle-detection\data\final_merged_datasets\images\test\img_000009.jpg,Daylight
D:\Guvi\Projects\major\number-plate-vehicle-detection\data\final_merged_datasets\images\test\img_000010.jpg,Daylight
D:\Guvi\Projects\major\number-plate-vehicle-detection\data\final_merged_datasets\images\test\img_000017.jpg,Daylight
D:\Guvi\Projects\major\number-plate-vehicle-detection\data\final_merged_datasets\images\test\img_000020.jpg,Daylight
D:\Guvi\Projects\major\number-plate-vehicle-detection\data\final_merged_datasets\images\test\img_000028.jpg,Daylight
D:\Guvi\Projects\major\number-plate-vehicle-detection\data\final_merged_datasets\images\test\img_000034.jpg,Daylight
D:\Guvi\Projects\major\number-plate-vehicle-detection\data\final_merged_datasets\images\test\img_000037.jpg,Daylight
D:\Guvi\Projects\major\number-plate-vehicle-detection\data\final_merged_datasets\images\test\img_000055.jpg,Daylight
D:\Guvi\Projects\major\number-plate-vehicle-detection\data\final_merged_datasets\images\test\img_000061.jpg,Daylight
D:\Guvi\Projects\major\number-plate-vehicle-detection\data\final_merged_datasets\images\test\img_000065.jpg,Daylight
D:\Guvi\Projects\major\number-plate-vehicle-detection\data\final_merged_datasets\images\test\img_000078.jpg,Daylight
D:\Guvi\Projects\major\number-plate-vehicle-detection\data\final_merged_datasets\images\test\img_000183.jpg,Daylight
D:\Guvi\Projects\major\number-plate-vehicle-detection\data\final_merged_datasets\images\test\img_000189.jpg,Daylight
D:\Guvi\Projects\major\number-plate-vehicle-detection\data\final_merged_datasets\images\test\img_000199.jpg,Daylight
D:\Guvi\Projects\major\number-plate-vehicle-detection\data\final_merged_datasets\images\test\img_000228.jpg,Daylight
D:\Guvi\Projects\major\number-plate-vehicle-detection\data\final_merged_datasets\images\test\img_000248.jpg,Night/Dark
D:\Guvi\Projects\major\number-plate-vehicle-detection\data\final_merged_datasets\images\test\img_000255.jpg,Daylight
D:\Guvi\Projects\major\number-plate-vehicle-detection\data\final_merged_datasets\images\test\img_000290.jpg,Daylight
D:\Guvi\Projects\major\number-plate-vehicle-detection\data\final_merged_datasets\images\test\img_000294.jpg,Daylight
D:\Guvi\Projects\major\number-plate-vehicle-detection\data\final_merged_datasets\images\test\img_000295.jpg,Daylight
D:\Guvi\Projects\major\number-plate-vehicle-detection\data\final_merged_datasets\images\test\img_000297.jpg,Daylight
D:\Guvi\Projects\major\number-plate-vehicle-detection\data\final_merged_datasets\images\test\img_000303.jpg,Daylight
D:\Guvi\Projects\major\number-plate-vehicle-detection\data\final_merged_datasets\images\test\img_000309.jpg,Daylight
D:\Guvi\Projects\major\number-plate-vehicle-detection\data\final_merged_datasets\images\test\img_000318.jpg,Daylight
D:\Guvi\Projects\major\number-plate-vehicle-detection\data\final_merged_datasets\images\test\img_000324.jpg,Night/Dark
D:\Guvi\Projects\major\number-plate-vehicle-detection\data\final_merged_datasets\images\test\img_000331.jpg,Night/Dark
D:\Guvi\Projects\major\number-plate-vehicle-detection\data\final_merged_datasets\images\test\img_000338.jpg,Daylight
D:\Guvi\Projects\major\number-plate-vehicle-detection\data\final_merged_datasets\images\test\img_000342.jpg,Daylight
D:\Guvi\Projects\major\number-plate-vehicle-detection\data\final_merged_datasets\images\test\img_000347.jpg,Daylight
D:\Guvi\Projects\major\number-plate-vehicle-detection\data\final_merged_datasets\images\test\img_000366.jpg,Daylight
D:\Guvi\Projects\major\number-plate-vehicle-detection\data\final_merged_datasets\images\test\img_000378.jpg,Daylight
D:\Guvi\Projects\major\number-plate-vehicle-detection\data\final_merged_datasets\images\test\img_000379.jpg,Daylight
D:\Guvi\Projects\major\number-plate-vehicle-detection\data\final_merged_datasets\images\test\img_000380.jpg,Daylight
D:\Guvi\Projects\major\number-plate-vehicle-detection\data\final_merged_datasets\images\test\img_000385.jpg,Daylight
D:\Guvi\Projects\major\number-plate-vehicle-detection\data\final_merged_datasets\images\test\img_000398.jpg,Daylight
D:\Guvi\Projects\major\number-plate-vehicle-detection\data\final_merged_datasets\images\test\img_000413.jpg,Daylight
D:\Guvi\Projects\major\number-plate-vehicle-detection\data\final_merged_datasets\images\test\img_000414.jpg,Daylight
D:\Guvi\Projects\major\number-plate-vehicle-detection\data\final_merged_datasets\images\test\img_000420.jpg,Daylight
D:\Guvi\Projects\major\number-plate-vehicle-detection\data\final_merged_datasets\images\test\img_000421.jpg,Daylight
D:\Guvi\Projects\major\number-plate-vehicle-detection\data\final_merged_datasets\images\test\img_000428.jpg,Daylight
D:\Guvi\Projects\major\number-plate-vehicle-detection\data\final_merged_datasets\images\test\img_000430.jpg,Daylight
D:\Guvi\Projects\major\number-plate-vehicle-detection\data\final_merged_datasets\images\test\img_000438.jpg,Daylight
D:\Guvi\Projects\major\number-plate-vehicle-detection\data\final_merged_datasets\images\test\img_000448.jpg,Daylight
D:\Guvi\Projects\major\number-plate-vehicle-detection\data\final_merged_datasets\images\test\img_000452.jpg,Daylight
D:\Guvi\Projects\major\number-plate-vehicle-detection\data\final_merged_datasets\images\test\img_000461.jpg,Daylight
D:\Guvi\Projects\major\number-plate-vehicle-detection\data\final_merged_datasets\images\test\img_000482.jpg,Daylight
D:\Guvi\Projects\major\number-plate-vehicle-detection\data\final_merged_datasets\images\test\img_000494.jpg,Daylight
D:\Guvi\Projects\major\number-plate-vehicle-detection\data\final_merged_datasets\images\test\img_000498.jpg,Daylight
D:\Guvi\Projects\major\number-plate-vehicle-detection\data\final_merged_datasets\images\test\img_000529.jpg,Daylight
D:\Guvi\Projects\major\number-plate-vehicle-detection\data\final_merged_datasets\images\test\img_000549.jpg,Daylight
D:\Guvi\Projects\major\number-plate-vehicle-detection\data\final_merged_datasets\images\test\img_000554.jpg,Daylight
D:\Guvi\Projects\major\number-plate-vehicle-detection\data\final_merged_datasets\images\test\img_000555.jpg,Daylight
D:\Guvi\Projects\major\number-plate-vehicle-detection\data\final_merged_datasets\images\test\img_000566.jpg,Daylight
D:\Guvi\Projects\major\number-plate-vehicle-detection\data\final_merged_datasets\images\test\img_000574.jpg,Daylight
D:\Guvi\Projects\major\number-plate-vehicle-detection\data\final_merged_datasets\images\test\img_000586.jpg,Daylight
D:\Guvi\Projects\major\number-plate-vehicle-detection\data\final_merged_datasets\images\test\img_000596.jpg,Daylight
D:\Guvi\Projects\major\number-plate-vehicle-detection\data\final_merged_datasets\images\test\img_000602.jpg,Daylight
D:\Guvi\Projects\major\number-plate-vehicle-detection\data\final_merged_datasets\images\test\img_000613.jpg,Daylight
D:\Guvi\Projects\major\number-plate-vehicle-detection\data\final_merged_datasets\images\test\img_000626.jpg,Daylight
D:\Guvi\Projects\major\number-plate-vehicle-detection\data\final_merged_datasets\images\test\img_000632.jpg,Daylight
D:\Guvi\Projects\major\number-plate-vehicle-detection\data\final_merged_datasets\images\test\img_000654.jpg,Daylight
D:\Guvi\Projects\major\number-plate-vehicle-detection\data\final_merged_datasets\images\test\img_000656.jpg,Daylight
D:\Guvi\Projects\major\number-plate-vehicle-detection\data\final_merged_datasets\images\test\img_000663.jpg,Daylight
D:\Guvi\Projects\major\number-plate-vehicle-detection\data\final_merged_datasets\images\test\img_000695.jpg,Daylight
D:\Guvi\Projects\major\number-plate-vehicle-detection\data\final_merged_datasets\images\test\img_000699.jpg,Daylight
D:\Guvi\Projects\major\number-plate-vehicle-detection\data\final_merged_datasets\images\test\img_000707.jpg,Daylight
D:\Guvi\Projects\major\number-plate-vehicle-detection\data\final_merged_datasets\images\test\img_000708.jpg,Daylight
D:\Guvi\Projects\major\number-plate-vehicle-detection\data\final_merged_datasets\images\test\img_000717.jpg,Daylight
D:\Guvi\Projects\major\number-plate-vehicle-detection\data\final_merged_datasets\images\test\img_000734.jpg,Daylight
D:\Guvi\Projects\major\number-plate-vehicle-detection\data\final_merged_datasets\images\test\img_000743.jpg,Daylight
D:\Guvi\Projects\major\number-plate-vehicle-detection\data\final_merged_datasets\images\test\img_000751.jpg,Daylight
D:\Guvi\Projects\major\number-plate-vehicle-detection\data\final_merged_datasets\images\test\img_000752.jpg,Daylight
D:\Guvi\Projects\major\number-plate-vehicle-detection\data\final_merged_datasets\images\test\img_000757.jpg,Daylight
D:\Guvi\Projects\major\number-plate-vehicle-detection\data\final_merged_datasets\images\test\img_000760.jpg,Night/Dark
D:\Guvi\Projects\major\number-plate-vehicle-detection\data\final_merged_datasets\images\test\img_000762.jpg,Night/Dark
D:\Guvi\Projects\major\number-plate-vehicle-detection\data\final_merged_datasets\images\test\img_000780.jpg,Night/Dark
D:\Guvi\Projects\major\number-plate-vehicle-detection\data\final_merged_datasets\images\test\img_000796.jpg,Night/Dark
D:\Guvi\Projects\major\number-plate-vehicle-detection\data\final_merged_datasets\images\test\img_000818.jpg,Daylight
D:\Guvi\Projects\major\number-plate-vehicle-detection\data\final_merged_datasets\images\test\img_000825.jpg,Daylight
D:\Guvi\Projects\major\number-plate-vehicle-detection\data\final_merged_datasets\images\test\img_000835.jpg,Daylight
D:\Guvi\Projects\major\number-plate-vehicle-detection\data\final_merged_datasets\images\test\img_000839.jpg,Daylight
D:\Guvi\Projects\major\number-plate-vehicle-detection\data\final_merged_datasets\images\test\img_000843.jpg,Daylight
D:\Guvi\Projects\major\number-plate-vehicle-detection\data\final_merged_datasets\images\test\img_000859.jpg,Daylight
D:\Guvi\Projects\major\number-plate-vehicle-detection\data\final_merged_datasets\images\test\img_000864.jpg,Daylight
D:\Guvi\Projects\major\number-plate-vehicle-detection\data\final_merged_datasets\images\test\img_000885.jpg,Daylight
D:\Guvi\Projects\major\number-plate-vehicle-detection\data\final_merged_datasets\images\test\img_000904.jpg,Daylight
D:\Guvi\Projects\major\number-plate-vehicle-detection\data\final_merged_datasets\images\test\img_000910.jpg,Daylight
D:\Guvi\Projects\major\number-plate-vehicle-detection\data\final_merged_datasets\images\test\img_000915.jpg,Daylight
D:\Guvi\Projects\major\number-plate-vehicle-detection\data\final_merged_datasets\images\test\img_000933.jpg,Daylight
D:\Guvi\Projects\major\number-plate-vehicle-detection\data\final_merged_datasets\images\test\img_001670.jpg,Daylight
D:\Guvi\Projects\major\number-plate-vehicle-detection\data\final_merged_datasets\images\test\img_001677.jpg,Daylight
D:\Guvi\Projects\major\number-plate-vehicle-detection\data\final_merged_datasets\images\test\img_001680.jpg,Daylight
D:\Guvi\Projects\major\number-plate-vehicle-detection\data\final_merged_datasets\images\test\img_001704.jpg,Daylight
D:\Guvi\Projects\major\number-plate-vehicle-detection\data\final_merged_datasets\images\test\img_001713.jpg,Daylight
D:\Guvi\Projects\major\number-plate-vehicle-detection\data\final_merged_datasets\images\test\img_001714.jpg,Daylight
D:\Guvi\Projects\major\number-plate-vehicle-detection\data\final_merged_datasets\images\test\img_001720.jpg,Daylight
D:\Guvi\Projects\major\number-plate-vehicle-detection\data\final_merged_datasets\images\test\img_001725.jpg,Daylight
D:\Guvi\Projects\major\number-plate-vehicle-detection\data\final_merged_datasets\images\test\img_001749.jpg,Daylight
D:\Guvi\Projects\major\number-plate-vehicle-detection\data\final_merged_datasets\images\test\img_001778.jpg,Daylight
D:\Guvi\Projects\major\number-plate-vehicle-detection\data\final_merged_datasets\images\train\img_000000.jpg,Daylight
D:\Guvi\Projects\major\number-plate-vehicle-detection\data\final_merged_datasets\images\train\img_000001.jpg,Daylight
D:\Guvi\Projects\major\number-plate-vehicle-detection\data\final_merged_datasets\images\train\img_000002.jpg,Daylight
D:\Guvi\Projects\major\number-plate-vehicle-detection\data\final_merged_datasets\images\train\img_000004.jpg,Daylight
D:\Guvi\Projects\major\number-plate-vehicle-detection\data\final_merged_datasets\images\train\img_000008.jpg,Daylight
D:\Guvi\Projects\major\number-plate-vehicle-detection\data\final_merged_datasets\images\train\img_000011.jpg,Daylight
D:\Guvi\Projects\major\number-plate-vehicle-detection\data\final_merged_datasets\images\train\img_000014.jpg,Daylight
D:\Guvi\Projects\major\number-plate-vehicle-detection\data\final_merged_datasets\images\train\img_000015.jpg,Daylight
D:\Guvi\Projects\major\number-plate-vehicle-detection\data\final_merged_datasets\images\train\img_000018.jpg,Daylight
D:\Guvi\Projects\major\number-plate-vehicle-detection\data\final_merged_datasets\images\train\img_000022.jpg,Daylight
D:\Guvi\Projects\major\number-plate-vehicle-detection\data\final_merged_datasets\images\train\img_000023.jpg,Daylight
D:\Guvi\Projects\major\number-plate-vehicle-detection\data\final_merged_datasets\images\train\img_000025.jpg,Daylight
D:\Guvi\Projects\major\number-plate-vehicle-detection\data\final_merged_datasets\images\train\img_000026.jpg,Daylight
D:\Guvi\Projects\major\number-plate-vehicle-detection\data\final_merged_datasets\images\train\img_000031.jpg,Daylight
D:\Guvi\Projects\major\number-plate-vehicle-detection\data\final_merged_datasets\images\train\img_000032.jpg,Daylight
D:\Guvi\Projects\major\number-plate-vehicle-detection\data\final_merged_datasets\images\train\img_000033.jpg,Daylight
D:\Guvi\Projects\major\number-plate-vehicle-detection\data\final_merged_datasets\images\train\img_000035.jpg,Daylight
D:\Guvi\Projects\major\number-plate-vehicle-detection\data\final_merged_datasets\images\train\img_000036.jpg,Daylight
D:\Guvi\Projects\major\number-plate-vehicle-detection\data\final_merged_datasets\images\train\img_000038.jpg,Daylight
D:\Guvi\Projects\major\number-plate-vehicle-detection\data\final_merged_datasets\images\train\img_000039.jpg,Bright/Sunny
D:\Guvi\Projects\major\number-plate-vehicle-detection\data\final_merged_datasets\images\train\img_000041.jpg,Daylight
D:\Guvi\Projects\major\number-plate-vehicle-detection\data\final_merged_datasets\images\train\img_000042.jpg,Daylight
D:\Guvi\Projects\major\number-plate-vehicle-detection\data\final_merged_datasets\images\train\img_000043.jpg,Daylight
D:\Guvi\Projects\major\number-plate-vehicle-detection\data\final_merged_datasets\images\train\img_000044.jpg,Daylight
D:\Guvi\Projects\major\number-plate-vehicle-detection\data\final_merged_datasets\images\train\img_000045.jpg,Daylight
D:\Guvi\Projects\major\number-plate-vehicle-detection\data\final_merged_datasets\images\train\img_000046.jpg,Daylight
D:\Guvi\Projects\major\number-plate-vehicle-detection\data\final_merged_datasets\images\train\img_000048.jpg,Daylight
D:\Guvi\Projects\major\number-plate-vehicle-detection\data\final_merged_datasets\images\train\img_000050.jpg,Daylight
D:\Guvi\Projects\major\number-plate-vehicle-detection\data\final_merged_datasets\images\train\img_000051.jpg,Daylight
D:\Guvi\Projects\major\number-plate-vehicle-detection\data\final_merged_datasets\images\train\img_000052.jpg,Daylight
D:\Guvi\Projects\major\number-plate-vehicle-detection\data\final_merged_datasets\images\train\img_000053.jpg,Daylight
D:\Guvi\Projects\major\number-plate-vehicle-detection\data\final_merged_datasets\images\train\img_000054.jpg,Daylight
D:\Guvi\Projects\major\number-plate-vehicle-detection\data\final_merged_datasets\images\train\img_000056.jpg,Daylight
D:\Guvi\Projects\major\number-plate-vehicle-detection\data\final_merged_datasets\images\train\img_000058.jpg,Night/Dark
D:\Guvi\Projects\major\number-plate-vehicle-detection\data\final_merged_datasets\images\train\img_000059.jpg,Daylight
D:\Guvi\Projects\major\number-plate-vehicle-detection\data\final_merged_datasets\images\train\img_000062.jpg,Night/Dark
D:\Guvi\Projects\major\number-plate-vehicle-detection\data\final_merged_datasets\images\train\img_000063.jpg,Daylight
D:\Guvi\Projects\major\number-plate-vehicle-detection\data\final_merged_datasets\images\train\img_000064.jpg,Daylight
D:\Guvi\Projects\major\number-plate-vehicle-detection\data\final_merged_datasets\images\train\img_000066.jpg,Daylight
D:\Guvi\Projects\major\number-plate-vehicle-detection\data\final_merged_datasets\images\train\img_000068.jpg,Daylight
D:\Guvi\Projects\major\number-plate-vehicle-detection\data\final_merged_datasets\images\train\img_000069.jpg,Daylight
D:\Guvi\Projects\major\number-plate-vehicle-detection\data\final_merged_datasets\images\train\img_000070.jpg,Daylight
D:\Guvi\Projects\major\number-plate-vehicle-detection\data\final_merged_datasets\images\train\img_000071.jpg,Daylight
D:\Guvi\Projects\major\number-plate-vehicle-detection\data\final_merged_datasets\images\train\img_000072.jpg,Daylight
D:\Guvi\Projects\major\number-plate-vehicle-detection\data\final_merged_datasets\images\train\img_000073.jpg,Daylight
D:\Guvi\Projects\major\number-plate-vehicle-detection\data\final_merged_datasets\images\train\img_000075.jpg,Daylight
D:\Guvi\Projects\major\number-plate-vehicle-detection\data\final_merged_datasets\images\train\img_000076.jpg,Daylight
D:\Guvi\Projects\major\number-plate-vehicle-detection\data\final_merged_datasets\images\train\img_000077.jpg,Daylight
D:\Guvi\Projects\major\number-plate-vehicle-detection\data\final_merged_datasets\images\train\img_000079.jpg,Daylight
D:\Guvi\Projects\major\number-plate-vehicle-detection\data\final_merged_datasets\images\train\img_000080.jpg,Daylight
D:\Guvi\Projects\major\number-plate-vehicle-detection\data\final_merged_datasets\images\train\img_000081.jpg,Daylight
D:\Guvi\Projects\major\number-plate-vehicle-detection\data\final_merged_datasets\images\train\img_000082.jpg,Daylight
D:\Guvi\Projects\major\number-plate-vehicle-detection\data\final_merged_datasets\images\train\img_000083.jpg,Daylight
D:\Guvi\Projects\major\number-plate-vehicle-detection\data\final_merged_datasets\images\train\img_000084.jpg,Daylight
D:\Guvi\Projects\major\number-plate-vehicle-detection\data\final_merged_datasets\images\train\img_000086.jpg,Daylight
D:\Guvi\Projects\major\number-plate-vehicle-detection\data\final_merged_datasets\images\train\img_000087.jpg,Daylight
D:\Guvi\Projects\major\number-plate-vehicle-detection\data\final_merged_datasets\images\train\img_000088.jpg,Daylight
D:\Guvi\Projects\major\number-plate-vehicle-detection\data\final_merged_datasets\images\train\img_000089.jpg,Daylight
D:\Guvi\Projects\major\number-plate-vehicle-detection\data\final_merged_datasets\images\train\img_000180.jpg,Daylight
D:\Guvi\Projects\major\number-plate-vehicle-detection\data\final_merged_datasets\images\train\img_000182.jpg,Daylight
D:\Guvi\Projects\major\number-plate-vehicle-detection\data\final_merged_datasets\images\train\img_000184.jpg,Daylight
D:\Guvi\Projects\major\number-plate-vehicle-detection\data\final_merged_datasets\images\train\img_000185.jpg,Daylight
D:\Guvi\Projects\major\number-plate-vehicle-detection\data\final_merged_datasets\images\train\img_000186.jpg,Daylight
D:\Guvi\Projects\major\number-plate-vehicle-detection\data\final_merged_datasets\images\train\img_000188.jpg,Daylight
D:\Guvi\Projects\major\number-plate-vehicle-detection\data\final_merged_datasets\images\train\img_000190.jpg,Daylight
D:\Guvi\Projects\major\number-plate-vehicle-detection\data\final_merged_datasets\images\train\img_000194.jpg,Daylight
D:\Guvi\Projects\major\number-plate-vehicle-detection\data\final_merged_datasets\images\train\img_000195.jpg,Daylight
D:\Guvi\Projects\major\number-plate-vehicle-detection\data\final_merged_datasets\images\train\img_000200.jpg,Daylight
D:\Guvi\Projects\major\number-plate-vehicle-detection\data\final_merged_datasets\images\train\img_000201.jpg,Daylight
D:\Guvi\Projects\major\number-plate-vehicle-detection\data\final_merged_datasets\images\train\img_000202.jpg,Daylight
D:\Guvi\Projects\major\number-plate-vehicle-detection\data\final_merged_datasets\images\train\img_000203.jpg,Daylight
D:\Guvi\Projects\major\number-plate-vehicle-detection\data\final_merged_datasets\images\train\img_000204.jpg,Daylight
D:\Guvi\Projects\major\number-plate-vehicle-detection\data\final_merged_datasets\images\train\img_000205.jpg,Daylight
D:\Guvi\Projects\major\number-plate-vehicle-detection\data\final_merged_datasets\images\train\img_000206.jpg,Daylight
D:\Guvi\Projects\major\number-plate-vehicle-detection\data\final_merged_datasets\images\train\img_000207.jpg,Daylight
D:\Guvi\Projects\major\number-plate-vehicle-detection\data\final_merged_datasets\images\train\img_000208.jpg,Daylight
D:\Guvi\Projects\major\number-plate-vehicle-detection\data\final_merged_datasets\images\train\img_000209.jpg,Daylight
D:\Guvi\Projects\major\number-plate-vehicle-detection\data\final_merged_datasets\images\train\img_000211.jpg,Daylight
D:\Guvi\Projects\major\number-plate-vehicle-detection\data\final_merged_datasets\images\train\img_000213.jpg,Daylight
D:\Guvi\Projects\major\number-plate-vehicle-detection\data\final_merged_datasets\images\train\img_000214.jpg,Daylight
D:\Guvi\Projects\major\number-plate-vehicle-detection\data\final_merged_datasets\images\train\img_000215.jpg,Daylight
D:\Guvi\Projects\major\number-plate-vehicle-detection\data\final_merged_datasets\images\train\img_000216.jpg,Daylight
D:\Guvi\Projects\major\number-plate-vehicle-detection\data\final_merged_datasets\images\train\img_000217.jpg,Daylight
D:\Guvi\Projects\major\number-plate-vehicle-detection\data\final_merged_datasets\images\train\img_000218.jpg,Daylight
D:\Guvi\Projects\major\number-plate-vehicle-detection\data\final_merged_datasets\images\train\img_000219.jpg,Daylight
D:\Guvi\Projects\major\number-plate-vehicle-detection\data\final_merged_datasets\images\train\img_000221.jpg,Daylight
D:\Guvi\Projects\major\number-plate-vehicle-detection\data\final_merged_datasets\images\train\img_000222.jpg,Daylight
D:\Guvi\Projects\major\number-plate-vehicle-detection\data\final_merged_datasets\images\train\img_000224.jpg,Daylight
D:\Guvi\Projects\major\number-plate-vehicle-detection\data\final_merged_datasets\images\train\img_000225.jpg,Daylight
D:\Guvi\Projects\major\number-plate-vehicle-detection\data\final_merged_datasets\images\train\img_000226.jpg,Daylight
D:\Guvi\Projects\major\number-plate-vehicle-detection\data\final_merged_datasets\images\train\img_000227.jpg,Daylight
D:\Guvi\Projects\major\number-plate-vehicle-detection\data\final_merged_datasets\images\train\img_000229.jpg,Daylight
D:\Guvi\Projects\major\number-plate-vehicle-detection\data\final_merged_datasets\images\train\img_000230.jpg,Daylight
D:\Guvi\Projects\major\number-plate-vehicle-detection\data\final_merged_datasets\images\train\img_000231.jpg,Daylight
D:\Guvi\Projects\major\number-plate-vehicle-detection\data\final_merged_datasets\images\train\img_000232.jpg,Daylight
D:\Guvi\Projects\major\number-plate-vehicle-detection\data\final_merged_datasets\images\train\img_000233.jpg,Daylight
D:\Guvi\Projects\major\number-plate-vehicle-detection\data\final_merged_datasets\images\train\img_000234.jpg,Daylight
D:\Guvi\Projects\major\number-plate-vehicle-detection\data\final_merged_datasets\images\train\img_000235.jpg,Daylight
D:\Guvi\Projects\major\number-plate-vehicle-detection\data\final_merged_datasets\images\train\img_000236.jpg,Daylight
D:\Guvi\Projects\major\number-plate-vehicle-detection\data\final_merged_datasets\images\train\img_000237.jpg,Daylight
D:\Guvi\Projects\major\number-plate-vehicle-detection\data\final_merged_datasets\images\train\img_000239.jpg,Daylight
D:\Guvi\Projects\major\number-plate-vehicle-detection\data\final_merged_datasets\images\train\img_000240.jpg,Daylight
D:\Guvi\Projects\major\number-plate-vehicle-detection\data\final_merged_datasets\images\train\img_000241.jpg,Daylight
D:\Guvi\Projects\major\number-plate-vehicle-detection\data\final_merged_datasets\images\train\img_000247.jpg,Daylight
D:\Guvi\Projects\major\number-plate-vehicle-detection\data\final_merged_datasets\images\train\img_000249.jpg,Daylight
D:\Guvi\Projects\major\number-plate-vehicle-detection\data\final_merged_datasets\images\train\img_000250.jpg,Daylight
D:\Guvi\Projects\major\number-plate-vehicle-detection\data\final_merged_datasets\images\train\img_000251.jpg,Daylight
D:\Guvi\Projects\major\number-plate-vehicle-detection\data\final_merged_datasets\images\train\img_000252.jpg,Daylight
D:\Guvi\Projects\major\number-plate-vehicle-detection\data\final_merged_datasets\images\train\img_000253.jpg,Daylight
D:\Guvi\Projects\major\number-plate-vehicle-detection\data\final_merged_datasets\images\train\img_000254.jpg,Daylight
D:\Guvi\Projects\major\number-plate-vehicle-detection\data\final_merged_datasets\images\train\img_000256.jpg,Daylight
D:\Guvi\Projects\major\number-plate-vehicle-detection\data\final_merged_datasets\images\train\img_000257.jpg,Daylight
D:\Guvi\Projects\major\number-plate-vehicle-detection\data\final_merged_datasets\images\train\img_000258.jpg,Daylight
D:\Guvi\Projects\major\number-plate-vehicle-detection\data\final_merged_datasets\images\train\img_000259.jpg,Daylight
D:\Guvi\Projects\major\number-plate-vehicle-detection\data\final_merged_datasets\images\train\img_000260.jpg,Daylight
D:\Guvi\Projects\major\number-plate-vehicle-detection\data\final_merged_datasets\images\train\img_000261.jpg,Daylight
D:\Guvi\Projects\major\number-plate-vehicle-detection\data\final_merged_datasets\images\train\img_000262.jpg,Daylight
D:\Guvi\Projects\major\number-plate-vehicle-detection\data\final_merged_datasets\images\train\img_000263.jpg,Daylight
D:\Guvi\Projects\major\number-plate-vehicle-detection\data\final_merged_datasets\images\train\img_000266.jpg,Daylight
D:\Guvi\Projects\major\number-plate-vehicle-detection\data\final_merged_datasets\images\train\img_000269.jpg,Daylight
D:\Guvi\Projects\major\number-plate-vehicle-detection\data\final_merged_datasets\images\train\img_000270.jpg,Daylight
D:\Guvi\Projects\major\number-plate-vehicle-detection\data\final_merged_datasets\images\train\img_000271.jpg,Daylight
D:\Guvi\Projects\major\number-plate-vehicle-detection\data\final_merged_datasets\images\train\img_000272.jpg,Daylight
D:\Guvi\Projects\major\number-plate-vehicle-detection\data\final_merged_datasets\images\train\img_000273.jpg,Daylight
D:\Guvi\Projects\major\number-plate-vehicle-detection\data\final_merged_datasets\images\train\img_000276.jpg,Daylight
D:\Guvi\Projects\major\number-plate-vehicle-detection\data\final_merged_datasets\images\train\img_000279.jpg,Daylight
D:\Guvi\Projects\major\number-plate-vehicle-detection\data\final_merged_datasets\images\train\img_000281.jpg,Daylight
D:\Guvi\Projects\major\number-plate-vehicle-detection\data\final_merged_datasets\images\train\img_000282.jpg,Daylight
D:\Guvi\Projects\major\number-plate-vehicle-detection\data\final_merged_datasets\images\train\img_000283.jpg,Daylight
D:\Guvi\Projects\major\number-plate-vehicle-detection\data\final_merged_datasets\images\train\img_000285.jpg,Daylight
D:\Guvi\Projects\major\number-plate-vehicle-detection\data\final_merged_datasets\images\train\img_000286.jpg,Daylight
D:\Guvi\Projects\major\number-plate-vehicle-detection\data\final_merged_datasets\images\train\img_000287.jpg,Daylight
D:\Guvi\Projects\major\number-plate-vehicle-detection\data\final_merged_datasets\images\train\img_000288.jpg,Daylight
D:\Guvi\Projects\major\number-plate-vehicle-detection\data\final_merged_datasets\images\train\img_000289.jpg,Daylight
D:\Guvi\Projects\major\number-plate-vehicle-detection\data\final_merged_datasets\images\train\img_000291.jpg,Daylight
D:\Guvi\Projects\major\number-plate-vehicle-detection\data\final_merged_datasets\images\train\img_000292.jpg,Daylight
D:\Guvi\Projects\major\number-plate-vehicle-detection\data\final_merged_datasets\images\train\img_000293.jpg,Daylight
D:\Guvi\Projects\major\number-plate-vehicle-detection\data\final_merged_datasets\images\train\img_000298.jpg,Daylight
D:\Guvi\Projects\major\number-plate-vehicle-detection\data\final_merged_datasets\images\train\img_000299.jpg,Daylight
D:\Guvi\Projects\major\number-plate-vehicle-detection\data\final_merged_datasets\images\train\img_000300.jpg,Daylight
D:\Guvi\Projects\major\number-plate-vehicle-detection\data\final_merged_datasets\images\train\img_000301.jpg,Daylight
D:\Guvi\Projects\major\number-plate-vehicle-detection\data\final_merged_datasets\images\train\img_000302.jpg,Daylight
D:\Guvi\Projects\major\number-plate-vehicle-detection\data\final_merged_datasets\images\train\img_000304.jpg,Daylight
D:\Guvi\Projects\major\number-plate-vehicle-detection\data\final_merged_datasets\images\train\img_000305.jpg,Daylight
D:\Guvi\Projects\major\number-plate-vehicle-detection\data\final_merged_datasets\images\train\img_000307.jpg,Daylight
D:\Guvi\Projects\major\number-plate-vehicle-detection\data\final_merged_datasets\images\train\img_000308.jpg,Daylight
D:\Guvi\Projects\major\number-plate-vehicle-detection\data\final_merged_datasets\images\train\img_000310.jpg,Daylight
D:\Guvi\Projects\major\number-plate-vehicle-detection\data\final_merged_datasets\images\train\img_000311.jpg,Daylight
D:\Guvi\Projects\major\number-plate-vehicle-detection\data\final_merged_datasets\images\train\img_000312.jpg,Daylight
D:\Guvi\Projects\major\number-plate-vehicle-detection\data\final_merged_datasets\images\train\img_000313.jpg,Daylight
D:\Guvi\Projects\major\number-plate-vehicle-detection\data\final_merged_datasets\images\train\img_000314.jpg,Daylight
D:\Guvi\Projects\major\number-plate-vehicle-detection\data\final_merged_datasets\images\train\img_000315.jpg,Daylight
D:\Guvi\Projects\major\number-plate-vehicle-detection\data\final_merged_datasets\images\train\img_000316.jpg,Daylight
D:\Guvi\Projects\major\number-plate-vehicle-detection\data\final_merged_datasets\images\train\img_000317.jpg,Daylight
D:\Guvi\Projects\major\number-plate-vehicle-detection\data\final_merged_datasets\images\train\img_000321.jpg,Daylight
D:\Guvi\Projects\major\number-plate-vehicle-detection\data\final_merged_datasets\images\train\img_000322.jpg,Daylight
D:\Guvi\Projects\major\number-plate-vehicle-detection\data\final_merged_datasets\images\train\img_000325.jpg,Night/Dark
D:\Guvi\Projects\major\number-plate-vehicle-detection\data\final_merged_datasets\images\train\img_000326.jpg,Night/Dark
D:\Guvi\Projects\major\number-plate-vehicle-detection\data\final_merged_datasets\images\train\img_000328.jpg,Night/Dark
D:\Guvi\Projects\major\number-plate-vehicle-detection\data\final_merged_datasets\images\train\img_000329.jpg,Night/Dark
D:\Guvi\Projects\major\number-plate-vehicle-detection\data\final_merged_datasets\images\train\img_000330.jpg,Night/Dark
D:\Guvi\Projects\major\number-plate-vehicle-detection\data\final_merged_datasets\images\train\img_000332.jpg,Night/Dark
D:\Guvi\Projects\major\number-plate-vehicle-detection\data\final_merged_datasets\images\train\img_000333.jpg,Daylight
D:\Guvi\Projects\major\number-plate-vehicle-detection\data\final_merged_datasets\images\train\img_000334.jpg,Night/Dark
D:\Guvi\Projects\major\number-plate-vehicle-detection\data\final_merged_datasets\images\train\img_000335.jpg,Night/Dark
D:\Guvi\Projects\major\number-plate-vehicle-detection\data\final_merged_datasets\images\train\img_000336.jpg,Night/Dark
D:\Guvi\Projects\major\number-plate-vehicle-detection\data\final_merged_datasets\images\train\img_000337.jpg,Daylight
D:\Guvi\Projects\major\number-plate-vehicle-detection\data\final_merged_datasets\images\train\img_000339.jpg,Daylight
D:\Guvi\Projects\major\number-plate-vehicle-detection\data\final_merged_datasets\images\train\img_000341.jpg,Daylight
D:\Guvi\Projects\major\number-plate-vehicle-detection\data\final_merged_datasets\images\train\img_000343.jpg,Daylight
D:\Guvi\Projects\major\number-plate-vehicle-detection\data\final_merged_datasets\images\train\img_000344.jpg,Daylight
D:\Guvi\Projects\major\number-plate-vehicle-detection\data\final_merged_datasets\images\train\img_000345.jpg,Daylight
D:\Guvi\Projects\major\number-plate-vehicle-detection\data\final_merged_datasets\images\train\img_000346.jpg,Daylight
D:\Guvi\Projects\major\number-plate-vehicle-detection\data\final_merged_datasets\images\train\img_000348.jpg,Daylight
D:\Guvi\Projects\major\number-plate-vehicle-detection\data\final_merged_datasets\images\train\img_000349.jpg,Daylight
D:\Guvi\Projects\major\number-plate-vehicle-detection\data\final_merged_datasets\images\train\img_000350.jpg,Daylight
D:\Guvi\Projects\major\number-plate-vehicle-detection\data\final_merged_datasets\images\train\img_000351.jpg,Daylight
D:\Guvi\Projects\major\number-plate-vehicle-detection\data\final_merged_datasets\images\train\img_000352.jpg,Daylight
D:\Guvi\Projects\major\number-plate-vehicle-detection\data\final_merged_datasets\images\train\img_000353.jpg,Daylight
D:\Guvi\Projects\major\number-plate-vehicle-detection\data\final_merged_datasets\images\train\img_000356.jpg,Daylight
D:\Guvi\Projects\major\number-plate-vehicle-detection\data\final_merged_datasets\images\train\img_000357.jpg,Daylight
D:\Guvi\Projects\major\number-plate-vehicle-detection\data\final_merged_datasets\images\train\img_000358.jpg,Night/Dark
D:\Guvi\Projects\major\number-plate-vehicle-detection\data\final_merged_datasets\images\train\img_000359.jpg,Daylight
D:\Guvi\Projects\major\number-plate-vehicle-detection\data\final_merged_datasets\images\train\img_000361.jpg,Daylight
D:\Guvi\Projects\major\number-plate-vehicle-detection\data\final_merged_datasets\images\train\img_000362.jpg,Daylight
D:\Guvi\Projects\major\number-plate-vehicle-detection\data\final_merged_datasets\images\train\img_000363.jpg,Daylight
D:\Guvi\Projects\major\number-plate-vehicle-detection\data\final_merged_datasets\images\train\img_000364.jpg,Daylight
D:\Guvi\Projects\major\number-plate-vehicle-detection\data\final_merged_datasets\images\train\img_000365.jpg,Daylight
D:\Guvi\Projects\major\number-plate-vehicle-detection\data\final_merged_datasets\images\train\img_000367.jpg,Daylight
D:\Guvi\Projects\major\number-plate-vehicle-detection\data\final_merged_datasets\images\train\img_000368.jpg,Daylight
D:\Guvi\Projects\major\number-plate-vehicle-detection\data\final_merged_datasets\images\train\img_000369.jpg,Daylight
D:\Guvi\Projects\major\number-plate-vehicle-detection\data\final_merged_datasets\images\train\img_000370.jpg,Daylight
D:\Guvi\Projects\major\number-plate-vehicle-detection\data\final_merged_datasets\images\train\img_000371.jpg,Daylight
D:\Guvi\Projects\major\number-plate-vehicle-detection\data\final_merged_datasets\images\train\img_000372.jpg,Daylight
D:\Guvi\Projects\major\number-plate-vehicle-detection\data\final_merged_datasets\images\train\img_000373.jpg,Daylight
D:\Guvi\Projects\major\number-plate-vehicle-detection\data\final_merged_datasets\images\train\img_000374.jpg,Daylight
D:\Guvi\Projects\major\number-plate-vehicle-detection\data\final_merged_datasets\images\train\img_000381.jpg,Daylight
D:\Guvi\Projects\major\number-plate-vehicle-detection\data\final_merged_datasets\images\train\img_000383.jpg,Daylight
D:\Guvi\Projects\major\number-plate-vehicle-detection\data\final_merged_datasets\images\train\img_000384.jpg,Daylight
D:\Guvi\Projects\major\number-plate-vehicle-detection\data\final_merged_datasets\images\train\img_000387.jpg,Daylight
D:\Guvi\Projects\major\number-plate-vehicle-detection\data\final_merged_datasets\images\train\img_000389.jpg,Daylight
D:\Guvi\Projects\major\number-plate-vehicle-detection\data\final_merged_datasets\images\train\img_000390.jpg,Daylight
D:\Guvi\Projects\major\number-plate-vehicle-detection\data\final_merged_datasets\images\train\img_000392.jpg,Daylight
D:\Guvi\Projects\major\number-plate-vehicle-detection\data\final_merged_datasets\images\train\img_000393.jpg,Daylight
D:\Guvi\Projects\major\number-plate-vehicle-detection\data\final_merged_datasets\images\train\img_000394.jpg,Daylight
D:\Guvi\Projects\major\number-plate-vehicle-detection\data\final_merged_datasets\images\train\img_000395.jpg,Daylight
D:\Guvi\Projects\major\number-plate-vehicle-detection\data\final_merged_datasets\images\train\img_000396.jpg,Daylight
D:\Guvi\Projects\major\number-plate-vehicle-detection\data\final_merged_datasets\images\train\img_000397.jpg,Daylight
D:\Guvi\Projects\major\number-plate-vehicle-detection\data\final_merged_datasets\images\train\img_000400.jpg,Daylight
D:\Guvi\Projects\major\number-plate-vehicle-detection\data\final_merged_datasets\images\train\img_000401.jpg,Daylight
D:\Guvi\Projects\major\number-plate-vehicle-detection\data\final_merged_datasets\images\train\img_000402.jpg,Daylight
D:\Guvi\Projects\major\number-plate-vehicle-detection\data\final_merged_datasets\images\train\img_000404.jpg,Daylight
D:\Guvi\Projects\major\number-plate-vehicle-detection\data\final_merged_datasets\images\train\img_000405.jpg,Daylight
D:\Guvi\Projects\major\number-plate-vehicle-detection\data\final_merged_datasets\images\train\img_000406.jpg,Daylight
D:\Guvi\Projects\major\number-plate-vehicle-detection\data\final_merged_datasets\images\train\img_000407.jpg,Daylight
D:\Guvi\Projects\major\number-plate-vehicle-detection\data\final_merged_datasets\images\train\img_000409.jpg,Daylight
D:\Guvi\Projects\major\number-plate-vehicle-detection\data\final_merged_datasets\images\train\img_000410.jpg,Daylight
D:\Guvi\Projects\major\number-plate-vehicle-detection\data\final_merged_datasets\images\train\img_000411.jpg,Daylight
D:\Guvi\Projects\major\number-plate-vehicle-detection\data\final_merged_datasets\images\train\img_000412.jpg,Daylight
D:\Guvi\Projects\major\number-plate-vehicle-detection\data\final_merged_datasets\images\train\img_000417.jpg,Daylight
D:\Guvi\Projects\major\number-plate-vehicle-detection\data\final_merged_datasets\images\train\img_000418.jpg,Daylight
D:\Guvi\Projects\major\number-plate-vehicle-detection\data\final_merged_datasets\images\train\img_000419.jpg,Daylight
D:\Guvi\Projects\major\number-plate-vehicle-detection\data\final_merged_datasets\images\train\img_000422.jpg,Daylight
D:\Guvi\Projects\major\number-plate-vehicle-detection\data\final_merged_datasets\images\train\img_000424.jpg,Daylight
D:\Guvi\Projects\major\number-plate-vehicle-detection\data\final_merged_datasets\images\train\img_000425.jpg,Daylight
D:\Guvi\Projects\major\number-plate-vehicle-detection\data\final_merged_datasets\images\train\img_000426.jpg,Daylight
D:\Guvi\Projects\major\number-plate-vehicle-detection\data\final_merged_datasets\images\train\img_000427.jpg,Daylight
D:\Guvi\Projects\major\number-plate-vehicle-detection\data\final_merged_datasets\images\train\img_000431.jpg,Daylight
D:\Guvi\Projects\major\number-plate-vehicle-detection\data\final_merged_datasets\images\train\img_000433.jpg,Daylight
D:\Guvi\Projects\major\number-plate-vehicle-detection\data\final_merged_datasets\images\train\img_000434.jpg,Daylight
D:\Guvi\Projects\major\number-plate-vehicle-detection\data\final_merged_datasets\images\train\img_000435.jpg,Daylight
D:\Guvi\Projects\major\number-plate-vehicle-detection\data\final_merged_datasets\images\train\img_000436.jpg,Daylight
D:\Guvi\Projects\major\number-plate-vehicle-detection\data\final_merged_datasets\images\train\img_000437.jpg,Daylight
D:\Guvi\Projects\major\number-plate-vehicle-detection\data\final_merged_datasets\images\train\img_000439.jpg,Daylight
D:\Guvi\Projects\major\number-plate-vehicle-detection\data\final_merged_datasets\images\train\img_000440.jpg,Daylight
D:\Guvi\Projects\major\number-plate-vehicle-detection\data\final_merged_datasets\images\train\img_000441.jpg,Daylight
D:\Guvi\Projects\major\number-plate-vehicle-detection\data\final_merged_datasets\images\train\img_000442.jpg,Daylight
D:\Guvi\Projects\major\number-plate-vehicle-detection\data\final_merged_datasets\images\train\img_000443.jpg,Daylight
D:\Guvi\Projects\major\number-plate-vehicle-detection\data\final_merged_datasets\images\train\img_000444.jpg,Daylight
D:\Guvi\Projects\major\number-plate-vehicle-detection\data\final_merged_datasets\images\train\img_000445.jpg,Daylight
D:\Guvi\Projects\major\number-plate-vehicle-detection\data\final_merged_datasets\images\train\img_000446.jpg,Daylight
D:\Guvi\Projects\major\number-plate-vehicle-detection\data\final_merged_datasets\images\train\img_000447.jpg,Daylight
D:\Guvi\Projects\major\number-plate-vehicle-detection\data\final_merged_datasets\images\train\img_000449.jpg,Daylight
D:\Guvi\Projects\major\number-plate-vehicle-detection\data\final_merged_datasets\images\train\img_000453.jpg,Daylight
D:\Guvi\Projects\major\number-plate-vehicle-detection\data\final_merged_datasets\images\train\img_000454.jpg,Daylight
D:\Guvi\Projects\major\number-plate-vehicle-detection\data\final_merged_datasets\images\train\img_000455.jpg,Daylight
D:\Guvi\Projects\major\number-plate-vehicle-detection\data\final_merged_datasets\images\train\img_000456.jpg,Daylight
D:\Guvi\Projects\major\number-plate-vehicle-detection\data\final_merged_datasets\images\train\img_000457.jpg,Daylight
D:\Guvi\Projects\major\number-plate-vehicle-detection\data\final_merged_datasets\images\train\img_000459.jpg,Daylight
D:\Guvi\Projects\major\number-plate-vehicle-detection\data\final_merged_datasets\images\train\img_000460.jpg,Daylight
D:\Guvi\Projects\major\number-plate-vehicle-detection\data\final_merged_datasets\images\train\img_000462.jpg,Daylight
D:\Guvi\Projects\major\number-plate-vehicle-detection\data\final_merged_datasets\images\train\img_000463.jpg,Daylight
D:\Guvi\Projects\major\number-plate-vehicle-detection\data\final_merged_datasets\images\train\img_000464.jpg,Daylight
D:\Guvi\Projects\major\number-plate-vehicle-detection\data\final_merged_datasets\images\train\img_000465.jpg,Daylight
D:\Guvi\Projects\major\number-plate-vehicle-detection\data\final_merged_datasets\images\train\img_000466.jpg,Daylight
D:\Guvi\Projects\major\number-plate-vehicle-detection\data\final_merged_datasets\images\train\img_000467.jpg,Daylight
D:\Guvi\Projects\major\number-plate-vehicle-detection\data\final_merged_datasets\images\train\img_000468.jpg,Daylight
D:\Guvi\Projects\major\number-plate-vehicle-detection\data\final_merged_datasets\images\train\img_000470.jpg,Daylight
D:\Guvi\Projects\major\number-plate-vehicle-detection\data\final_merged_datasets\images\train\img_000472.jpg,Daylight
D:\Guvi\Projects\major\number-plate-vehicle-detection\data\final_merged_datasets\images\train\img_000473.jpg,Daylight
D:\Guvi\Projects\major\number-plate-vehicle-detection\data\final_merged_datasets\images\train\img_000475.jpg,Daylight
D:\Guvi\Projects\major\number-plate-vehicle-detection\data\final_merged_datasets\images\train\img_000476.jpg,Daylight
D:\Guvi\Projects\major\number-plate-vehicle-detection\data\final_merged_datasets\images\train\img_000477.jpg,Daylight
D:\Guvi\Projects\major\number-plate-vehicle-detection\data\final_merged_datasets\images\train\img_000478.jpg,Daylight
D:\Guvi\Projects\major\number-plate-vehicle-detection\data\final_merged_datasets\images\train\img_000480.jpg,Daylight
D:\Guvi\Projects\major\number-plate-vehicle-detection\data\final_merged_datasets\images\train\img_000481.jpg,Daylight
D:\Guvi\Projects\major\number-plate-vehicle-detection\data\final_merged_datasets\images\train\img_000483.jpg,Daylight
D:\Guvi\Projects\major\number-plate-vehicle-detection\data\final_merged_datasets\images\train\img_000485.jpg,Daylight
D:\Guvi\Projects\major\number-plate-vehicle-detection\data\final_merged_datasets\images\train\img_000486.jpg,Daylight
D:\Guvi\Projects\major\number-plate-vehicle-detection\data\final_merged_datasets\images\train\img_000487.jpg,Daylight
D:\Guvi\Projects\major\number-plate-vehicle-detection\data\final_merged_datasets\images\train\img_000488.jpg,Daylight
D:\Guvi\Projects\major\number-plate-vehicle-detection\data\final_merged_datasets\images\train\img_000489.jpg,Daylight
D:\Guvi\Projects\major\number-plate-vehicle-detection\data\final_merged_datasets\images\train\img_000491.jpg,Daylight
D:\Guvi\Projects\major\number-plate-vehicle-detection\data\final_merged_datasets\images\train\img_000492.jpg,Daylight
D:\Guvi\Projects\major\number-plate-vehicle-detection\data\final_merged_datasets\images\train\img_000496.jpg,Daylight
D:\Guvi\Projects\major\number-plate-vehicle-detection\data\final_merged_datasets\images\train\img_000497.jpg,Daylight
D:\Guvi\Projects\major\number-plate-vehicle-detection\data\final_merged_datasets\images\train\img_000499.jpg,Daylight
D:\Guvi\Projects\major\number-plate-vehicle-detection\data\final_merged_datasets\images\train\img_000500.jpg,Daylight
D:\Guvi\Projects\major\number-plate-vehicle-detection\data\final_merged_datasets\images\train\img_000501.jpg,Daylight
D:\Guvi\Projects\major\number-plate-vehicle-detection\data\final_merged_datasets\images\train\img_000502.jpg,Daylight
D:\Guvi\Projects\major\number-plate-vehicle-detection\data\final_merged_datasets\images\train\img_000503.jpg,Daylight
D:\Guvi\Projects\major\number-plate-vehicle-detection\data\final_merged_datasets\images\train\img_000504.jpg,Daylight
D:\Guvi\Projects\major\number-plate-vehicle-detection\data\final_merged_datasets\images\train\img_000505.jpg,Daylight
D:\Guvi\Projects\major\number-plate-vehicle-detection\data\final_merged_datasets\images\train\img_000506.jpg,Daylight
D:\Guvi\Projects\major\number-plate-vehicle-detection\data\final_merged_datasets\images\train\img_000507.jpg,Daylight
D:\Guvi\Projects\major\number-plate-vehicle-detection\data\final_merged_datasets\images\train\img_000508.jpg,Daylight
D:\Guvi\Projects\major\number-plate-vehicle-detection\data\final_merged_datasets\images\train\img_000509.jpg,Daylight
D:\Guvi\Projects\major\number-plate-vehicle-detection\data\final_merged_datasets\images\train\img_000511.jpg,Daylight
D:\Guvi\Projects\major\number-plate-vehicle-detection\data\final_merged_datasets\images\train\img_000512.jpg,Daylight
D:\Guvi\Projects\major\number-plate-vehicle-detection\data\final_merged_datasets\images\train\img_000513.jpg,Daylight
D:\Guvi\Projects\major\number-plate-vehicle-detection\data\final_merged_datasets\images\train\img_000514.jpg,Daylight
D:\Guvi\Projects\major\number-plate-vehicle-detection\data\final_merged_datasets\images\train\img_000515.jpg,Daylight
D:\Guvi\Projects\major\number-plate-vehicle-detection\data\final_merged_datasets\images\train\img_000517.jpg,Daylight
D:\Guvi\Projects\major\number-plate-vehicle-detection\data\final_merged_datasets\images\train\img_000518.jpg,Daylight
D:\Guvi\Projects\major\number-plate-vehicle-detection\data\final_merged_datasets\images\train\img_000519.jpg,Daylight
D:\Guvi\Projects\major\number-plate-vehicle-detection\data\final_merged_datasets\images\train\img_000520.jpg,Daylight
D:\Guvi\Projects\major\number-plate-vehicle-detection\data\final_merged_datasets\images\train\img_000521.jpg,Daylight
D:\Guvi\Projects\major\number-plate-vehicle-detection\data\final_merged_datasets\images\train\img_000522.jpg,Daylight
D:\Guvi\Projects\major\number-plate-vehicle-detection\data\final_merged_datasets\images\train\img_000523.jpg,Daylight
D:\Guvi\Projects\major\number-plate-vehicle-detection\data\final_merged_datasets\images\train\img_000524.jpg,Daylight
D:\Guvi\Projects\major\number-plate-vehicle-detection\data\final_merged_datasets\images\train\img_000525.jpg,Daylight
D:\Guvi\Projects\major\number-plate-vehicle-detection\data\final_merged_datasets\images\train\img_000528.jpg,Daylight
D:\Guvi\Projects\major\number-plate-vehicle-detection\data\final_merged_datasets\images\train\img_000531.jpg,Daylight
D:\Guvi\Projects\major\number-plate-vehicle-detection\data\final_merged_datasets\images\train\img_000532.jpg,Daylight
D:\Guvi\Projects\major\number-plate-vehicle-detection\data\final_merged_datasets\images\train\img_000534.jpg,Daylight
D:\Guvi\Projects\major\number-plate-vehicle-detection\data\final_merged_datasets\images\train\img_000535.jpg,Daylight
D:\Guvi\Projects\major\number-plate-vehicle-detection\data\final_merged_datasets\images\train\img_000536.jpg,Daylight
D:\Guvi\Projects\major\number-plate-vehicle-detection\data\final_merged_datasets\images\train\img_000538.jpg,Daylight
D:\Guvi\Projects\major\number-plate-vehicle-detection\data\final_merged_datasets\images\train\img_000540.jpg,Daylight
D:\Guvi\Projects\major\number-plate-vehicle-detection\data\final_merged_datasets\images\train\img_000541.jpg,Daylight
D:\Guvi\Projects\major\number-plate-vehicle-detection\data\final_merged_datasets\images\train\img_000542.jpg,Daylight
D:\Guvi\Projects\major\number-plate-vehicle-detection\data\final_merged_datasets\images\train\img_000543.jpg,Daylight
D:\Guvi\Projects\major\number-plate-vehicle-detection\data\final_merged_datasets\images\train\img_000544.jpg,Daylight
D:\Guvi\Projects\major\number-plate-vehicle-detection\data\final_merged_datasets\images\train\img_000545.jpg,Daylight
D:\Guvi\Projects\major\number-plate-vehicle-detection\data\final_merged_datasets\images\train\img_000546.jpg,Daylight
D:\Guvi\Projects\major\number-plate-vehicle-detection\data\final_merged_datasets\images\train\img_000547.jpg,Daylight
D:\Guvi\Projects\major\number-plate-vehicle-detection\data\final_merged_datasets\images\train\img_000548.jpg,Daylight
D:\Guvi\Projects\major\number-plate-vehicle-detection\data\final_merged_datasets\images\train\img_000551.jpg,Daylight
D:\Guvi\Projects\major\number-plate-vehicle-detection\data\final_merged_datasets\images\train\img_000553.jpg,Daylight
D:\Guvi\Projects\major\number-plate-vehicle-detection\data\final_merged_datasets\images\train\img_000556.jpg,Daylight
D:\Guvi\Projects\major\number-plate-vehicle-detection\data\final_merged_datasets\images\train\img_000557.jpg,Daylight
D:\Guvi\Projects\major\number-plate-vehicle-detection\data\final_merged_datasets\images\train\img_000558.jpg,Daylight
D:\Guvi\Projects\major\number-plate-vehicle-detection\data\final_merged_datasets\images\train\img_000559.jpg,Daylight
D:\Guvi\Projects\major\number-plate-vehicle-detection\data\final_merged_datasets\images\train\img_000560.jpg,Daylight
D:\Guvi\Projects\major\number-plate-vehicle-detection\data\final_merged_datasets\images\train\img_000561.jpg,Daylight
D:\Guvi\Projects\major\number-plate-vehicle-detection\data\final_merged_datasets\images\train\img_000562.jpg,Daylight
D:\Guvi\Projects\major\number-plate-vehicle-detection\data\final_merged_datasets\images\train\img_000564.jpg,Daylight
D:\Guvi\Projects\major\number-plate-vehicle-detection\data\final_merged_datasets\images\train\img_000565.jpg,Daylight
D:\Guvi\Projects\major\number-plate-vehicle-detection\data\final_merged_datasets\images\train\img_000567.jpg,Daylight
D:\Guvi\Projects\major\number-plate-vehicle-detection\data\final_merged_datasets\images\train\img_000568.jpg,Daylight
D:\Guvi\Projects\major\number-plate-vehicle-detection\data\final_merged_datasets\images\train\img_000569.jpg,Daylight
D:\Guvi\Projects\major\number-plate-vehicle-detection\data\final_merged_datasets\images\train\img_000570.jpg,Daylight
D:\Guvi\Projects\major\number-plate-vehicle-detection\data\final_merged_datasets\images\train\img_000571.jpg,Daylight
D:\Guvi\Projects\major\number-plate-vehicle-detection\data\final_merged_datasets\images\train\img_000575.jpg,Daylight
D:\Guvi\Projects\major\number-plate-vehicle-detection\data\final_merged_datasets\images\train\img_000576.jpg,Bright/Sunny
D:\Guvi\Projects\major\number-plate-vehicle-detection\data\final_merged_datasets\images\train\img_000577.jpg,Daylight
D:\Guvi\Projects\major\number-plate-vehicle-detection\data\final_merged_datasets\images\train\img_000578.jpg,Daylight
D:\Guvi\Projects\major\number-plate-vehicle-detection\data\final_merged_datasets\images\train\img_000579.jpg,Daylight
D:\Guvi\Projects\major\number-plate-vehicle-detection\data\final_merged_datasets\images\train\img_000580.jpg,Daylight
D:\Guvi\Projects\major\number-plate-vehicle-detection\data\final_merged_datasets\images\train\img_000581.jpg,Daylight
D:\Guvi\Projects\major\number-plate-vehicle-detection\data\final_merged_datasets\images\train\img_000582.jpg,Daylight
D:\Guvi\Projects\major\number-plate-vehicle-detection\data\final_merged_datasets\images\train\img_000583.jpg,Daylight
D:\Guvi\Projects\major\number-plate-vehicle-detection\data\final_merged_datasets\images\train\img_000585.jpg,Daylight
D:\Guvi\Projects\major\number-plate-vehicle-detection\data\final_merged_datasets\images\train\img_000587.jpg,Daylight
D:\Guvi\Projects\major\number-plate-vehicle-detection\data\final_merged_datasets\images\train\img_000588.jpg,Daylight
D:\Guvi\Projects\major\number-plate-vehicle-detection\data\final_merged_datasets\images\train\img_000589.jpg,Daylight
D:\Guvi\Projects\major\number-plate-vehicle-detection\data\final_merged_datasets\images\train\img_000590.jpg,Daylight
D:\Guvi\Projects\major\number-plate-vehicle-detection\data\final_merged_datasets\images\train\img_000591.jpg,Daylight
D:\Guvi\Projects\major\number-plate-vehicle-detection\data\final_merged_datasets\images\train\img_000592.jpg,Daylight
D:\Guvi\Projects\major\number-plate-vehicle-detection\data\final_merged_datasets\images\train\img_000593.jpg,Daylight
D:\Guvi\Projects\major\number-plate-vehicle-detection\data\final_merged_datasets\images\train\img_000594.jpg,Daylight
D:\Guvi\Projects\major\number-plate-vehicle-detection\data\final_merged_datasets\images\train\img_000595.jpg,Daylight
D:\Guvi\Projects\major\number-plate-vehicle-detection\data\final_merged_datasets\images\train\img_000597.jpg,Daylight
D:\Guvi\Projects\major\number-plate-vehicle-detection\data\final_merged_datasets\images\train\img_000599.jpg,Daylight
D:\Guvi\Projects\major\number-plate-vehicle-detection\data\final_merged_datasets\images\train\img_000600.jpg,Daylight
D:\Guvi\Projects\major\number-plate-vehicle-detection\data\final_merged_datasets\images\train\img_000601.jpg,Daylight
D:\Guvi\Projects\major\number-plate-vehicle-detection\data\final_merged_datasets\images\train\img_000603.jpg,Daylight
D:\Guvi\Projects\major\number-plate-vehicle-detection\data\final_merged_datasets\images\train\img_000604.jpg,Daylight
D:\Guvi\Projects\major\number-plate-vehicle-detection\data\final_merged_datasets\images\train\img_000605.jpg,Daylight
D:\Guvi\Projects\major\number-plate-vehicle-detection\data\final_merged_datasets\images\train\img_000607.jpg,Daylight
D:\Guvi\Projects\major\number-plate-vehicle-detection\data\final_merged_datasets\images\train\img_000608.jpg,Daylight
D:\Guvi\Projects\major\number-plate-vehicle-detection\data\final_merged_datasets\images\train\img_000609.jpg,Daylight
D:\Guvi\Projects\major\number-plate-vehicle-detection\data\final_merged_datasets\images\train\img_000611.jpg,Daylight
D:\Guvi\Projects\major\number-plate-vehicle-detection\data\final_merged_datasets\images\train\img_000612.jpg,Daylight
D:\Guvi\Projects\major\number-plate-vehicle-detection\data\final_merged_datasets\images\train\img_000615.jpg,Daylight
D:\Guvi\Projects\major\number-plate-vehicle-detection\data\final_merged_datasets\images\train\img_000616.jpg,Daylight
D:\Guvi\Projects\major\number-plate-vehicle-detection\data\final_merged_datasets\images\train\img_000617.jpg,Daylight
D:\Guvi\Projects\major\number-plate-vehicle-detection\data\final_merged_datasets\images\train\img_000618.jpg,Daylight
D:\Guvi\Projects\major\number-plate-vehicle-detection\data\final_merged_datasets\images\train\img_000619.jpg,Daylight
D:\Guvi\Projects\major\number-plate-vehicle-detection\data\final_merged_datasets\images\train\img_000622.jpg,Daylight
D:\Guvi\Projects\major\number-plate-vehicle-detection\data\final_merged_datasets\images\train\img_000624.jpg,Daylight
D:\Guvi\Projects\major\number-plate-vehicle-detection\data\final_merged_datasets\images\train\img_000625.jpg,Daylight
D:\Guvi\Projects\major\number-plate-vehicle-detection\data\final_merged_datasets\images\train\img_000628.jpg,Daylight
D:\Guvi\Projects\major\number-plate-vehicle-detection\data\final_merged_datasets\images\train\img_000629.jpg,Daylight
D:\Guvi\Projects\major\number-plate-vehicle-detection\data\final_merged_datasets\images\train\img_000630.jpg,Daylight
D:\Guvi\Projects\major\number-plate-vehicle-detection\data\final_merged_datasets\images\train\img_000631.jpg,Daylight
D:\Guvi\Projects\major\number-plate-vehicle-detection\data\final_merged_datasets\images\train\img_000633.jpg,Daylight
D:\Guvi\Projects\major\number-plate-vehicle-detection\data\final_merged_datasets\images\train\img_000635.jpg,Daylight
D:\Guvi\Projects\major\number-plate-vehicle-detection\data\final_merged_datasets\images\train\img_000638.jpg,Daylight
D:\Guvi\Projects\major\number-plate-vehicle-detection\data\final_merged_datasets\images\train\img_000639.jpg,Daylight
D:\Guvi\Projects\major\number-plate-vehicle-detection\data\final_merged_datasets\images\train\img_000640.jpg,Daylight
D:\Guvi\Projects\major\number-plate-vehicle-detection\data\final_merged_datasets\images\train\img_000641.jpg,Daylight
D:\Guvi\Projects\major\number-plate-vehicle-detection\data\final_merged_datasets\images\train\img_000642.jpg,Daylight
D:\Guvi\Projects\major\number-plate-vehicle-detection\data\final_merged_datasets\images\train\img_000643.jpg,Daylight
D:\Guvi\Projects\major\number-plate-vehicle-detection\data\final_merged_datasets\images\train\img_000644.jpg,Daylight
D:\Guvi\Projects\major\number-plate-vehicle-detection\data\final_merged_datasets\images\train\img_000646.jpg,Daylight
D:\Guvi\Projects\major\number-plate-vehicle-detection\data\final_merged_datasets\images\train\img_000647.jpg,Daylight
D:\Guvi\Projects\major\number-plate-vehicle-detection\data\final_merged_datasets\images\train\img_000648.jpg,Daylight
D:\Guvi\Projects\major\number-plate-vehicle-detection\data\final_merged_datasets\images\train\img_000649.jpg,Daylight
D:\Guvi\Projects\major\number-plate-vehicle-detection\data\final_merged_datasets\images\train\img_000650.jpg,Daylight
D:\Guvi\Projects\major\number-plate-vehicle-detection\data\final_merged_datasets\images\train\img_000651.jpg,Daylight
D:\Guvi\Projects\major\number-plate-vehicle-detection\data\final_merged_datasets\images\train\img_000652.jpg,Daylight
D:\Guvi\Projects\major\number-plate-vehicle-detection\data\final_merged_datasets\images\train\img_000653.jpg,Daylight
D:\Guvi\Projects\major\number-plate-vehicle-detection\data\final_merged_datasets\images\train\img_000655.jpg,Daylight
D:\Guvi\Projects\major\number-plate-vehicle-detection\data\final_merged_datasets\images\train\img_000658.jpg,Daylight
D:\Guvi\Projects\major\number-plate-vehicle-detection\data\final_merged_datasets\images\train\img_000659.jpg,Daylight
D:\Guvi\Projects\major\number-plate-vehicle-detection\data\final_merged_datasets\images\train\img_000660.jpg,Daylight
D:\Guvi\Projects\major\number-plate-vehicle-detection\data\final_merged_datasets\images\train\img_000661.jpg,Daylight
D:\Guvi\Projects\major\number-plate-vehicle-detection\data\final_merged_datasets\images\train\img_000662.jpg,Daylight
D:\Guvi\Projects\major\number-plate-vehicle-detection\data\final_merged_datasets\images\train\img_000665.jpg,Daylight
D:\Guvi\Projects\major\number-plate-vehicle-detection\data\final_merged_datasets\images\train\img_000666.jpg,Daylight
D:\Guvi\Projects\major\number-plate-vehicle-detection\data\final_merged_datasets\images\train\img_000667.jpg,Daylight
D:\Guvi\Projects\major\number-plate-vehicle-detection\data\final_merged_datasets\images\train\img_000668.jpg,Daylight
D:\Guvi\Projects\major\number-plate-vehicle-detection\data\final_merged_datasets\images\train\img_000669.jpg,Daylight
D:\Guvi\Projects\major\number-plate-vehicle-detection\data\final_merged_datasets\images\train\img_000670.jpg,Daylight
D:\Guvi\Projects\major\number-plate-vehicle-detection\data\final_merged_datasets\images\train\img_000671.jpg,Daylight
D:\Guvi\Projects\major\number-plate-vehicle-detection\data\final_merged_datasets\images\train\img_000672.jpg,Daylight
D:\Guvi\Projects\major\number-plate-vehicle-detection\data\final_merged_datasets\images\train\img_000673.jpg,Daylight
D:\Guvi\Projects\major\number-plate-vehicle-detection\data\final_merged_datasets\images\train\img_000674.jpg,Daylight
D:\Guvi\Projects\major\number-plate-vehicle-detection\data\final_merged_datasets\images\train\img_000675.jpg,Daylight
D:\Guvi\Projects\major\number-plate-vehicle-detection\data\final_merged_datasets\images\train\img_000676.jpg,Daylight
D:\Guvi\Projects\major\number-plate-vehicle-detection\data\final_merged_datasets\images\train\img_000677.jpg,Daylight
D:\Guvi\Projects\major\number-plate-vehicle-detection\data\final_merged_datasets\images\train\img_000679.jpg,Daylight
D:\Guvi\Projects\major\number-plate-vehicle-detection\data\final_merged_datasets\images\train\img_000682.jpg,Daylight
D:\Guvi\Projects\major\number-plate-vehicle-detection\data\final_merged_datasets\images\train\img_000684.jpg,Daylight
D:\Guvi\Projects\major\number-plate-vehicle-detection\data\final_merged_datasets\images\train\img_000686.jpg,Daylight
D:\Guvi\Projects\major\number-plate-vehicle-detection\data\final_merged_datasets\images\train\img_000687.jpg,Daylight
D:\Guvi\Projects\major\number-plate-vehicle-detection\data\final_merged_datasets\images\train\img_000688.jpg,Daylight
D:\Guvi\Projects\major\number-plate-vehicle-detection\data\final_merged_datasets\images\train\img_000689.jpg,Daylight
D:\Guvi\Projects\major\number-plate-vehicle-detection\data\final_merged_datasets\images\train\img_000690.jpg,Daylight
D:\Guvi\Projects\major\number-plate-vehicle-detection\data\final_merged_datasets\images\train\img_000692.jpg,Daylight
D:\Guvi\Projects\major\number-plate-vehicle-detection\data\final_merged_datasets\images\train\img_000694.jpg,Daylight
D:\Guvi\Projects\major\number-plate-vehicle-detection\data\final_merged_datasets\images\train\img_000696.jpg,Daylight
D:\Guvi\Projects\major\number-plate-vehicle-detection\data\final_merged_datasets\images\train\img_000697.jpg,Daylight
D:\Guvi\Projects\major\number-plate-vehicle-detection\data\final_merged_datasets\images\train\img_000698.jpg,Daylight
D:\Guvi\Projects\major\number-plate-vehicle-detection\data\final_merged_datasets\images\train\img_000700.jpg,Daylight
D:\Guvi\Projects\major\number-plate-vehicle-detection\data\final_merged_datasets\images\train\img_000701.jpg,Daylight
D:\Guvi\Projects\major\number-plate-vehicle-detection\data\final_merged_datasets\images\train\img_000703.jpg,Daylight
D:\Guvi\Projects\major\number-plate-vehicle-detection\data\final_merged_datasets\images\train\img_000704.jpg,Daylight
D:\Guvi\Projects\major\number-plate-vehicle-detection\data\final_merged_datasets\images\train\img_000705.jpg,Daylight
D:\Guvi\Projects\major\number-plate-vehicle-detection\data\final_merged_datasets\images\train\img_000711.jpg,Daylight
D:\Guvi\Projects\major\number-plate-vehicle-detection\data\final_merged_datasets\images\train\img_000713.jpg,Daylight
D:\Guvi\Projects\major\number-plate-vehicle-detection\data\final_merged_datasets\images\train\img_000715.jpg,Daylight
D:\Guvi\Projects\major\number-plate-vehicle-detection\data\final_merged_datasets\images\train\img_000716.jpg,Daylight
D:\Guvi\Projects\major\number-plate-vehicle-detection\data\final_merged_datasets\images\train\img_000719.jpg,Daylight
D:\Guvi\Projects\major\number-plate-vehicle-detection\data\final_merged_datasets\images\train\img_000720.jpg,Daylight
D:\Guvi\Projects\major\number-plate-vehicle-detection\data\final_merged_datasets\images\train\img_000722.jpg,Daylight
D:\Guvi\Projects\major\number-plate-vehicle-detection\data\final_merged_datasets\images\train\img_000725.jpg,Daylight
D:\Guvi\Projects\major\number-plate-vehicle-detection\data\final_merged_datasets\images\train\img_000726.jpg,Daylight
D:\Guvi\Projects\major\number-plate-vehicle-detection\data\final_merged_datasets\images\train\img_000727.jpg,Daylight
D:\Guvi\Projects\major\number-plate-vehicle-detection\data\final_merged_datasets\images\train\img_000728.jpg,Daylight
D:\Guvi\Projects\major\number-plate-vehicle-detection\data\final_merged_datasets\images\train\img_000729.jpg,Daylight
D:\Guvi\Projects\major\number-plate-vehicle-detection\data\final_merged_datasets\images\train\img_000730.jpg,Daylight
D:\Guvi\Projects\major\number-plate-vehicle-detection\data\final_merged_datasets\images\train\img_000731.jpg,Daylight
D:\Guvi\Projects\major\number-plate-vehicle-detection\data\final_merged_datasets\images\train\img_000732.jpg,Daylight
D:\Guvi\Projects\major\number-plate-vehicle-detection\data\final_merged_datasets\images\train\img_000733.jpg,Daylight
D:\Guvi\Projects\major\number-plate-vehicle-detection\data\final_merged_datasets\images\train\img_000735.jpg,Daylight
D:\Guvi\Projects\major\number-plate-vehicle-detection\data\final_merged_datasets\images\train\img_000736.jpg,Daylight
D:\Guvi\Projects\major\number-plate-vehicle-detection\data\final_merged_datasets\images\train\img_000737.jpg,Daylight
D:\Guvi\Projects\major\number-plate-vehicle-detection\data\final_merged_datasets\images\train\img_000740.jpg,Daylight
D:\Guvi\Projects\major\number-plate-vehicle-detection\data\final_merged_datasets\images\train\img_000741.jpg,Daylight
D:\Guvi\Projects\major\number-plate-vehicle-detection\data\final_merged_datasets\images\train\img_000742.jpg,Daylight
D:\Guvi\Projects\major\number-plate-vehicle-detection\data\final_merged_datasets\images\train\img_000744.jpg,Daylight
D:\Guvi\Projects\major\number-plate-vehicle-detection\data\final_merged_datasets\images\train\img_000745.jpg,Daylight
D:\Guvi\Projects\major\number-plate-vehicle-detection\data\final_merged_datasets\images\train\img_000746.jpg,Daylight
D:\Guvi\Projects\major\number-plate-vehicle-detection\data\final_merged_datasets\images\train\img_000747.jpg,Daylight
D:\Guvi\Projects\major\number-plate-vehicle-detection\data\final_merged_datasets\images\train\img_000748.jpg,Daylight
D:\Guvi\Projects\major\number-plate-vehicle-detection\data\final_merged_datasets\images\train\img_000749.jpg,Daylight
D:\Guvi\Projects\major\number-plate-vehicle-detection\data\final_merged_datasets\images\train\img_000750.jpg,Daylight
D:\Guvi\Projects\major\number-plate-vehicle-detection\data\final_merged_datasets\images\train\img_000753.jpg,Daylight
D:\Guvi\Projects\major\number-plate-vehicle-detection\data\final_merged_datasets\images\train\img_000754.jpg,Daylight
D:\Guvi\Projects\major\number-plate-vehicle-detection\data\final_merged_datasets\images\train\img_000755.jpg,Daylight
D:\Guvi\Projects\major\number-plate-vehicle-detection\data\final_merged_datasets\images\train\img_000758.jpg,Daylight
D:\Guvi\Projects\major\number-plate-vehicle-detection\data\final_merged_datasets\images\train\img_000761.jpg,Night/Dark
D:\Guvi\Projects\major\number-plate-vehicle-detection\data\final_merged_datasets\images\train\img_000763.jpg,Night/Dark
D:\Guvi\Projects\major\number-plate-vehicle-detection\data\final_merged_datasets\images\train\img_000765.jpg,Night/Dark
D:\Guvi\Projects\major\number-plate-vehicle-detection\data\final_merged_datasets\images\train\img_000766.jpg,Night/Dark
D:\Guvi\Projects\major\number-plate-vehicle-detection\data\final_merged_datasets\images\train\img_000767.jpg,Night/Dark
D:\Guvi\Projects\major\number-plate-vehicle-detection\data\final_merged_datasets\images\train\img_000768.jpg,Night/Dark
D:\Guvi\Projects\major\number-plate-vehicle-detection\data\final_merged_datasets\images\train\img_000769.jpg,Night/Dark
D:\Guvi\Projects\major\number-plate-vehicle-detection\data\final_merged_datasets\images\train\img_000771.jpg,Night/Dark
D:\Guvi\Projects\major\number-plate-vehicle-detection\data\final_merged_datasets\images\train\img_000772.jpg,Night/Dark
D:\Guvi\Projects\major\number-plate-vehicle-detection\data\final_merged_datasets\images\train\img_000773.jpg,Night/Dark
D:\Guvi\Projects\major\number-plate-vehicle-detection\data\final_merged_datasets\images\train\img_000775.jpg,Night/Dark
D:\Guvi\Projects\major\number-plate-vehicle-detection\data\final_merged_datasets\images\train\img_000776.jpg,Night/Dark
D:\Guvi\Projects\major\number-plate-vehicle-detection\data\final_merged_datasets\images\train\img_000777.jpg,Night/Dark
D:\Guvi\Projects\major\number-plate-vehicle-detection\data\final_merged_datasets\images\train\img_000778.jpg,Night/Dark
D:\Guvi\Projects\major\number-plate-vehicle-detection\data\final_merged_datasets\images\train\img_000781.jpg,Night/Dark
D:\Guvi\Projects\major\number-plate-vehicle-detection\data\final_merged_datasets\images\train\img_000782.jpg,Night/Dark
D:\Guvi\Projects\major\number-plate-vehicle-detection\data\final_merged_datasets\images\train\img_000783.jpg,Night/Dark
D:\Guvi\Projects\major\number-plate-vehicle-detection\data\final_merged_datasets\images\train\img_000784.jpg,Night/Dark
D:\Guvi\Projects\major\number-plate-vehicle-detection\data\final_merged_datasets\images\train\img_000785.jpg,Night/Dark
D:\Guvi\Projects\major\number-plate-vehicle-detection\data\final_merged_datasets\images\train\img_000786.jpg,Night/Dark
D:\Guvi\Projects\major\number-plate-vehicle-detection\data\final_merged_datasets\images\train\img_000787.jpg,Night/Dark
D:\Guvi\Projects\major\number-plate-vehicle-detection\data\final_merged_datasets\images\train\img_000788.jpg,Night/Dark
D:\Guvi\Projects\major\number-plate-vehicle-detection\data\final_merged_datasets\images\train\img_000789.jpg,Night/Dark
D:\Guvi\Projects\major\number-plate-vehicle-detection\data\final_merged_datasets\images\train\img_000790.jpg,Night/Dark
D:\Guvi\Projects\major\number-plate-vehicle-detection\data\final_merged_datasets\images\train\img_000791.jpg,Night/Dark
D:\Guvi\Projects\major\number-plate-vehicle-detection\data\final_merged_datasets\images\train\img_000795.jpg,Night/Dark
D:\Guvi\Projects\major\number-plate-vehicle-detection\data\final_merged_datasets\images\train\img_000797.jpg,Night/Dark
D:\Guvi\Projects\major\number-plate-vehicle-detection\data\final_merged_datasets\images\train\img_000799.jpg,Night/Dark
D:\Guvi\Projects\major\number-plate-vehicle-detection\data\final_merged_datasets\images\train\img_000800.jpg,Night/Dark
D:\Guvi\Projects\major\number-plate-vehicle-detection\data\final_merged_datasets\images\train\img_000801.jpg,Daylight
D:\Guvi\Projects\major\number-plate-vehicle-detection\data\final_merged_datasets\images\train\img_000804.jpg,Daylight
D:\Guvi\Projects\major\number-plate-vehicle-detection\data\final_merged_datasets\images\train\img_000805.jpg,Daylight
D:\Guvi\Projects\major\number-plate-vehicle-detection\data\final_merged_datasets\images\train\img_000806.jpg,Daylight
D:\Guvi\Projects\major\number-plate-vehicle-detection\data\final_merged_datasets\images\train\img_000807.jpg,Daylight
D:\Guvi\Projects\major\number-plate-vehicle-detection\data\final_merged_datasets\images\train\img_000808.jpg,Daylight
D:\Guvi\Projects\major\number-plate-vehicle-detection\data\final_merged_datasets\images\train\img_000810.jpg,Daylight
D:\Guvi\Projects\major\number-plate-vehicle-detection\data\final_merged_datasets\images\train\img_000812.jpg,Daylight
D:\Guvi\Projects\major\number-plate-vehicle-detection\data\final_merged_datasets\images\train\img_000814.jpg,Daylight
D:\Guvi\Projects\major\number-plate-vehicle-detection\data\final_merged_datasets\images\train\img_000815.jpg,Daylight
D:\Guvi\Projects\major\number-plate-vehicle-detection\data\final_merged_datasets\images\train\img_000817.jpg,Daylight
D:\Guvi\Projects\major\number-plate-vehicle-detection\data\final_merged_datasets\images\train\img_000819.jpg,Daylight
D:\Guvi\Projects\major\number-plate-vehicle-detection\data\final_merged_datasets\images\train\img_000821.jpg,Daylight
D:\Guvi\Projects\major\number-plate-vehicle-detection\data\final_merged_datasets\images\train\img_000822.jpg,Daylight
D:\Guvi\Projects\major\number-plate-vehicle-detection\data\final_merged_datasets\images\train\img_000824.jpg,Daylight
D:\Guvi\Projects\major\number-plate-vehicle-detection\data\final_merged_datasets\images\train\img_000826.jpg,Daylight
D:\Guvi\Projects\major\number-plate-vehicle-detection\data\final_merged_datasets\images\train\img_000827.jpg,Daylight
D:\Guvi\Projects\major\number-plate-vehicle-detection\data\final_merged_datasets\images\train\img_000828.jpg,Daylight
D:\Guvi\Projects\major\number-plate-vehicle-detection\data\final_merged_datasets\images\train\img_000829.jpg,Daylight
D:\Guvi\Projects\major\number-plate-vehicle-detection\data\final_merged_datasets\images\train\img_000830.jpg,Daylight
D:\Guvi\Projects\major\number-plate-vehicle-detection\data\final_merged_datasets\images\train\img_000831.jpg,Daylight
D:\Guvi\Projects\major\number-plate-vehicle-detection\data\final_merged_datasets\images\train\img_000832.jpg,Daylight
D:\Guvi\Projects\major\number-plate-vehicle-detection\data\final_merged_datasets\images\train\img_000833.jpg,Daylight
D:\Guvi\Projects\major\number-plate-vehicle-detection\data\final_merged_datasets\images\train\img_000836.jpg,Daylight
D:\Guvi\Projects\major\number-plate-vehicle-detection\data\final_merged_datasets\images\train\img_000838.jpg,Daylight
D:\Guvi\Projects\major\number-plate-vehicle-detection\data\final_merged_datasets\images\train\img_000841.jpg,Daylight
D:\Guvi\Projects\major\number-plate-vehicle-detection\data\final_merged_datasets\images\train\img_000842.jpg,Daylight
D:\Guvi\Projects\major\number-plate-vehicle-detection\data\final_merged_datasets\images\train\img_000844.jpg,Daylight
D:\Guvi\Projects\major\number-plate-vehicle-detection\data\final_merged_datasets\images\train\img_000847.jpg,Daylight
D:\Guvi\Projects\major\number-plate-vehicle-detection\data\final_merged_datasets\images\train\img_000848.jpg,Daylight
D:\Guvi\Projects\major\number-plate-vehicle-detection\data\final_merged_datasets\images\train\img_000849.jpg,Daylight
D:\Guvi\Projects\major\number-plate-vehicle-detection\data\final_merged_datasets\images\train\img_000850.jpg,Daylight
D:\Guvi\Projects\major\number-plate-vehicle-detection\data\final_merged_datasets\images\train\img_000851.jpg,Daylight
D:\Guvi\Projects\major\number-plate-vehicle-detection\data\final_merged_datasets\images\train\img_000852.jpg,Daylight
D:\Guvi\Projects\major\number-plate-vehicle-detection\data\final_merged_datasets\images\train\img_000853.jpg,Daylight
D:\Guvi\Projects\major\number-plate-vehicle-detection\data\final_merged_datasets\images\train\img_000854.jpg,Daylight
D:\Guvi\Projects\major\number-plate-vehicle-detection\data\final_merged_datasets\images\train\img_000855.jpg,Daylight
D:\Guvi\Projects\major\number-plate-vehicle-detection\data\final_merged_datasets\images\train\img_000856.jpg,Daylight
D:\Guvi\Projects\major\number-plate-vehicle-detection\data\final_merged_datasets\images\train\img_000857.jpg,Daylight
D:\Guvi\Projects\major\number-plate-vehicle-detection\data\final_merged_datasets\images\train\img_000858.jpg,Daylight
D:\Guvi\Projects\major\number-plate-vehicle-detection\data\final_merged_datasets\images\train\img_000860.jpg,Daylight
D:\Guvi\Projects\major\number-plate-vehicle-detection\data\final_merged_datasets\images\train\img_000862.jpg,Daylight
D:\Guvi\Projects\major\number-plate-vehicle-detection\data\final_merged_datasets\images\train\img_000865.jpg,Daylight
D:\Guvi\Projects\major\number-plate-vehicle-detection\data\final_merged_datasets\images\train\img_000867.jpg,Daylight
D:\Guvi\Projects\major\number-plate-vehicle-detection\data\final_merged_datasets\images\train\img_000868.jpg,Daylight
D:\Guvi\Projects\major\number-plate-vehicle-detection\data\final_merged_datasets\images\train\img_000869.jpg,Daylight
D:\Guvi\Projects\major\number-plate-vehicle-detection\data\final_merged_datasets\images\train\img_000871.jpg,Daylight
D:\Guvi\Projects\major\number-plate-vehicle-detection\data\final_merged_datasets\images\train\img_000872.jpg,Daylight
D:\Guvi\Projects\major\number-plate-vehicle-detection\data\final_merged_datasets\images\train\img_000873.jpg,Daylight
D:\Guvi\Projects\major\number-plate-vehicle-detection\data\final_merged_datasets\images\train\img_000874.jpg,Daylight
D:\Guvi\Projects\major\number-plate-vehicle-detection\data\final_merged_datasets\images\train\img_000875.jpg,Night/Dark
D:\Guvi\Projects\major\number-plate-vehicle-detection\data\final_merged_datasets\images\train\img_000876.jpg,Night/Dark
D:\Guvi\Projects\major\number-plate-vehicle-detection\data\final_merged_datasets\images\train\img_000878.jpg,Daylight
D:\Guvi\Projects\major\number-plate-vehicle-detection\data\final_merged_datasets\images\train\img_000879.jpg,Daylight
D:\Guvi\Projects\major\number-plate-vehicle-detection\data\final_merged_datasets\images\train\img_000881.jpg,Daylight
D:\Guvi\Projects\major\number-plate-vehicle-detection\data\final_merged_datasets\images\train\img_000882.jpg,Daylight
D:\Guvi\Projects\major\number-plate-vehicle-detection\data\final_merged_datasets\images\train\img_000884.jpg,Daylight
D:\Guvi\Projects\major\number-plate-vehicle-detection\data\final_merged_datasets\images\train\img_000886.jpg,Daylight
D:\Guvi\Projects\major\number-plate-vehicle-detection\data\final_merged_datasets\images\train\img_000887.jpg,Daylight
D:\Guvi\Projects\major\number-plate-vehicle-detection\data\final_merged_datasets\images\train\img_000888.jpg,Daylight
D:\Guvi\Projects\major\number-plate-vehicle-detection\data\final_merged_datasets\images\train\img_000889.jpg,Daylight
D:\Guvi\Projects\major\number-plate-vehicle-detection\data\final_merged_datasets\images\train\img_000890.jpg,Daylight
D:\Guvi\Projects\major\number-plate-vehicle-detection\data\final_merged_datasets\images\train\img_000891.jpg,Daylight
D:\Guvi\Projects\major\number-plate-vehicle-detection\data\final_merged_datasets\images\train\img_000892.jpg,Daylight
D:\Guvi\Projects\major\number-plate-vehicle-detection\data\final_merged_datasets\images\train\img_000893.jpg,Daylight
D:\Guvi\Projects\major\number-plate-vehicle-detection\data\final_merged_datasets\images\train\img_000894.jpg,Daylight
D:\Guvi\Projects\major\number-plate-vehicle-detection\data\final_merged_datasets\images\train\img_000895.jpg,Daylight
D:\Guvi\Projects\major\number-plate-vehicle-detection\data\final_merged_datasets\images\train\img_000896.jpg,Daylight
D:\Guvi\Projects\major\number-plate-vehicle-detection\data\final_merged_datasets\images\train\img_000897.jpg,Daylight
D:\Guvi\Projects\major\number-plate-vehicle-detection\data\final_merged_datasets\images\train\img_000899.jpg,Daylight
D:\Guvi\Projects\major\number-plate-vehicle-detection\data\final_merged_datasets\images\train\img_000900.jpg,Night/Dark
D:\Guvi\Projects\major\number-plate-vehicle-detection\data\final_merged_datasets\images\train\img_000901.jpg,Night/Dark
D:\Guvi\Projects\major\number-plate-vehicle-detection\data\final_merged_datasets\images\train\img_000902.jpg,Night/Dark
D:\Guvi\Projects\major\number-plate-vehicle-detection\data\final_merged_datasets\images\train\img_000903.jpg,Night/Dark
D:\Guvi\Projects\major\number-plate-vehicle-detection\data\final_merged_datasets\images\train\img_000905.jpg,Daylight
D:\Guvi\Projects\major\number-plate-vehicle-detection\data\final_merged_datasets\images\train\img_000906.jpg,Daylight
D:\Guvi\Projects\major\number-plate-vehicle-detection\data\final_merged_datasets\images\train\img_000907.jpg,Daylight
D:\Guvi\Projects\major\number-plate-vehicle-detection\data\final_merged_datasets\images\train\img_000908.jpg,Daylight
D:\Guvi\Projects\major\number-plate-vehicle-detection\data\final_merged_datasets\images\train\img_000909.jpg,Daylight
D:\Guvi\Projects\major\number-plate-vehicle-detection\data\final_merged_datasets\images\train\img_000911.jpg,Daylight
D:\Guvi\Projects\major\number-plate-vehicle-detection\data\final_merged_datasets\images\train\img_000913.jpg,Daylight
D:\Guvi\Projects\major\number-plate-vehicle-detection\data\final_merged_datasets\images\train\img_000914.jpg,Daylight
D:\Guvi\Projects\major\number-plate-vehicle-detection\data\final_merged_datasets\images\train\img_000916.jpg,Daylight
D:\Guvi\Projects\major\number-plate-vehicle-detection\data\final_merged_datasets\images\train\img_000917.jpg,Daylight
D:\Guvi\Projects\major\number-plate-vehicle-detection\data\final_merged_datasets\images\train\img_000919.jpg,Daylight
D:\Guvi\Projects\major\number-plate-vehicle-detection\data\final_merged_datasets\images\train\img_000920.jpg,Daylight
D:\Guvi\Projects\major\number-plate-vehicle-detection\data\final_merged_datasets\images\train\img_000921.jpg,Daylight
D:\Guvi\Projects\major\number-plate-vehicle-detection\data\final_merged_datasets\images\train\img_000922.jpg,Daylight
D:\Guvi\Projects\major\number-plate-vehicle-detection\data\final_merged_datasets\images\train\img_000923.jpg,Daylight
D:\Guvi\Projects\major\number-plate-vehicle-detection\data\final_merged_datasets\images\train\img_000924.jpg,Daylight
D:\Guvi\Projects\major\number-plate-vehicle-detection\data\final_merged_datasets\images\train\img_000925.jpg,Daylight
D:\Guvi\Projects\major\number-plate-vehicle-detection\data\final_merged_datasets\images\train\img_000926.jpg,Daylight
D:\Guvi\Projects\major\number-plate-vehicle-detection\data\final_merged_datasets\images\train\img_000927.jpg,Daylight
D:\Guvi\Projects\major\number-plate-vehicle-detection\data\final_merged_datasets\images\train\img_000928.jpg,Daylight
D:\Guvi\Projects\major\number-plate-vehicle-detection\data\final_merged_datasets\images\train\img_000929.jpg,Daylight
D:\Guvi\Projects\major\number-plate-vehicle-detection\data\final_merged_datasets\images\train\img_000931.jpg,Daylight
D:\Guvi\Projects\major\number-plate-vehicle-detection\data\final_merged_datasets\images\train\img_000932.jpg,Daylight
D:\Guvi\Projects\major\number-plate-vehicle-detection\data\final_merged_datasets\images\train\img_001667.jpg,Daylight
D:\Guvi\Projects\major\number-plate-vehicle-detection\data\final_merged_datasets\images\train\img_001668.jpg,Daylight
D:\Guvi\Projects\major\number-plate-vehicle-detection\data\final_merged_datasets\images\train\img_001671.jpg,Daylight
D:\Guvi\Projects\major\number-plate-vehicle-detection\data\final_merged_datasets\images\train\img_001672.jpg,Daylight
D:\Guvi\Projects\major\number-plate-vehicle-detection\data\final_merged_datasets\images\train\img_001673.jpg,Daylight
D:\Guvi\Projects\major\number-plate-vehicle-detection\data\final_merged_datasets\images\train\img_001674.jpg,Daylight
D:\Guvi\Projects\major\number-plate-vehicle-detection\data\final_merged_datasets\images\train\img_001676.jpg,Daylight
D:\Guvi\Projects\major\number-plate-vehicle-detection\data\final_merged_datasets\images\train\img_001678.jpg,Daylight
D:\Guvi\Projects\major\number-plate-vehicle-detection\data\final_merged_datasets\images\train\img_001679.jpg,Daylight
D:\Guvi\Projects\major\number-plate-vehicle-detection\data\final_merged_datasets\images\train\img_001681.jpg,Daylight
D:\Guvi\Projects\major\number-plate-vehicle-detection\data\final_merged_datasets\images\train\img_001683.jpg,Daylight
D:\Guvi\Projects\major\number-plate-vehicle-detection\data\final_merged_datasets\images\train\img_001685.jpg,Daylight
D:\Guvi\Projects\major\number-plate-vehicle-detection\data\final_merged_datasets\images\train\img_001687.jpg,Daylight
D:\Guvi\Projects\major\number-plate-vehicle-detection\data\final_merged_datasets\images\train\img_001689.jpg,Daylight
D:\Guvi\Projects\major\number-plate-vehicle-detection\data\final_merged_datasets\images\train\img_001690.jpg,Daylight
D:\Guvi\Projects\major\number-plate-vehicle-detection\data\final_merged_datasets\images\train\img_001691.jpg,Daylight
D:\Guvi\Projects\major\number-plate-vehicle-detection\data\final_merged_datasets\images\train\img_001692.jpg,Daylight
D:\Guvi\Projects\major\number-plate-vehicle-detection\data\final_merged_datasets\images\train\img_001693.jpg,Daylight
D:\Guvi\Projects\major\number-plate-vehicle-detection\data\final_merged_datasets\images\train\img_001694.jpg,Daylight
D:\Guvi\Projects\major\number-plate-vehicle-detection\data\final_merged_datasets\images\train\img_001695.jpg,Daylight
D:\Guvi\Projects\major\number-plate-vehicle-detection\data\final_merged_datasets\images\train\img_001696.jpg,Daylight
D:\Guvi\Projects\major\number-plate-vehicle-detection\data\final_merged_datasets\images\train\img_001697.jpg,Daylight
D:\Guvi\Projects\major\number-plate-vehicle-detection\data\final_merged_datasets\images\train\img_001698.jpg,Daylight
D:\Guvi\Projects\major\number-plate-vehicle-detection\data\final_merged_datasets\images\train\img_001699.jpg,Daylight
D:\Guvi\Projects\major\number-plate-vehicle-detection\data\final_merged_datasets\images\train\img_001700.jpg,Daylight
D:\Guvi\Projects\major\number-plate-vehicle-detection\data\final_merged_datasets\images\train\img_001701.jpg,Daylight
D:\Guvi\Projects\major\number-plate-vehicle-detection\data\final_merged_datasets\images\train\img_001702.jpg,Daylight
D:\Guvi\Projects\major\number-plate-vehicle-detection\data\final_merged_datasets\images\train\img_001703.jpg,Daylight
D:\Guvi\Projects\major\number-plate-vehicle-detection\data\final_merged_datasets\images\train\img_001708.jpg,Daylight
D:\Guvi\Projects\major\number-plate-vehicle-detection\data\final_merged_datasets\images\train\img_001709.jpg,Daylight
D:\Guvi\Projects\major\number-plate-vehicle-detection\data\final_merged_datasets\images\train\img_001710.jpg,Daylight
D:\Guvi\Projects\major\number-plate-vehicle-detection\data\final_merged_datasets\images\train\img_001711.jpg,Daylight
D:\Guvi\Projects\major\number-plate-vehicle-detection\data\final_merged_datasets\images\train\img_001712.jpg,Daylight
D:\Guvi\Projects\major\number-plate-vehicle-detection\data\final_merged_datasets\images\train\img_001716.jpg,Daylight
D:\Guvi\Projects\major\number-plate-vehicle-detection\data\final_merged_datasets\images\train\img_001718.jpg,Daylight
D:\Guvi\Projects\major\number-plate-vehicle-detection\data\final_merged_datasets\images\train\img_001719.jpg,Daylight
D:\Guvi\Projects\major\number-plate-vehicle-detection\data\final_merged_datasets\images\train\img_001721.jpg,Daylight
D:\Guvi\Projects\major\number-plate-vehicle-detection\data\final_merged_datasets\images\train\img_001722.jpg,Daylight
D:\Guvi\Projects\major\number-plate-vehicle-detection\data\final_merged_datasets\images\train\img_001723.jpg,Daylight
D:\Guvi\Projects\major\number-plate-vehicle-detection\data\final_merged_datasets\images\train\img_001724.jpg,Daylight
D:\Guvi\Projects\major\number-plate-vehicle-detection\data\final_merged_datasets\images\train\img_001726.jpg,Daylight
D:\Guvi\Projects\major\number-plate-vehicle-detection\data\final_merged_datasets\images\train\img_001727.jpg,Daylight
D:\Guvi\Projects\major\number-plate-vehicle-detection\data\final_merged_datasets\images\train\img_001728.jpg,Daylight
D:\Guvi\Projects\major\number-plate-vehicle-detection\data\final_merged_datasets\images\train\img_001729.jpg,Daylight
D:\Guvi\Projects\major\number-plate-vehicle-detection\data\final_merged_datasets\images\train\img_001730.jpg,Daylight
D:\Guvi\Projects\major\number-plate-vehicle-detection\data\final_merged_datasets\images\train\img_001731.jpg,Daylight
D:\Guvi\Projects\major\number-plate-vehicle-detection\data\final_merged_datasets\images\train\img_001732.jpg,Daylight
D:\Guvi\Projects\major\number-plate-vehicle-detection\data\final_merged_datasets\images\train\img_001733.jpg,Daylight
D:\Guvi\Projects\major\number-plate-vehicle-detection\data\final_merged_datasets\images\train\img_001735.jpg,Daylight
D:\Guvi\Projects\major\number-plate-vehicle-detection\data\final_merged_datasets\images\train\img_001738.jpg,Daylight
D:\Guvi\Projects\major\number-plate-vehicle-detection\data\final_merged_datasets\images\train\img_001739.jpg,Daylight
D:\Guvi\Projects\major\number-plate-vehicle-detection\data\final_merged_datasets\images\train\img_001740.jpg,Daylight
D:\Guvi\Projects\major\number-plate-vehicle-detection\data\final_merged_datasets\images\train\img_001741.jpg,Daylight
D:\Guvi\Projects\major\number-plate-vehicle-detection\data\final_merged_datasets\images\train\img_001742.jpg,Daylight
D:\Guvi\Projects\major\number-plate-vehicle-detection\data\final_merged_datasets\images\train\img_001743.jpg,Daylight
D:\Guvi\Projects\major\number-plate-vehicle-detection\data\final_merged_datasets\images\train\img_001744.jpg,Daylight
D:\Guvi\Projects\major\number-plate-vehicle-detection\data\final_merged_datasets\images\train\img_001745.jpg,Daylight
D:\Guvi\Projects\major\number-plate-vehicle-detection\data\final_merged_datasets\images\train\img_001746.jpg,Daylight
D:\Guvi\Projects\major\number-plate-vehicle-detection\data\final_merged_datasets\images\train\img_001747.jpg,Daylight
D:\Guvi\Projects\major\number-plate-vehicle-detection\data\final_merged_datasets\images\train\img_001748.jpg,Daylight
D:\Guvi\Projects\major\number-plate-vehicle-detection\data\final_merged_datasets\images\train\img_001751.jpg,Daylight
D:\Guvi\Projects\major\number-plate-vehicle-detection\data\final_merged_datasets\images\train\img_001752.jpg,Daylight
D:\Guvi\Projects\major\number-plate-vehicle-detection\data\final_merged_datasets\images\train\img_001753.jpg,Daylight
D:\Guvi\Projects\major\number-plate-vehicle-detection\data\final_merged_datasets\images\train\img_001755.jpg,Daylight
D:\Guvi\Projects\major\number-plate-vehicle-detection\data\final_merged_datasets\images\train\img_001756.jpg,Daylight
D:\Guvi\Projects\major\number-plate-vehicle-detection\data\final_merged_datasets\images\train\img_001757.jpg,Daylight
D:\Guvi\Projects\major\number-plate-vehicle-detection\data\final_merged_datasets\images\train\img_001758.jpg,Daylight
D:\Guvi\Projects\major\number-plate-vehicle-detection\data\final_merged_datasets\images\train\img_001759.jpg,Daylight
D:\Guvi\Projects\major\number-plate-vehicle-detection\data\final_merged_datasets\images\train\img_001761.jpg,Daylight
D:\Guvi\Projects\major\number-plate-vehicle-detection\data\final_merged_datasets\images\train\img_001765.jpg,Daylight
D:\Guvi\Projects\major\number-plate-vehicle-detection\data\final_merged_datasets\images\train\img_001767.jpg,Daylight
D:\Guvi\Projects\major\number-plate-vehicle-detection\data\final_merged_datasets\images\train\img_001768.jpg,Daylight
D:\Guvi\Projects\major\number-plate-vehicle-detection\data\final_merged_datasets\images\train\img_001769.jpg,Daylight
D:\Guvi\Projects\major\number-plate-vehicle-detection\data\final_merged_datasets\images\train\img_001771.jpg,Daylight
D:\Guvi\Projects\major\number-plate-vehicle-detection\data\final_merged_datasets\images\train\img_001772.jpg,Daylight
D:\Guvi\Projects\major\number-plate-vehicle-detection\data\final_merged_datasets\images\train\img_001773.jpg,Daylight
D:\Guvi\Projects\major\number-plate-vehicle-detection\data\final_merged_datasets\images\train\img_001774.jpg,Daylight
D:\Guvi\Projects\major\number-plate-vehicle-detection\data\final_merged_datasets\images\train\img_001775.jpg,Daylight
D:\Guvi\Projects\major\number-plate-vehicle-detection\data\final_merged_datasets\images\train\img_001777.jpg,Daylight
D:\Guvi\Projects\major\number-plate-vehicle-detection\data\final_merged_datasets\images\train\img_001779.jpg,Daylight
D:\Guvi\Projects\major\number-plate-vehicle-detection\data\final_merged_datasets\images\train\img_001780.jpg,Daylight
D:\Guvi\Projects\major\number-plate-vehicle-detection\data\final_merged_datasets\images\train\img_001781.jpg,Daylight
D:\Guvi\Projects\major\number-plate-vehicle-detection\data\final_merged_datasets\images\val\img_000003.jpg,Daylight
D:\Guvi\Projects\major\number-plate-vehicle-detection\data\final_merged_datasets\images\val\img_000005.jpg,Daylight
D:\Guvi\Projects\major\number-plate-vehicle-detection\data\final_merged_datasets\images\val\img_000006.jpg,Daylight
D:\Guvi\Projects\major\number-plate-vehicle-detection\data\final_merged_datasets\images\val\img_000007.jpg,Daylight
D:\Guvi\Projects\major\number-plate-vehicle-detection\data\final_merged_datasets\images\val\img_000012.jpg,Daylight
D:\Guvi\Projects\major\number-plate-vehicle-detection\data\final_merged_datasets\images\val\img_000013.jpg,Daylight
D:\Guvi\Projects\major\number-plate-vehicle-detection\data\final_merged_datasets\images\val\img_000016.jpg,Daylight
D:\Guvi\Projects\major\number-plate-vehicle-detection\data\final_merged_datasets\images\val\img_000019.jpg,Daylight
D:\Guvi\Projects\major\number-plate-vehicle-detection\data\final_merged_datasets\images\val\img_000021.jpg,Daylight
D:\Guvi\Projects\major\number-plate-vehicle-detection\data\final_merged_datasets\images\val\img_000024.jpg,Daylight
D:\Guvi\Projects\major\number-plate-vehicle-detection\data\final_merged_datasets\images\val\img_000027.jpg,Daylight
D:\Guvi\Projects\major\number-plate-vehicle-detection\data\final_merged_datasets\images\val\img_000029.jpg,Daylight
D:\Guvi\Projects\major\number-plate-vehicle-detection\data\final_merged_datasets\images\val\img_000030.jpg,Daylight
D:\Guvi\Projects\major\number-plate-vehicle-detection\data\final_merged_datasets\images\val\img_000040.jpg,Daylight
D:\Guvi\Projects\major\number-plate-vehicle-detection\data\final_merged_datasets\images\val\img_000047.jpg,Daylight
D:\Guvi\Projects\major\number-plate-vehicle-detection\data\final_merged_datasets\images\val\img_000049.jpg,Daylight
D:\Guvi\Projects\major\number-plate-vehicle-detection\data\final_merged_datasets\images\val\img_000057.jpg,Daylight
D:\Guvi\Projects\major\number-plate-vehicle-detection\data\final_merged_datasets\images\val\img_000060.jpg,Daylight
D:\Guvi\Projects\major\number-plate-vehicle-detection\data\final_merged_datasets\images\val\img_000067.jpg,Daylight
D:\Guvi\Projects\major\number-plate-vehicle-detection\data\final_merged_datasets\images\val\img_000074.jpg,Daylight
D:\Guvi\Projects\major\number-plate-vehicle-detection\data\final_merged_datasets\images\val\img_000085.jpg,Daylight
D:\Guvi\Projects\major\number-plate-vehicle-detection\data\final_merged_datasets\images\val\img_000181.jpg,Daylight
D:\Guvi\Projects\major\number-plate-vehicle-detection\data\final_merged_datasets\images\val\img_000187.jpg,Daylight
D:\Guvi\Projects\major\number-plate-vehicle-detection\data\final_merged_datasets\images\val\img_000191.jpg,Night/Dark
D:\Guvi\Projects\major\number-plate-vehicle-detection\data\final_merged_datasets\images\val\img_000192.jpg,Daylight
D:\Guvi\Projects\major\number-plate-vehicle-detection\data\final_merged_datasets\images\val\img_000193.jpg,Daylight
D:\Guvi\Projects\major\number-plate-vehicle-detection\data\final_merged_datasets\images\val\img_000196.jpg,Daylight
D:\Guvi\Projects\major\number-plate-vehicle-detection\data\final_merged_datasets\images\val\img_000197.jpg,Daylight
D:\Guvi\Projects\major\number-plate-vehicle-detection\data\final_merged_datasets\images\val\img_000198.jpg,Daylight
D:\Guvi\Projects\major\number-plate-vehicle-detection\data\final_merged_datasets\images\val\img_000210.jpg,Daylight
D:\Guvi\Projects\major\number-plate-vehicle-detection\data\final_merged_datasets\images\val\img_000212.jpg,Daylight
D:\Guvi\Projects\major\number-plate-vehicle-detection\data\final_merged_datasets\images\val\img_000220.jpg,Daylight
D:\Guvi\Projects\major\number-plate-vehicle-detection\data\final_merged_datasets\images\val\img_000223.jpg,Bright/Sunny
D:\Guvi\Projects\major\number-plate-vehicle-detection\data\final_merged_datasets\images\val\img_000238.jpg,Daylight
D:\Guvi\Projects\major\number-plate-vehicle-detection\data\final_merged_datasets\images\val\img_000242.jpg,Daylight
D:\Guvi\Projects\major\number-plate-vehicle-detection\data\final_merged_datasets\images\val\img_000243.jpg,Night/Dark
D:\Guvi\Projects\major\number-plate-vehicle-detection\data\final_merged_datasets\images\val\img_000244.jpg,Daylight
D:\Guvi\Projects\major\number-plate-vehicle-detection\data\final_merged_datasets\images\val\img_000245.jpg,Daylight
D:\Guvi\Projects\major\number-plate-vehicle-detection\data\final_merged_datasets\images\val\img_000246.jpg,Daylight
D:\Guvi\Projects\major\number-plate-vehicle-detection\data\final_merged_datasets\images\val\img_000264.jpg,Daylight
D:\Guvi\Projects\major\number-plate-vehicle-detection\data\final_merged_datasets\images\val\img_000265.jpg,Daylight
D:\Guvi\Projects\major\number-plate-vehicle-detection\data\final_merged_datasets\images\val\img_000267.jpg,Daylight
D:\Guvi\Projects\major\number-plate-vehicle-detection\data\final_merged_datasets\images\val\img_000268.jpg,Daylight
D:\Guvi\Projects\major\number-plate-vehicle-detection\data\final_merged_datasets\images\val\img_000274.jpg,Daylight
D:\Guvi\Projects\major\number-plate-vehicle-detection\data\final_merged_datasets\images\val\img_000275.jpg,Daylight
D:\Guvi\Projects\major\number-plate-vehicle-detection\data\final_merged_datasets\images\val\img_000277.jpg,Daylight
D:\Guvi\Projects\major\number-plate-vehicle-detection\data\final_merged_datasets\images\val\img_000278.jpg,Daylight
D:\Guvi\Projects\major\number-plate-vehicle-detection\data\final_merged_datasets\images\val\img_000280.jpg,Daylight
D:\Guvi\Projects\major\number-plate-vehicle-detection\data\final_merged_datasets\images\val\img_000284.jpg,Daylight
D:\Guvi\Projects\major\number-plate-vehicle-detection\data\final_merged_datasets\images\val\img_000296.jpg,Daylight
D:\Guvi\Projects\major\number-plate-vehicle-detection\data\final_merged_datasets\images\val\img_000306.jpg,Daylight
D:\Guvi\Projects\major\number-plate-vehicle-detection\data\final_merged_datasets\images\val\img_000319.jpg,Daylight
D:\Guvi\Projects\major\number-plate-vehicle-detection\data\final_merged_datasets\images\val\img_000320.jpg,Daylight
D:\Guvi\Projects\major\number-plate-vehicle-detection\data\final_merged_datasets\images\val\img_000323.jpg,Night/Dark
D:\Guvi\Projects\major\number-plate-vehicle-detection\data\final_merged_datasets\images\val\img_000327.jpg,Night/Dark
D:\Guvi\Projects\major\number-plate-vehicle-detection\data\final_merged_datasets\images\val\img_000340.jpg,Daylight
D:\Guvi\Projects\major\number-plate-vehicle-detection\data\final_merged_datasets\images\val\img_000354.jpg,Daylight
D:\Guvi\Projects\major\number-plate-vehicle-detection\data\final_merged_datasets\images\val\img_000355.jpg,Daylight
D:\Guvi\Projects\major\number-plate-vehicle-detection\data\final_merged_datasets\images\val\img_000360.jpg,Daylight
D:\Guvi\Projects\major\number-plate-vehicle-detection\data\final_merged_datasets\images\val\img_000375.jpg,Daylight
D:\Guvi\Projects\major\number-plate-vehicle-detection\data\final_merged_datasets\images\val\img_000376.jpg,Daylight
D:\Guvi\Projects\major\number-plate-vehicle-detection\data\final_merged_datasets\images\val\img_000377.jpg,Daylight
D:\Guvi\Projects\major\number-plate-vehicle-detection\data\final_merged_datasets\images\val\img_000382.jpg,Daylight
D:\Guvi\Projects\major\number-plate-vehicle-detection\data\final_merged_datasets\images\val\img_000386.jpg,Daylight
D:\Guvi\Projects\major\number-plate-vehicle-detection\data\final_merged_datasets\images\val\img_000388.jpg,Daylight
D:\Guvi\Projects\major\number-plate-vehicle-detection\data\final_merged_datasets\images\val\img_000391.jpg,Daylight
D:\Guvi\Projects\major\number-plate-vehicle-detection\data\final_merged_datasets\images\val\img_000399.jpg,Daylight
D:\Guvi\Projects\major\number-plate-vehicle-detection\data\final_merged_datasets\images\val\img_000403.jpg,Daylight
D:\Guvi\Projects\major\number-plate-vehicle-detection\data\final_merged_datasets\images\val\img_000408.jpg,Daylight
D:\Guvi\Projects\major\number-plate-vehicle-detection\data\final_merged_datasets\images\val\img_000415.jpg,Daylight
D:\Guvi\Projects\major\number-plate-vehicle-detection\data\final_merged_datasets\images\val\img_000416.jpg,Daylight
D:\Guvi\Projects\major\number-plate-vehicle-detection\data\final_merged_datasets\images\val\img_000423.jpg,Daylight
D:\Guvi\Projects\major\number-plate-vehicle-detection\data\final_merged_datasets\images\val\img_000429.jpg,Daylight
D:\Guvi\Projects\major\number-plate-vehicle-detection\data\final_merged_datasets\images\val\img_000432.jpg,Daylight
D:\Guvi\Projects\major\number-plate-vehicle-detection\data\final_merged_datasets\images\val\img_000450.jpg,Daylight
D:\Guvi\Projects\major\number-plate-vehicle-detection\data\final_merged_datasets\images\val\img_000451.jpg,Daylight
D:\Guvi\Projects\major\number-plate-vehicle-detection\data\final_merged_datasets\images\val\img_000458.jpg,Daylight
D:\Guvi\Projects\major\number-plate-vehicle-detection\data\final_merged_datasets\images\val\img_000469.jpg,Daylight
D:\Guvi\Projects\major\number-plate-vehicle-detection\data\final_merged_datasets\images\val\img_000471.jpg,Daylight
D:\Guvi\Projects\major\number-plate-vehicle-detection\data\final_merged_datasets\images\val\img_000474.jpg,Daylight
D:\Guvi\Projects\major\number-plate-vehicle-detection\data\final_merged_datasets\images\val\img_000479.jpg,Daylight
D:\Guvi\Projects\major\number-plate-vehicle-detection\data\final_merged_datasets\images\val\img_000484.jpg,Daylight
D:\Guvi\Projects\major\number-plate-vehicle-detection\data\final_merged_datasets\images\val\img_000490.jpg,Daylight
D:\Guvi\Projects\major\number-plate-vehicle-detection\data\final_merged_datasets\images\val\img_000493.jpg,Daylight
D:\Guvi\Projects\major\number-plate-vehicle-detection\data\final_merged_datasets\images\val\img_000495.jpg,Daylight
D:\Guvi\Projects\major\number-plate-vehicle-detection\data\final_merged_datasets\images\val\img_000510.jpg,Daylight
D:\Guvi\Projects\major\number-plate-vehicle-detection\data\final_merged_datasets\images\val\img_000516.jpg,Daylight
D:\Guvi\Projects\major\number-plate-vehicle-detection\data\final_merged_datasets\images\val\img_000526.jpg,Night/Dark
D:\Guvi\Projects\major\number-plate-vehicle-detection\data\final_merged_datasets\images\val\img_000527.jpg,Daylight
D:\Guvi\Projects\major\number-plate-vehicle-detection\data\final_merged_datasets\images\val\img_000530.jpg,Daylight
D:\Guvi\Projects\major\number-plate-vehicle-detection\data\final_merged_datasets\images\val\img_000533.jpg,Daylight
D:\Guvi\Projects\major\number-plate-vehicle-detection\data\final_merged_datasets\images\val\img_000537.jpg,Daylight
D:\Guvi\Projects\major\number-plate-vehicle-detection\data\final_merged_datasets\images\val\img_000539.jpg,Daylight
D:\Guvi\Projects\major\number-plate-vehicle-detection\data\final_merged_datasets\images\val\img_000550.jpg,Daylight
D:\Guvi\Projects\major\number-plate-vehicle-detection\data\final_merged_datasets\images\val\img_000552.jpg,Daylight
D:\Guvi\Projects\major\number-plate-vehicle-detection\data\final_merged_datasets\images\val\img_000563.jpg,Daylight
D:\Guvi\Projects\major\number-plate-vehicle-detection\data\final_merged_datasets\images\val\img_000572.jpg,Daylight
D:\Guvi\Projects\major\number-plate-vehicle-detection\data\final_merged_datasets\images\val\img_000573.jpg,Daylight
D:\Guvi\Projects\major\number-plate-vehicle-detection\data\final_merged_datasets\images\val\img_000584.jpg,Daylight
D:\Guvi\Projects\major\number-plate-vehicle-detection\data\final_merged_datasets\images\val\img_000598.jpg,Daylight
D:\Guvi\Projects\major\number-plate-vehicle-detection\data\final_merged_datasets\images\val\img_000606.jpg,Daylight
D:\Guvi\Projects\major\number-plate-vehicle-detection\data\final_merged_datasets\images\val\img_000610.jpg,Daylight
D:\Guvi\Projects\major\number-plate-vehicle-detection\data\final_merged_datasets\images\val\img_000614.jpg,Daylight
D:\Guvi\Projects\major\number-plate-vehicle-detection\data\final_merged_datasets\images\val\img_000620.jpg,Daylight
D:\Guvi\Projects\major\number-plate-vehicle-detection\data\final_merged_datasets\images\val\img_000621.jpg,Daylight
D:\Guvi\Projects\major\number-plate-vehicle-detection\data\final_merged_datasets\images\val\img_000623.jpg,Daylight
D:\Guvi\Projects\major\number-plate-vehicle-detection\data\final_merged_datasets\images\val\img_000627.jpg,Daylight
D:\Guvi\Projects\major\number-plate-vehicle-detection\data\final_merged_datasets\images\val\img_000634.jpg,Daylight
D:\Guvi\Projects\major\number-plate-vehicle-detection\data\final_merged_datasets\images\val\img_000636.jpg,Daylight
D:\Guvi\Projects\major\number-plate-vehicle-detection\data\final_merged_datasets\images\val\img_000637.jpg,Daylight
D:\Guvi\Projects\major\number-plate-vehicle-detection\data\final_merged_datasets\images\val\img_000645.jpg,Daylight
D:\Guvi\Projects\major\number-plate-vehicle-detection\data\final_merged_datasets\images\val\img_000657.jpg,Daylight
D:\Guvi\Projects\major\number-plate-vehicle-detection\data\final_merged_datasets\images\val\img_000664.jpg,Daylight
D:\Guvi\Projects\major\number-plate-vehicle-detection\data\final_merged_datasets\images\val\img_000678.jpg,Daylight
D:\Guvi\Projects\major\number-plate-vehicle-detection\data\final_merged_datasets\images\val\img_000680.jpg,Daylight
D:\Guvi\Projects\major\number-plate-vehicle-detection\data\final_merged_datasets\images\val\img_000681.jpg,Daylight
D:\Guvi\Projects\major\number-plate-vehicle-detection\data\final_merged_datasets\images\val\img_000683.jpg,Daylight
D:\Guvi\Projects\major\number-plate-vehicle-detection\data\final_merged_datasets\images\val\img_000685.jpg,Daylight
D:\Guvi\Projects\major\number-plate-vehicle-detection\data\final_merged_datasets\images\val\img_000691.jpg,Daylight
D:\Guvi\Projects\major\number-plate-vehicle-detection\data\final_merged_datasets\images\val\img_000693.jpg,Daylight
D:\Guvi\Projects\major\number-plate-vehicle-detection\data\final_merged_datasets\images\val\img_000702.jpg,Daylight
D:\Guvi\Projects\major\number-plate-vehicle-detection\data\final_merged_datasets\images\val\img_000706.jpg,Daylight
D:\Guvi\Projects\major\number-plate-vehicle-detection\data\final_merged_datasets\images\val\img_000709.jpg,Daylight
D:\Guvi\Projects\major\number-plate-vehicle-detection\data\final_merged_datasets\images\val\img_000710.jpg,Daylight
D:\Guvi\Projects\major\number-plate-vehicle-detection\data\final_merged_datasets\images\val\img_000712.jpg,Daylight
D:\Guvi\Projects\major\number-plate-vehicle-detection\data\final_merged_datasets\images\val\img_000714.jpg,Daylight
D:\Guvi\Projects\major\number-plate-vehicle-detection\data\final_merged_datasets\images\val\img_000718.jpg,Daylight
D:\Guvi\Projects\major\number-plate-vehicle-detection\data\final_merged_datasets\images\val\img_000721.jpg,Daylight
D:\Guvi\Projects\major\number-plate-vehicle-detection\data\final_merged_datasets\images\val\img_000723.jpg,Daylight
D:\Guvi\Projects\major\number-plate-vehicle-detection\data\final_merged_datasets\images\val\img_000724.jpg,Daylight
D:\Guvi\Projects\major\number-plate-vehicle-detection\data\final_merged_datasets\images\val\img_000738.jpg,Daylight
D:\Guvi\Projects\major\number-plate-vehicle-detection\data\final_merged_datasets\images\val\img_000739.jpg,Daylight
D:\Guvi\Projects\major\number-plate-vehicle-detection\data\final_merged_datasets\images\val\img_000756.jpg,Daylight
D:\Guvi\Projects\major\number-plate-vehicle-detection\data\final_merged_datasets\images\val\img_000759.jpg,Daylight
D:\Guvi\Projects\major\number-plate-vehicle-detection\data\final_merged_datasets\images\val\img_000764.jpg,Night/Dark
D:\Guvi\Projects\major\number-plate-vehicle-detection\data\final_merged_datasets\images\val\img_000770.jpg,Night/Dark
D:\Guvi\Projects\major\number-plate-vehicle-detection\data\final_merged_datasets\images\val\img_000774.jpg,Night/Dark
D:\Guvi\Projects\major\number-plate-vehicle-detection\data\final_merged_datasets\images\val\img_000779.jpg,Night/Dark
D:\Guvi\Projects\major\number-plate-vehicle-detection\data\final_merged_datasets\images\val\img_000792.jpg,Night/Dark
D:\Guvi\Projects\major\number-plate-vehicle-detection\data\final_merged_datasets\images\val\img_000793.jpg,Night/Dark
D:\Guvi\Projects\major\number-plate-vehicle-detection\data\final_merged_datasets\images\val\img_000794.jpg,Night/Dark
D:\Guvi\Projects\major\number-plate-vehicle-detection\data\final_merged_datasets\images\val\img_000798.jpg,Night/Dark
D:\Guvi\Projects\major\number-plate-vehicle-detection\data\final_merged_datasets\images\val\img_000802.jpg,Daylight
D:\Guvi\Projects\major\number-plate-vehicle-detection\data\final_merged_datasets\images\val\img_000803.jpg,Daylight
D:\Guvi\Projects\major\number-plate-vehicle-detection\data\final_merged_datasets\images\val\img_000809.jpg,Daylight
D:\Guvi\Projects\major\number-plate-vehicle-detection\data\final_merged_datasets\images\val\img_000811.jpg,Daylight
D:\Guvi\Projects\major\number-plate-vehicle-detection\data\final_merged_datasets\images\val\img_000813.jpg,Daylight
D:\Guvi\Projects\major\number-plate-vehicle-detection\data\final_merged_datasets\images\val\img_000816.jpg,Daylight
D:\Guvi\Projects\major\number-plate-vehicle-detection\data\final_merged_datasets\images\val\img_000820.jpg,Daylight
D:\Guvi\Projects\major\number-plate-vehicle-detection\data\final_merged_datasets\images\val\img_000823.jpg,Daylight
D:\Guvi\Projects\major\number-plate-vehicle-detection\data\final_merged_datasets\images\val\img_000834.jpg,Daylight
D:\Guvi\Projects\major\number-plate-vehicle-detection\data\final_merged_datasets\images\val\img_000837.jpg,Daylight
D:\Guvi\Projects\major\number-plate-vehicle-detection\data\final_merged_datasets\images\val\img_000840.jpg,Daylight
D:\Guvi\Projects\major\number-plate-vehicle-detection\data\final_merged_datasets\images\val\img_000845.jpg,Daylight
D:\Guvi\Projects\major\number-plate-vehicle-detection\data\final_merged_datasets\images\val\img_000846.jpg,Daylight
D:\Guvi\Projects\major\number-plate-vehicle-detection\data\final_merged_datasets\images\val\img_000861.jpg,Daylight
D:\Guvi\Projects\major\number-plate-vehicle-detection\data\final_merged_datasets\images\val\img_000863.jpg,Daylight
D:\Guvi\Projects\major\number-plate-vehicle-detection\data\final_merged_datasets\images\val\img_000866.jpg,Daylight
D:\Guvi\Projects\major\number-plate-vehicle-detection\data\final_merged_datasets\images\val\img_000870.jpg,Daylight
D:\Guvi\Projects\major\number-plate-vehicle-detection\data\final_merged_datasets\images\val\img_000877.jpg,Night/Dark
D:\Guvi\Projects\major\number-plate-vehicle-detection\data\final_merged_datasets\images\val\img_000880.jpg,Daylight
D:\Guvi\Projects\major\number-plate-vehicle-detection\data\final_merged_datasets\images\val\img_000883.jpg,Daylight
D:\Guvi\Projects\major\number-plate-vehicle-detection\data\final_merged_datasets\images\val\img_000898.jpg,Daylight
D:\Guvi\Projects\major\number-plate-vehicle-detection\data\final_merged_datasets\images\val\img_000912.jpg,Daylight
D:\Guvi\Projects\major\number-plate-vehicle-detection\data\final_merged_datasets\images\val\img_000918.jpg,Daylight
D:\Guvi\Projects\major\number-plate-vehicle-detection\data\final_merged_datasets\images\val\img_000930.jpg,Daylight
D:\Guvi\Projects\major\number-plate-vehicle-detection\data\final_merged_datasets\images\val\img_000934.jpg,Daylight
D:\Guvi\Projects\major\number-plate-vehicle-detection\data\final_merged_datasets\images\val\img_001669.jpg,Daylight
D:\Guvi\Projects\major\number-plate-vehicle-detection\data\final_merged_datasets\images\val\img_001675.jpg,Daylight
D:\Guvi\Projects\major\number-plate-vehicle-detection\data\final_merged_datasets\images\val\img_001682.jpg,Daylight
D:\Guvi\Projects\major\number-plate-vehicle-detection\data\final_merged_datasets\images\val\img_001684.jpg,Daylight
D:\Guvi\Projects\major\number-plate-vehicle-detection\data\final_merged_datasets\images\val\img_001686.jpg,Daylight
D:\Guvi\Projects\major\number-plate-vehicle-detection\data\final_merged_datasets\images\val\img_001688.jpg,Daylight
D:\Guvi\Projects\major\number-plate-vehicle-detection\data\final_merged_datasets\images\val\img_001705.jpg,Daylight
D:\Guvi\Projects\major\number-plate-vehicle-detection\data\final_merged_datasets\images\val\img_001706.jpg,Daylight
D:\Guvi\Projects\major\number-plate-vehicle-detection\data\final_merged_datasets\images\val\img_001707.jpg,Daylight
D:\Guvi\Projects\major\number-plate-vehicle-detection\data\final_merged_datasets\images\val\img_001715.jpg,Daylight
D:\Guvi\Projects\major\number-plate-vehicle-detection\data\final_merged_datasets\images\val\img_001717.jpg,Daylight
D:\Guvi\Projects\major\number-plate-vehicle-detection\data\final_merged_datasets\images\val\img_001734.jpg,Daylight
D:\Guvi\Projects\major\number-plate-vehicle-detection\data\final_merged_datasets\images\val\img_001736.jpg,Daylight
D:\Guvi\Projects\major\number-plate-vehicle-detection\data\final_merged_datasets\images\val\img_001737.jpg,Daylight
D:\Guvi\Projects\major\number-plate-vehicle-detection\data\final_merged_datasets\images\val\img_001750.jpg,Daylight
D:\Guvi\Projects\major\number-plate-vehicle-detection\data\final_merged_datasets\images\val\img_001754.jpg,Daylight
D:\Guvi\Projects\major\number-plate-vehicle-detection\data\final_merged_datasets\images\val\img_001760.jpg,Daylight
D:\Guvi\Projects\major\number-plate-vehicle-detection\data\final_merged_datasets\images\val\img_001762.jpg,Daylight
D:\Guvi\Projects\major\number-plate-vehicle-detection\data\final_merged_datasets\images\val\img_001763.jpg,Daylight
D:\Guvi\Projects\major\number-plate-vehicle-detection\data\final_merged_datasets\images\val\img_001764.jpg,Daylight
D:\Guvi\Projects\major\number-plate-vehicle-detection\data\final_merged_datasets\images\val\img_001766.jpg,Daylight
D:\Guvi\Projects\major\number-plate-vehicle-detection\data\final_merged_datasets\images\val\img_001770.jpg,Daylight
D:\Guvi\Projects\major\number-plate-vehicle-detection\data\final_merged_datasets\images\val\img_001776.jpg,Daylight
D:\Guvi\Projects\major\number-plate-vehicle-detection\data\final_merged_datasets\images\test\img_000114.png,Daylight
D:\Guvi\Projects\major\number-plate-vehicle-detection\data\final_merged_datasets\images\test\img_000134.png,Daylight
D:\Guvi\Projects\major\number-plate-vehicle-detection\data\final_merged_datasets\images\test\img_000176.png,Daylight
D:\Guvi\Projects\major\number-plate-vehicle-detection\data\final_merged_datasets\images\test\img_000178.png,Daylight
D:\Guvi\Projects\major\number-plate-vehicle-detection\data\final_merged_datasets\images\test\img_000946.png,Daylight
D:\Guvi\Projects\major\number-plate-vehicle-detection\data\final_merged_datasets\images\test\img_000957.png,Daylight
D:\Guvi\Projects\major\number-plate-vehicle-detection\data\final_merged_datasets\images\test\img_000965.png,Daylight
D:\Guvi\Projects\major\number-plate-vehicle-detection\data\final_merged_datasets\images\test\img_000966.png,Daylight
D:\Guvi\Projects\major\number-plate-vehicle-detection\data\final_merged_datasets\images\test\img_000972.png,Daylight
D:\Guvi\Projects\major\number-plate-vehicle-detection\data\final_merged_datasets\images\test\img_000976.png,Daylight
D:\Guvi\Projects\major\number-plate-vehicle-detection\data\final_merged_datasets\images\test\img_000981.png,Night/Dark
D:\Guvi\Projects\major\number-plate-vehicle-detection\data\final_merged_datasets\images\test\img_000986.png,Night/Dark
D:\Guvi\Projects\major\number-plate-vehicle-detection\data\final_merged_datasets\images\test\img_001012.png,Daylight
D:\Guvi\Projects\major\number-plate-vehicle-detection\data\final_merged_datasets\images\test\img_001015.png,Daylight
D:\Guvi\Projects\major\number-plate-vehicle-detection\data\final_merged_datasets\images\test\img_001029.png,Daylight
D:\Guvi\Projects\major\number-plate-vehicle-detection\data\final_merged_datasets\images\test\img_001047.png,Daylight
D:\Guvi\Projects\major\number-plate-vehicle-detection\data\final_merged_datasets\images\test\img_001059.png,Daylight
D:\Guvi\Projects\major\number-plate-vehicle-detection\data\final_merged_datasets\images\test\img_001073.png,Daylight
D:\Guvi\Projects\major\number-plate-vehicle-detection\data\final_merged_datasets\images\test\img_001078.png,Daylight
D:\Guvi\Projects\major\number-plate-vehicle-detection\data\final_merged_datasets\images\test\img_001090.png,Daylight
D:\Guvi\Projects\major\number-plate-vehicle-detection\data\final_merged_datasets\images\test\img_001093.png,Daylight
D:\Guvi\Projects\major\number-plate-vehicle-detection\data\final_merged_datasets\images\test\img_001097.png,Daylight
D:\Guvi\Projects\major\number-plate-vehicle-detection\data\final_merged_datasets\images\test\img_001104.png,Daylight
D:\Guvi\Projects\major\number-plate-vehicle-detection\data\final_merged_datasets\images\test\img_001115.png,Daylight
D:\Guvi\Projects\major\number-plate-vehicle-detection\data\final_merged_datasets\images\test\img_001121.png,Daylight
D:\Guvi\Projects\major\number-plate-vehicle-detection\data\final_merged_datasets\images\test\img_001137.png,Daylight
D:\Guvi\Projects\major\number-plate-vehicle-detection\data\final_merged_datasets\images\test\img_001138.png,Daylight
D:\Guvi\Projects\major\number-plate-vehicle-detection\data\final_merged_datasets\images\test\img_001204.png,Daylight
D:\Guvi\Projects\major\number-plate-vehicle-detection\data\final_merged_datasets\images\test\img_001209.png,Daylight
D:\Guvi\Projects\major\number-plate-vehicle-detection\data\final_merged_datasets\images\test\img_001217.png,Daylight
D:\Guvi\Projects\major\number-plate-vehicle-detection\data\final_merged_datasets\images\test\img_001227.png,Daylight
D:\Guvi\Projects\major\number-plate-vehicle-detection\data\final_merged_datasets\images\test\img_001237.png,Daylight
D:\Guvi\Projects\major\number-plate-vehicle-detection\data\final_merged_datasets\images\test\img_001244.png,Daylight
D:\Guvi\Projects\major\number-plate-vehicle-detection\data\final_merged_datasets\images\test\img_001254.png,Daylight
D:\Guvi\Projects\major\number-plate-vehicle-detection\data\final_merged_datasets\images\test\img_001257.png,Daylight
D:\Guvi\Projects\major\number-plate-vehicle-detection\data\final_merged_datasets\images\test\img_001267.png,Daylight
D:\Guvi\Projects\major\number-plate-vehicle-detection\data\final_merged_datasets\images\test\img_001274.png,Daylight
D:\Guvi\Projects\major\number-plate-vehicle-detection\data\final_merged_datasets\images\test\img_001281.png,Daylight
D:\Guvi\Projects\major\number-plate-vehicle-detection\data\final_merged_datasets\images\test\img_001288.png,Daylight
D:\Guvi\Projects\major\number-plate-vehicle-detection\data\final_merged_datasets\images\test\img_001311.png,Daylight
D:\Guvi\Projects\major\number-plate-vehicle-detection\data\final_merged_datasets\images\test\img_001317.png,Daylight
D:\Guvi\Projects\major\number-plate-vehicle-detection\data\final_merged_datasets\images\test\img_001342.png,Daylight
D:\Guvi\Projects\major\number-plate-vehicle-detection\data\final_merged_datasets\images\test\img_001352.png,Daylight
D:\Guvi\Projects\major\number-plate-vehicle-detection\data\final_merged_datasets\images\test\img_001357.png,Daylight
D:\Guvi\Projects\major\number-plate-vehicle-detection\data\final_merged_datasets\images\test\img_001359.png,Daylight
D:\Guvi\Projects\major\number-plate-vehicle-detection\data\final_merged_datasets\images\test\img_001363.png,Daylight
D:\Guvi\Projects\major\number-plate-vehicle-detection\data\final_merged_datasets\images\test\img_001367.png,Daylight
D:\Guvi\Projects\major\number-plate-vehicle-detection\data\final_merged_datasets\images\test\img_001373.png,Daylight
D:\Guvi\Projects\major\number-plate-vehicle-detection\data\final_merged_datasets\images\test\img_001394.png,Daylight
D:\Guvi\Projects\major\number-plate-vehicle-detection\data\final_merged_datasets\images\test\img_001401.png,Daylight
D:\Guvi\Projects\major\number-plate-vehicle-detection\data\final_merged_datasets\images\test\img_001410.png,Daylight
D:\Guvi\Projects\major\number-plate-vehicle-detection\data\final_merged_datasets\images\test\img_001437.png,Daylight
D:\Guvi\Projects\major\number-plate-vehicle-detection\data\final_merged_datasets\images\test\img_001448.png,Daylight
D:\Guvi\Projects\major\number-plate-vehicle-detection\data\final_merged_datasets\images\test\img_001460.png,Daylight
D:\Guvi\Projects\major\number-plate-vehicle-detection\data\final_merged_datasets\images\test\img_001471.png,Daylight
D:\Guvi\Projects\major\number-plate-vehicle-detection\data\final_merged_datasets\images\test\img_001472.png,Daylight
D:\Guvi\Projects\major\number-plate-vehicle-detection\data\final_merged_datasets\images\test\img_001476.png,Daylight
D:\Guvi\Projects\major\number-plate-vehicle-detection\data\final_merged_datasets\images\test\img_001477.png,Daylight
D:\Guvi\Projects\major\number-plate-vehicle-detection\data\final_merged_datasets\images\test\img_001488.png,Daylight
D:\Guvi\Projects\major\number-plate-vehicle-detection\data\final_merged_datasets\images\test\img_001491.png,Daylight
D:\Guvi\Projects\major\number-plate-vehicle-detection\data\final_merged_datasets\images\test\img_001497.png,Night/Dark
D:\Guvi\Projects\major\number-plate-vehicle-detection\data\final_merged_datasets\images\test\img_001504.png,Night/Dark
D:\Guvi\Projects\major\number-plate-vehicle-detection\data\final_merged_datasets\images\test\img_001511.png,Night/Dark
D:\Guvi\Projects\major\number-plate-vehicle-detection\data\final_merged_datasets\images\test\img_001512.png,Night/Dark
D:\Guvi\Projects\major\number-plate-vehicle-detection\data\final_merged_datasets\images\test\img_001514.png,Night/Dark
D:\Guvi\Projects\major\number-plate-vehicle-detection\data\final_merged_datasets\images\test\img_001518.png,Night/Dark
D:\Guvi\Projects\major\number-plate-vehicle-detection\data\final_merged_datasets\images\test\img_001540.png,Daylight
D:\Guvi\Projects\major\number-plate-vehicle-detection\data\final_merged_datasets\images\test\img_001543.png,Daylight
D:\Guvi\Projects\major\number-plate-vehicle-detection\data\final_merged_datasets\images\test\img_001553.png,Daylight
D:\Guvi\Projects\major\number-plate-vehicle-detection\data\final_merged_datasets\images\test\img_001556.png,Daylight
D:\Guvi\Projects\major\number-plate-vehicle-detection\data\final_merged_datasets\images\test\img_001562.png,Daylight
D:\Guvi\Projects\major\number-plate-vehicle-detection\data\final_merged_datasets\images\test\img_001571.png,Daylight
D:\Guvi\Projects\major\number-plate-vehicle-detection\data\final_merged_datasets\images\test\img_001574.png,Daylight
D:\Guvi\Projects\major\number-plate-vehicle-detection\data\final_merged_datasets\images\test\img_001575.png,Daylight
D:\Guvi\Projects\major\number-plate-vehicle-detection\data\final_merged_datasets\images\test\img_001587.png,Daylight
D:\Guvi\Projects\major\number-plate-vehicle-detection\data\final_merged_datasets\images\test\img_001608.png,Night/Dark
D:\Guvi\Projects\major\number-plate-vehicle-detection\data\final_merged_datasets\images\test\img_001621.png,Daylight
D:\Guvi\Projects\major\number-plate-vehicle-detection\data\final_merged_datasets\images\test\img_001642.png,Daylight
D:\Guvi\Projects\major\number-plate-vehicle-detection\data\final_merged_datasets\images\test\img_001656.png,Daylight
D:\Guvi\Projects\major\number-plate-vehicle-detection\data\final_merged_datasets\images\test\img_001660.png,Daylight
D:\Guvi\Projects\major\number-plate-vehicle-detection\data\final_merged_datasets\images\train\img_000091.png,Daylight
D:\Guvi\Projects\major\number-plate-vehicle-detection\data\final_merged_datasets\images\train\img_000092.png,Daylight
D:\Guvi\Projects\major\number-plate-vehicle-detection\data\final_merged_datasets\images\train\img_000093.png,Daylight
D:\Guvi\Projects\major\number-plate-vehicle-detection\data\final_merged_datasets\images\train\img_000094.png,Daylight
D:\Guvi\Projects\major\number-plate-vehicle-detection\data\final_merged_datasets\images\train\img_000095.png,Daylight
D:\Guvi\Projects\major\number-plate-vehicle-detection\data\final_merged_datasets\images\train\img_000097.png,Daylight
D:\Guvi\Projects\major\number-plate-vehicle-detection\data\final_merged_datasets\images\train\img_000098.png,Daylight
D:\Guvi\Projects\major\number-plate-vehicle-detection\data\final_merged_datasets\images\train\img_000099.png,Daylight
D:\Guvi\Projects\major\number-plate-vehicle-detection\data\final_merged_datasets\images\train\img_000100.png,Daylight
D:\Guvi\Projects\major\number-plate-vehicle-detection\data\final_merged_datasets\images\train\img_000101.png,Daylight
D:\Guvi\Projects\major\number-plate-vehicle-detection\data\final_merged_datasets\images\train\img_000102.png,Daylight
D:\Guvi\Projects\major\number-plate-vehicle-detection\data\final_merged_datasets\images\train\img_000103.png,Daylight
D:\Guvi\Projects\major\number-plate-vehicle-detection\data\final_merged_datasets\images\train\img_000104.png,Daylight
D:\Guvi\Projects\major\number-plate-vehicle-detection\data\final_merged_datasets\images\train\img_000105.png,Daylight
D:\Guvi\Projects\major\number-plate-vehicle-detection\data\final_merged_datasets\images\train\img_000106.png,Daylight
D:\Guvi\Projects\major\number-plate-vehicle-detection\data\final_merged_datasets\images\train\img_000107.png,Daylight
D:\Guvi\Projects\major\number-plate-vehicle-detection\data\final_merged_datasets\images\train\img_000108.png,Daylight
D:\Guvi\Projects\major\number-plate-vehicle-detection\data\final_merged_datasets\images\train\img_000110.png,Daylight
D:\Guvi\Projects\major\number-plate-vehicle-detection\data\final_merged_datasets\images\train\img_000112.png,Daylight
D:\Guvi\Projects\major\number-plate-vehicle-detection\data\final_merged_datasets\images\train\img_000113.png,Daylight
D:\Guvi\Projects\major\number-plate-vehicle-detection\data\final_merged_datasets\images\train\img_000115.png,Daylight
D:\Guvi\Projects\major\number-plate-vehicle-detection\data\final_merged_datasets\images\train\img_000117.png,Daylight
D:\Guvi\Projects\major\number-plate-vehicle-detection\data\final_merged_datasets\images\train\img_000118.png,Daylight
D:\Guvi\Projects\major\number-plate-vehicle-detection\data\final_merged_datasets\images\train\img_000119.png,Daylight
D:\Guvi\Projects\major\number-plate-vehicle-detection\data\final_merged_datasets\images\train\img_000121.png,Daylight
D:\Guvi\Projects\major\number-plate-vehicle-detection\data\final_merged_datasets\images\train\img_000122.png,Daylight
D:\Guvi\Projects\major\number-plate-vehicle-detection\data\final_merged_datasets\images\train\img_000123.png,Daylight
D:\Guvi\Projects\major\number-plate-vehicle-detection\data\final_merged_datasets\images\train\img_000124.png,Daylight
D:\Guvi\Projects\major\number-plate-vehicle-detection\data\final_merged_datasets\images\train\img_000126.png,Daylight
D:\Guvi\Projects\major\number-plate-vehicle-detection\data\final_merged_datasets\images\train\img_000127.png,Daylight
D:\Guvi\Projects\major\number-plate-vehicle-detection\data\final_merged_datasets\images\train\img_000130.png,Daylight
D:\Guvi\Projects\major\number-plate-vehicle-detection\data\final_merged_datasets\images\train\img_000131.png,Daylight
D:\Guvi\Projects\major\number-plate-vehicle-detection\data\final_merged_datasets\images\train\img_000132.png,Daylight
D:\Guvi\Projects\major\number-plate-vehicle-detection\data\final_merged_datasets\images\train\img_000133.png,Daylight
D:\Guvi\Projects\major\number-plate-vehicle-detection\data\final_merged_datasets\images\train\img_000135.png,Daylight
D:\Guvi\Projects\major\number-plate-vehicle-detection\data\final_merged_datasets\images\train\img_000138.png,Daylight
D:\Guvi\Projects\major\number-plate-vehicle-detection\data\final_merged_datasets\images\train\img_000140.png,Daylight
D:\Guvi\Projects\major\number-plate-vehicle-detection\data\final_merged_datasets\images\train\img_000141.png,Daylight
D:\Guvi\Projects\major\number-plate-vehicle-detection\data\final_merged_datasets\images\train\img_000142.png,Daylight
D:\Guvi\Projects\major\number-plate-vehicle-detection\data\final_merged_datasets\images\train\img_000144.png,Daylight
D:\Guvi\Projects\major\number-plate-vehicle-detection\data\final_merged_datasets\images\train\img_000146.png,Daylight
D:\Guvi\Projects\major\number-plate-vehicle-detection\data\final_merged_datasets\images\train\img_000147.png,Daylight
D:\Guvi\Projects\major\number-plate-vehicle-detection\data\final_merged_datasets\images\train\img_000149.png,Daylight
D:\Guvi\Projects\major\number-plate-vehicle-detection\data\final_merged_datasets\images\train\img_000150.png,Daylight
D:\Guvi\Projects\major\number-plate-vehicle-detection\data\final_merged_datasets\images\train\img_000151.png,Daylight
D:\Guvi\Projects\major\number-plate-vehicle-detection\data\final_merged_datasets\images\train\img_000152.png,Night/Dark
D:\Guvi\Projects\major\number-plate-vehicle-detection\data\final_merged_datasets\images\train\img_000153.png,Daylight
D:\Guvi\Projects\major\number-plate-vehicle-detection\data\final_merged_datasets\images\train\img_000155.png,Daylight
D:\Guvi\Projects\major\number-plate-vehicle-detection\data\final_merged_datasets\images\train\img_000156.png,Daylight
D:\Guvi\Projects\major\number-plate-vehicle-detection\data\final_merged_datasets\images\train\img_000157.png,Daylight
D:\Guvi\Projects\major\number-plate-vehicle-detection\data\final_merged_datasets\images\train\img_000158.png,Daylight
D:\Guvi\Projects\major\number-plate-vehicle-detection\data\final_merged_datasets\images\train\img_000159.png,Daylight
D:\Guvi\Projects\major\number-plate-vehicle-detection\data\final_merged_datasets\images\train\img_000160.png,Daylight
D:\Guvi\Projects\major\number-plate-vehicle-detection\data\final_merged_datasets\images\train\img_000163.png,Daylight
D:\Guvi\Projects\major\number-plate-vehicle-detection\data\final_merged_datasets\images\train\img_000164.png,Daylight
D:\Guvi\Projects\major\number-plate-vehicle-detection\data\final_merged_datasets\images\train\img_000165.png,Daylight
D:\Guvi\Projects\major\number-plate-vehicle-detection\data\final_merged_datasets\images\train\img_000167.png,Daylight
D:\Guvi\Projects\major\number-plate-vehicle-detection\data\final_merged_datasets\images\train\img_000169.png,Daylight
D:\Guvi\Projects\major\number-plate-vehicle-detection\data\final_merged_datasets\images\train\img_000170.png,Daylight
D:\Guvi\Projects\major\number-plate-vehicle-detection\data\final_merged_datasets\images\train\img_000171.png,Daylight
D:\Guvi\Projects\major\number-plate-vehicle-detection\data\final_merged_datasets\images\train\img_000172.png,Daylight
D:\Guvi\Projects\major\number-plate-vehicle-detection\data\final_merged_datasets\images\train\img_000173.png,Daylight
D:\Guvi\Projects\major\number-plate-vehicle-detection\data\final_merged_datasets\images\train\img_000174.png,Daylight
D:\Guvi\Projects\major\number-plate-vehicle-detection\data\final_merged_datasets\images\train\img_000175.png,Daylight
D:\Guvi\Projects\major\number-plate-vehicle-detection\data\final_merged_datasets\images\train\img_000179.png,Daylight
D:\Guvi\Projects\major\number-plate-vehicle-detection\data\final_merged_datasets\images\train\img_000936.png,Daylight
D:\Guvi\Projects\major\number-plate-vehicle-detection\data\final_merged_datasets\images\train\img_000937.png,Daylight
D:\Guvi\Projects\major\number-plate-vehicle-detection\data\final_merged_datasets\images\train\img_000939.png,Daylight
D:\Guvi\Projects\major\number-plate-vehicle-detection\data\final_merged_datasets\images\train\img_000940.png,Daylight
D:\Guvi\Projects\major\number-plate-vehicle-detection\data\final_merged_datasets\images\train\img_000941.png,Daylight
D:\Guvi\Projects\major\number-plate-vehicle-detection\data\final_merged_datasets\images\train\img_000942.png,Daylight
D:\Guvi\Projects\major\number-plate-vehicle-detection\data\final_merged_datasets\images\train\img_000943.png,Daylight
D:\Guvi\Projects\major\number-plate-vehicle-detection\data\final_merged_datasets\images\train\img_000944.png,Daylight
D:\Guvi\Projects\major\number-plate-vehicle-detection\data\final_merged_datasets\images\train\img_000947.png,Daylight
D:\Guvi\Projects\major\number-plate-vehicle-detection\data\final_merged_datasets\images\train\img_000949.png,Daylight
D:\Guvi\Projects\major\number-plate-vehicle-detection\data\final_merged_datasets\images\train\img_000950.png,Daylight
D:\Guvi\Projects\major\number-plate-vehicle-detection\data\final_merged_datasets\images\train\img_000951.png,Daylight
D:\Guvi\Projects\major\number-plate-vehicle-detection\data\final_merged_datasets\images\train\img_000952.png,Daylight
D:\Guvi\Projects\major\number-plate-vehicle-detection\data\final_merged_datasets\images\train\img_000953.png,Daylight
D:\Guvi\Projects\major\number-plate-vehicle-detection\data\final_merged_datasets\images\train\img_000955.png,Daylight
D:\Guvi\Projects\major\number-plate-vehicle-detection\data\final_merged_datasets\images\train\img_000958.png,Daylight
D:\Guvi\Projects\major\number-plate-vehicle-detection\data\final_merged_datasets\images\train\img_000959.png,Daylight
D:\Guvi\Projects\major\number-plate-vehicle-detection\data\final_merged_datasets\images\train\img_000960.png,Daylight
D:\Guvi\Projects\major\number-plate-vehicle-detection\data\final_merged_datasets\images\train\img_000961.png,Daylight
D:\Guvi\Projects\major\number-plate-vehicle-detection\data\final_merged_datasets\images\train\img_000962.png,Daylight
D:\Guvi\Projects\major\number-plate-vehicle-detection\data\final_merged_datasets\images\train\img_000963.png,Daylight
D:\Guvi\Projects\major\number-plate-vehicle-detection\data\final_merged_datasets\images\train\img_000964.png,Daylight
D:\Guvi\Projects\major\number-plate-vehicle-detection\data\final_merged_datasets\images\train\img_000967.png,Daylight
D:\Guvi\Projects\major\number-plate-vehicle-detection\data\final_merged_datasets\images\train\img_000968.png,Daylight
D:\Guvi\Projects\major\number-plate-vehicle-detection\data\final_merged_datasets\images\train\img_000969.png,Daylight
D:\Guvi\Projects\major\number-plate-vehicle-detection\data\final_merged_datasets\images\train\img_000970.png,Daylight
D:\Guvi\Projects\major\number-plate-vehicle-detection\data\final_merged_datasets\images\train\img_000971.png,Daylight
D:\Guvi\Projects\major\number-plate-vehicle-detection\data\final_merged_datasets\images\train\img_000973.png,Daylight
D:\Guvi\Projects\major\number-plate-vehicle-detection\data\final_merged_datasets\images\train\img_000974.png,Daylight
D:\Guvi\Projects\major\number-plate-vehicle-detection\data\final_merged_datasets\images\train\img_000977.png,Daylight
D:\Guvi\Projects\major\number-plate-vehicle-detection\data\final_merged_datasets\images\train\img_000978.png,Daylight
D:\Guvi\Projects\major\number-plate-vehicle-detection\data\final_merged_datasets\images\train\img_000979.png,Night/Dark
D:\Guvi\Projects\major\number-plate-vehicle-detection\data\final_merged_datasets\images\train\img_000980.png,Night/Dark
D:\Guvi\Projects\major\number-plate-vehicle-detection\data\final_merged_datasets\images\train\img_000982.png,Night/Dark
D:\Guvi\Projects\major\number-plate-vehicle-detection\data\final_merged_datasets\images\train\img_000983.png,Night/Dark
D:\Guvi\Projects\major\number-plate-vehicle-detection\data\final_merged_datasets\images\train\img_000984.png,Night/Dark
D:\Guvi\Projects\major\number-plate-vehicle-detection\data\final_merged_datasets\images\train\img_000988.png,Night/Dark
D:\Guvi\Projects\major\number-plate-vehicle-detection\data\final_merged_datasets\images\train\img_000989.png,Daylight
D:\Guvi\Projects\major\number-plate-vehicle-detection\data\final_merged_datasets\images\train\img_000990.png,Night/Dark
D:\Guvi\Projects\major\number-plate-vehicle-detection\data\final_merged_datasets\images\train\img_000991.png,Night/Dark
D:\Guvi\Projects\major\number-plate-vehicle-detection\data\final_merged_datasets\images\train\img_000992.png,Night/Dark
D:\Guvi\Projects\major\number-plate-vehicle-detection\data\final_merged_datasets\images\train\img_000993.png,Daylight
D:\Guvi\Projects\major\number-plate-vehicle-detection\data\final_merged_datasets\images\train\img_000994.png,Daylight
D:\Guvi\Projects\major\number-plate-vehicle-detection\data\final_merged_datasets\images\train\img_000995.png,Daylight
D:\Guvi\Projects\major\number-plate-vehicle-detection\data\final_merged_datasets\images\train\img_000996.png,Daylight
D:\Guvi\Projects\major\number-plate-vehicle-detection\data\final_merged_datasets\images\train\img_000997.png,Daylight
D:\Guvi\Projects\major\number-plate-vehicle-detection\data\final_merged_datasets\images\train\img_000998.png,Daylight
D:\Guvi\Projects\major\number-plate-vehicle-detection\data\final_merged_datasets\images\train\img_000999.png,Daylight
D:\Guvi\Projects\major\number-plate-vehicle-detection\data\final_merged_datasets\images\train\img_001000.png,Daylight
D:\Guvi\Projects\major\number-plate-vehicle-detection\data\final_merged_datasets\images\train\img_001001.png,Daylight
D:\Guvi\Projects\major\number-plate-vehicle-detection\data\final_merged_datasets\images\train\img_001002.png,Daylight
D:\Guvi\Projects\major\number-plate-vehicle-detection\data\final_merged_datasets\images\train\img_001005.png,Daylight
D:\Guvi\Projects\major\number-plate-vehicle-detection\data\final_merged_datasets\images\train\img_001006.png,Daylight
D:\Guvi\Projects\major\number-plate-vehicle-detection\data\final_merged_datasets\images\train\img_001007.png,Daylight
D:\Guvi\Projects\major\number-plate-vehicle-detection\data\final_merged_datasets\images\train\img_001008.png,Daylight
D:\Guvi\Projects\major\number-plate-vehicle-detection\data\final_merged_datasets\images\train\img_001009.png,Daylight
D:\Guvi\Projects\major\number-plate-vehicle-detection\data\final_merged_datasets\images\train\img_001013.png,Daylight
D:\Guvi\Projects\major\number-plate-vehicle-detection\data\final_merged_datasets\images\train\img_001014.png,Night/Dark
D:\Guvi\Projects\major\number-plate-vehicle-detection\data\final_merged_datasets\images\train\img_001016.png,Daylight
D:\Guvi\Projects\major\number-plate-vehicle-detection\data\final_merged_datasets\images\train\img_001017.png,Daylight
D:\Guvi\Projects\major\number-plate-vehicle-detection\data\final_merged_datasets\images\train\img_001018.png,Daylight
D:\Guvi\Projects\major\number-plate-vehicle-detection\data\final_merged_datasets\images\train\img_001019.png,Daylight
D:\Guvi\Projects\major\number-plate-vehicle-detection\data\final_merged_datasets\images\train\img_001020.png,Daylight
D:\Guvi\Projects\major\number-plate-vehicle-detection\data\final_merged_datasets\images\train\img_001021.png,Daylight
D:\Guvi\Projects\major\number-plate-vehicle-detection\data\final_merged_datasets\images\train\img_001022.png,Daylight
D:\Guvi\Projects\major\number-plate-vehicle-detection\data\final_merged_datasets\images\train\img_001025.png,Daylight
D:\Guvi\Projects\major\number-plate-vehicle-detection\data\final_merged_datasets\images\train\img_001026.png,Daylight
D:\Guvi\Projects\major\number-plate-vehicle-detection\data\final_merged_datasets\images\train\img_001028.png,Daylight
D:\Guvi\Projects\major\number-plate-vehicle-detection\data\final_merged_datasets\images\train\img_001030.png,Daylight
D:\Guvi\Projects\major\number-plate-vehicle-detection\data\final_merged_datasets\images\train\img_001031.png,Daylight
D:\Guvi\Projects\major\number-plate-vehicle-detection\data\final_merged_datasets\images\train\img_001032.png,Daylight
D:\Guvi\Projects\major\number-plate-vehicle-detection\data\final_merged_datasets\images\train\img_001033.png,Daylight
D:\Guvi\Projects\major\number-plate-vehicle-detection\data\final_merged_datasets\images\train\img_001035.png,Daylight
D:\Guvi\Projects\major\number-plate-vehicle-detection\data\final_merged_datasets\images\train\img_001036.png,Daylight
D:\Guvi\Projects\major\number-plate-vehicle-detection\data\final_merged_datasets\images\train\img_001037.png,Daylight
D:\Guvi\Projects\major\number-plate-vehicle-detection\data\final_merged_datasets\images\train\img_001041.png,Daylight
D:\Guvi\Projects\major\number-plate-vehicle-detection\data\final_merged_datasets\images\train\img_001043.png,Daylight
D:\Guvi\Projects\major\number-plate-vehicle-detection\data\final_merged_datasets\images\train\img_001044.png,Daylight
D:\Guvi\Projects\major\number-plate-vehicle-detection\data\final_merged_datasets\images\train\img_001046.png,Daylight
D:\Guvi\Projects\major\number-plate-vehicle-detection\data\final_merged_datasets\images\train\img_001048.png,Daylight
D:\Guvi\Projects\major\number-plate-vehicle-detection\data\final_merged_datasets\images\train\img_001049.png,Daylight
D:\Guvi\Projects\major\number-plate-vehicle-detection\data\final_merged_datasets\images\train\img_001051.png,Daylight
D:\Guvi\Projects\major\number-plate-vehicle-detection\data\final_merged_datasets\images\train\img_001052.png,Daylight
D:\Guvi\Projects\major\number-plate-vehicle-detection\data\final_merged_datasets\images\train\img_001053.png,Daylight
D:\Guvi\Projects\major\number-plate-vehicle-detection\data\final_merged_datasets\images\train\img_001055.png,Daylight
D:\Guvi\Projects\major\number-plate-vehicle-detection\data\final_merged_datasets\images\train\img_001056.png,Daylight
D:\Guvi\Projects\major\number-plate-vehicle-detection\data\final_merged_datasets\images\train\img_001057.png,Daylight
D:\Guvi\Projects\major\number-plate-vehicle-detection\data\final_merged_datasets\images\train\img_001060.png,Daylight
D:\Guvi\Projects\major\number-plate-vehicle-detection\data\final_merged_datasets\images\train\img_001061.png,Daylight
D:\Guvi\Projects\major\number-plate-vehicle-detection\data\final_merged_datasets\images\train\img_001063.png,Daylight
D:\Guvi\Projects\major\number-plate-vehicle-detection\data\final_merged_datasets\images\train\img_001064.png,Daylight
D:\Guvi\Projects\major\number-plate-vehicle-detection\data\final_merged_datasets\images\train\img_001066.png,Daylight
D:\Guvi\Projects\major\number-plate-vehicle-detection\data\final_merged_datasets\images\train\img_001068.png,Daylight
D:\Guvi\Projects\major\number-plate-vehicle-detection\data\final_merged_datasets\images\train\img_001069.png,Daylight
D:\Guvi\Projects\major\number-plate-vehicle-detection\data\final_merged_datasets\images\train\img_001070.png,Daylight
D:\Guvi\Projects\major\number-plate-vehicle-detection\data\final_merged_datasets\images\train\img_001072.png,Daylight
D:\Guvi\Projects\major\number-plate-vehicle-detection\data\final_merged_datasets\images\train\img_001075.png,Daylight
D:\Guvi\Projects\major\number-plate-vehicle-detection\data\final_merged_datasets\images\train\img_001076.png,Daylight
D:\Guvi\Projects\major\number-plate-vehicle-detection\data\final_merged_datasets\images\train\img_001077.png,Daylight
D:\Guvi\Projects\major\number-plate-vehicle-detection\data\final_merged_datasets\images\train\img_001079.png,Daylight
D:\Guvi\Projects\major\number-plate-vehicle-detection\data\final_merged_datasets\images\train\img_001081.png,Daylight
D:\Guvi\Projects\major\number-plate-vehicle-detection\data\final_merged_datasets\images\train\img_001084.png,Daylight
D:\Guvi\Projects\major\number-plate-vehicle-detection\data\final_merged_datasets\images\train\img_001085.png,Daylight
D:\Guvi\Projects\major\number-plate-vehicle-detection\data\final_merged_datasets\images\train\img_001086.png,Daylight
D:\Guvi\Projects\major\number-plate-vehicle-detection\data\final_merged_datasets\images\train\img_001087.png,Daylight
D:\Guvi\Projects\major\number-plate-vehicle-detection\data\final_merged_datasets\images\train\img_001088.png,Daylight
D:\Guvi\Projects\major\number-plate-vehicle-detection\data\final_merged_datasets\images\train\img_001089.png,Daylight
D:\Guvi\Projects\major\number-plate-vehicle-detection\data\final_merged_datasets\images\train\img_001091.png,Daylight
D:\Guvi\Projects\major\number-plate-vehicle-detection\data\final_merged_datasets\images\train\img_001092.png,Daylight
D:\Guvi\Projects\major\number-plate-vehicle-detection\data\final_merged_datasets\images\train\img_001094.png,Daylight
D:\Guvi\Projects\major\number-plate-vehicle-detection\data\final_merged_datasets\images\train\img_001095.png,Daylight
D:\Guvi\Projects\major\number-plate-vehicle-detection\data\final_merged_datasets\images\train\img_001096.png,Daylight
D:\Guvi\Projects\major\number-plate-vehicle-detection\data\final_merged_datasets\images\train\img_001101.png,Daylight
D:\Guvi\Projects\major\number-plate-vehicle-detection\data\final_merged_datasets\images\train\img_001102.png,Daylight
D:\Guvi\Projects\major\number-plate-vehicle-detection\data\final_merged_datasets\images\train\img_001103.png,Daylight
D:\Guvi\Projects\major\number-plate-vehicle-detection\data\final_merged_datasets\images\train\img_001105.png,Daylight
D:\Guvi\Projects\major\number-plate-vehicle-detection\data\final_merged_datasets\images\train\img_001106.png,Daylight
D:\Guvi\Projects\major\number-plate-vehicle-detection\data\final_merged_datasets\images\train\img_001108.png,Daylight
D:\Guvi\Projects\major\number-plate-vehicle-detection\data\final_merged_datasets\images\train\img_001109.png,Daylight
D:\Guvi\Projects\major\number-plate-vehicle-detection\data\final_merged_datasets\images\train\img_001110.png,Daylight
D:\Guvi\Projects\major\number-plate-vehicle-detection\data\final_merged_datasets\images\train\img_001111.png,Daylight
D:\Guvi\Projects\major\number-plate-vehicle-detection\data\final_merged_datasets\images\train\img_001113.png,Daylight
D:\Guvi\Projects\major\number-plate-vehicle-detection\data\final_merged_datasets\images\train\img_001114.png,Daylight
D:\Guvi\Projects\major\number-plate-vehicle-detection\data\final_merged_datasets\images\train\img_001117.png,Daylight
D:\Guvi\Projects\major\number-plate-vehicle-detection\data\final_merged_datasets\images\train\img_001122.png,Daylight
D:\Guvi\Projects\major\number-plate-vehicle-detection\data\final_merged_datasets\images\train\img_001124.png,Daylight
D:\Guvi\Projects\major\number-plate-vehicle-detection\data\final_merged_datasets\images\train\img_001126.png,Daylight
D:\Guvi\Projects\major\number-plate-vehicle-detection\data\final_merged_datasets\images\train\img_001127.png,Daylight
D:\Guvi\Projects\major\number-plate-vehicle-detection\data\final_merged_datasets\images\train\img_001129.png,Daylight
D:\Guvi\Projects\major\number-plate-vehicle-detection\data\final_merged_datasets\images\train\img_001130.png,Daylight
D:\Guvi\Projects\major\number-plate-vehicle-detection\data\final_merged_datasets\images\train\img_001131.png,Daylight
D:\Guvi\Projects\major\number-plate-vehicle-detection\data\final_merged_datasets\images\train\img_001132.png,Daylight
D:\Guvi\Projects\major\number-plate-vehicle-detection\data\final_merged_datasets\images\train\img_001133.png,Daylight
D:\Guvi\Projects\major\number-plate-vehicle-detection\data\final_merged_datasets\images\train\img_001134.png,Daylight
D:\Guvi\Projects\major\number-plate-vehicle-detection\data\final_merged_datasets\images\train\img_001135.png,Daylight
D:\Guvi\Projects\major\number-plate-vehicle-detection\data\final_merged_datasets\images\train\img_001136.png,Daylight
D:\Guvi\Projects\major\number-plate-vehicle-detection\data\final_merged_datasets\images\train\img_001141.png,Daylight
D:\Guvi\Projects\major\number-plate-vehicle-detection\data\final_merged_datasets\images\train\img_001142.png,Daylight
D:\Guvi\Projects\major\number-plate-vehicle-detection\data\final_merged_datasets\images\train\img_001143.png,Daylight
D:\Guvi\Projects\major\number-plate-vehicle-detection\data\final_merged_datasets\images\train\img_001146.png,Daylight
D:\Guvi\Projects\major\number-plate-vehicle-detection\data\final_merged_datasets\images\train\img_001147.png,Daylight
D:\Guvi\Projects\major\number-plate-vehicle-detection\data\final_merged_datasets\images\train\img_001148.png,Daylight
D:\Guvi\Projects\major\number-plate-vehicle-detection\data\final_merged_datasets\images\train\img_001149.png,Daylight
D:\Guvi\Projects\major\number-plate-vehicle-detection\data\final_merged_datasets\images\train\img_001150.png,Daylight
D:\Guvi\Projects\major\number-plate-vehicle-detection\data\final_merged_datasets\images\train\img_001151.png,Daylight
D:\Guvi\Projects\major\number-plate-vehicle-detection\data\final_merged_datasets\images\train\img_001152.png,Daylight
D:\Guvi\Projects\major\number-plate-vehicle-detection\data\final_merged_datasets\images\train\img_001153.png,Daylight
D:\Guvi\Projects\major\number-plate-vehicle-detection\data\final_merged_datasets\images\train\img_001154.png,Daylight
D:\Guvi\Projects\major\number-plate-vehicle-detection\data\final_merged_datasets\images\train\img_001155.png,Daylight
D:\Guvi\Projects\major\number-plate-vehicle-detection\data\final_merged_datasets\images\train\img_001156.png,Daylight
D:\Guvi\Projects\major\number-plate-vehicle-detection\data\final_merged_datasets\images\train\img_001158.png,Daylight
D:\Guvi\Projects\major\number-plate-vehicle-detection\data\final_merged_datasets\images\train\img_001159.png,Daylight
D:\Guvi\Projects\major\number-plate-vehicle-detection\data\final_merged_datasets\images\train\img_001160.png,Daylight
D:\Guvi\Projects\major\number-plate-vehicle-detection\data\final_merged_datasets\images\train\img_001161.png,Daylight
D:\Guvi\Projects\major\number-plate-vehicle-detection\data\final_merged_datasets\images\train\img_001162.png,Daylight
D:\Guvi\Projects\major\number-plate-vehicle-detection\data\final_merged_datasets\images\train\img_001163.png,Daylight
D:\Guvi\Projects\major\number-plate-vehicle-detection\data\final_merged_datasets\images\train\img_001164.png,Daylight
D:\Guvi\Projects\major\number-plate-vehicle-detection\data\final_merged_datasets\images\train\img_001165.png,Daylight
D:\Guvi\Projects\major\number-plate-vehicle-detection\data\final_merged_datasets\images\train\img_001166.png,Daylight
D:\Guvi\Projects\major\number-plate-vehicle-detection\data\final_merged_datasets\images\train\img_001167.png,Daylight
D:\Guvi\Projects\major\number-plate-vehicle-detection\data\final_merged_datasets\images\train\img_001168.png,Daylight
D:\Guvi\Projects\major\number-plate-vehicle-detection\data\final_merged_datasets\images\train\img_001169.png,Daylight
D:\Guvi\Projects\major\number-plate-vehicle-detection\data\final_merged_datasets\images\train\img_001170.png,Daylight
D:\Guvi\Projects\major\number-plate-vehicle-detection\data\final_merged_datasets\images\train\img_001171.png,Daylight
D:\Guvi\Projects\major\number-plate-vehicle-detection\data\final_merged_datasets\images\train\img_001172.png,Daylight
D:\Guvi\Projects\major\number-plate-vehicle-detection\data\final_merged_datasets\images\train\img_001173.png,Daylight
D:\Guvi\Projects\major\number-plate-vehicle-detection\data\final_merged_datasets\images\train\img_001175.png,Daylight
D:\Guvi\Projects\major\number-plate-vehicle-detection\data\final_merged_datasets\images\train\img_001176.png,Daylight
D:\Guvi\Projects\major\number-plate-vehicle-detection\data\final_merged_datasets\images\train\img_001177.png,Daylight
D:\Guvi\Projects\major\number-plate-vehicle-detection\data\final_merged_datasets\images\train\img_001178.png,Daylight
D:\Guvi\Projects\major\number-plate-vehicle-detection\data\final_merged_datasets\images\train\img_001179.png,Daylight
D:\Guvi\Projects\major\number-plate-vehicle-detection\data\final_merged_datasets\images\train\img_001180.png,Daylight
D:\Guvi\Projects\major\number-plate-vehicle-detection\data\final_merged_datasets\images\train\img_001182.png,Night/Dark
D:\Guvi\Projects\major\number-plate-vehicle-detection\data\final_merged_datasets\images\train\img_001183.png,Daylight
D:\Guvi\Projects\major\number-plate-vehicle-detection\data\final_merged_datasets\images\train\img_001184.png,Daylight
D:\Guvi\Projects\major\number-plate-vehicle-detection\data\final_merged_datasets\images\train\img_001185.png,Daylight
D:\Guvi\Projects\major\number-plate-vehicle-detection\data\final_merged_datasets\images\train\img_001186.png,Daylight
D:\Guvi\Projects\major\number-plate-vehicle-detection\data\final_merged_datasets\images\train\img_001187.png,Daylight
D:\Guvi\Projects\major\number-plate-vehicle-detection\data\final_merged_datasets\images\train\img_001188.png,Daylight
D:\Guvi\Projects\major\number-plate-vehicle-detection\data\final_merged_datasets\images\train\img_001189.png,Daylight
D:\Guvi\Projects\major\number-plate-vehicle-detection\data\final_merged_datasets\images\train\img_001190.png,Daylight
D:\Guvi\Projects\major\number-plate-vehicle-detection\data\final_merged_datasets\images\train\img_001191.png,Daylight
D:\Guvi\Projects\major\number-plate-vehicle-detection\data\final_merged_datasets\images\train\img_001192.png,Daylight
D:\Guvi\Projects\major\number-plate-vehicle-detection\data\final_merged_datasets\images\train\img_001195.png,Daylight
D:\Guvi\Projects\major\number-plate-vehicle-detection\data\final_merged_datasets\images\train\img_001197.png,Daylight
D:\Guvi\Projects\major\number-plate-vehicle-detection\data\final_merged_datasets\images\train\img_001198.png,Daylight
D:\Guvi\Projects\major\number-plate-vehicle-detection\data\final_merged_datasets\images\train\img_001199.png,Daylight
D:\Guvi\Projects\major\number-plate-vehicle-detection\data\final_merged_datasets\images\train\img_001200.png,Daylight
D:\Guvi\Projects\major\number-plate-vehicle-detection\data\final_merged_datasets\images\train\img_001201.png,Daylight
D:\Guvi\Projects\major\number-plate-vehicle-detection\data\final_merged_datasets\images\train\img_001202.png,Daylight
D:\Guvi\Projects\major\number-plate-vehicle-detection\data\final_merged_datasets\images\train\img_001203.png,Daylight
D:\Guvi\Projects\major\number-plate-vehicle-detection\data\final_merged_datasets\images\train\img_001205.png,Daylight
D:\Guvi\Projects\major\number-plate-vehicle-detection\data\final_merged_datasets\images\train\img_001206.png,Daylight
D:\Guvi\Projects\major\number-plate-vehicle-detection\data\final_merged_datasets\images\train\img_001207.png,Daylight
D:\Guvi\Projects\major\number-plate-vehicle-detection\data\final_merged_datasets\images\train\img_001210.png,Daylight
D:\Guvi\Projects\major\number-plate-vehicle-detection\data\final_merged_datasets\images\train\img_001211.png,Daylight
D:\Guvi\Projects\major\number-plate-vehicle-detection\data\final_merged_datasets\images\train\img_001213.png,Daylight
D:\Guvi\Projects\major\number-plate-vehicle-detection\data\final_merged_datasets\images\train\img_001214.png,Daylight
D:\Guvi\Projects\major\number-plate-vehicle-detection\data\final_merged_datasets\images\train\img_001215.png,Daylight
D:\Guvi\Projects\major\number-plate-vehicle-detection\data\final_merged_datasets\images\train\img_001218.png,Daylight
D:\Guvi\Projects\major\number-plate-vehicle-detection\data\final_merged_datasets\images\train\img_001219.png,Daylight
D:\Guvi\Projects\major\number-plate-vehicle-detection\data\final_merged_datasets\images\train\img_001220.png,Daylight
D:\Guvi\Projects\major\number-plate-vehicle-detection\data\final_merged_datasets\images\train\img_001221.png,Daylight
D:\Guvi\Projects\major\number-plate-vehicle-detection\data\final_merged_datasets\images\train\img_001223.png,Daylight
D:\Guvi\Projects\major\number-plate-vehicle-detection\data\final_merged_datasets\images\train\img_001224.png,Daylight
D:\Guvi\Projects\major\number-plate-vehicle-detection\data\final_merged_datasets\images\train\img_001225.png,Daylight
D:\Guvi\Projects\major\number-plate-vehicle-detection\data\final_merged_datasets\images\train\img_001228.png,Daylight
D:\Guvi\Projects\major\number-plate-vehicle-detection\data\final_merged_datasets\images\train\img_001231.png,Daylight
D:\Guvi\Projects\major\number-plate-vehicle-detection\data\final_merged_datasets\images\train\img_001233.png,Daylight
D:\Guvi\Projects\major\number-plate-vehicle-detection\data\final_merged_datasets\images\train\img_001235.png,Daylight
D:\Guvi\Projects\major\number-plate-vehicle-detection\data\final_merged_datasets\images\train\img_001236.png,Daylight
D:\Guvi\Projects\major\number-plate-vehicle-detection\data\final_merged_datasets\images\train\img_001238.png,Daylight
D:\Guvi\Projects\major\number-plate-vehicle-detection\data\final_merged_datasets\images\train\img_001239.png,Daylight
D:\Guvi\Projects\major\number-plate-vehicle-detection\data\final_merged_datasets\images\train\img_001240.png,Daylight
D:\Guvi\Projects\major\number-plate-vehicle-detection\data\final_merged_datasets\images\train\img_001241.png,Daylight
D:\Guvi\Projects\major\number-plate-vehicle-detection\data\final_merged_datasets\images\train\img_001243.png,Daylight
D:\Guvi\Projects\major\number-plate-vehicle-detection\data\final_merged_datasets\images\train\img_001245.png,Daylight
D:\Guvi\Projects\major\number-plate-vehicle-detection\data\final_merged_datasets\images\train\img_001246.png,Daylight
D:\Guvi\Projects\major\number-plate-vehicle-detection\data\final_merged_datasets\images\train\img_001247.png,Daylight
D:\Guvi\Projects\major\number-plate-vehicle-detection\data\final_merged_datasets\images\train\img_001248.png,Daylight
D:\Guvi\Projects\major\number-plate-vehicle-detection\data\final_merged_datasets\images\train\img_001249.png,Daylight
D:\Guvi\Projects\major\number-plate-vehicle-detection\data\final_merged_datasets\images\train\img_001250.png,Daylight
D:\Guvi\Projects\major\number-plate-vehicle-detection\data\final_merged_datasets\images\train\img_001251.png,Daylight
D:\Guvi\Projects\major\number-plate-vehicle-detection\data\final_merged_datasets\images\train\img_001252.png,Daylight
D:\Guvi\Projects\major\number-plate-vehicle-detection\data\final_merged_datasets\images\train\img_001255.png,Daylight
D:\Guvi\Projects\major\number-plate-vehicle-detection\data\final_merged_datasets\images\train\img_001256.png,Daylight
D:\Guvi\Projects\major\number-plate-vehicle-detection\data\final_merged_datasets\images\train\img_001260.png,Daylight
D:\Guvi\Projects\major\number-plate-vehicle-detection\data\final_merged_datasets\images\train\img_001261.png,Daylight
D:\Guvi\Projects\major\number-plate-vehicle-detection\data\final_merged_datasets\images\train\img_001262.png,Daylight
D:\Guvi\Projects\major\number-plate-vehicle-detection\data\final_merged_datasets\images\train\img_001263.png,Daylight
D:\Guvi\Projects\major\number-plate-vehicle-detection\data\final_merged_datasets\images\train\img_001266.png,Daylight
D:\Guvi\Projects\major\number-plate-vehicle-detection\data\final_merged_datasets\images\train\img_001268.png,Daylight
D:\Guvi\Projects\major\number-plate-vehicle-detection\data\final_merged_datasets\images\train\img_001269.png,Daylight
D:\Guvi\Projects\major\number-plate-vehicle-detection\data\final_merged_datasets\images\train\img_001270.png,Daylight
D:\Guvi\Projects\major\number-plate-vehicle-detection\data\final_merged_datasets\images\train\img_001271.png,Daylight
D:\Guvi\Projects\major\number-plate-vehicle-detection\data\final_merged_datasets\images\train\img_001273.png,Daylight
D:\Guvi\Projects\major\number-plate-vehicle-detection\data\final_merged_datasets\images\train\img_001275.png,Daylight
D:\Guvi\Projects\major\number-plate-vehicle-detection\data\final_merged_datasets\images\train\img_001276.png,Daylight
D:\Guvi\Projects\major\number-plate-vehicle-detection\data\final_merged_datasets\images\train\img_001277.png,Daylight
D:\Guvi\Projects\major\number-plate-vehicle-detection\data\final_merged_datasets\images\train\img_001278.png,Daylight
D:\Guvi\Projects\major\number-plate-vehicle-detection\data\final_merged_datasets\images\train\img_001279.png,Daylight
D:\Guvi\Projects\major\number-plate-vehicle-detection\data\final_merged_datasets\images\train\img_001280.png,Daylight
D:\Guvi\Projects\major\number-plate-vehicle-detection\data\final_merged_datasets\images\train\img_001282.png,Daylight
D:\Guvi\Projects\major\number-plate-vehicle-detection\data\final_merged_datasets\images\train\img_001283.png,Daylight
D:\Guvi\Projects\major\number-plate-vehicle-detection\data\final_merged_datasets\images\train\img_001284.png,Daylight
D:\Guvi\Projects\major\number-plate-vehicle-detection\data\final_merged_datasets\images\train\img_001285.png,Daylight
D:\Guvi\Projects\major\number-plate-vehicle-detection\data\final_merged_datasets\images\train\img_001286.png,Daylight
D:\Guvi\Projects\major\number-plate-vehicle-detection\data\final_merged_datasets\images\train\img_001287.png,Daylight
D:\Guvi\Projects\major\number-plate-vehicle-detection\data\final_merged_datasets\images\train\img_001289.png,Daylight
D:\Guvi\Projects\major\number-plate-vehicle-detection\data\final_merged_datasets\images\train\img_001290.png,Daylight
D:\Guvi\Projects\major\number-plate-vehicle-detection\data\final_merged_datasets\images\train\img_001291.png,Daylight
D:\Guvi\Projects\major\number-plate-vehicle-detection\data\final_merged_datasets\images\train\img_001292.png,Daylight
D:\Guvi\Projects\major\number-plate-vehicle-detection\data\final_merged_datasets\images\train\img_001294.png,Daylight
D:\Guvi\Projects\major\number-plate-vehicle-detection\data\final_merged_datasets\images\train\img_001295.png,Daylight
D:\Guvi\Projects\major\number-plate-vehicle-detection\data\final_merged_datasets\images\train\img_001297.png,Daylight
D:\Guvi\Projects\major\number-plate-vehicle-detection\data\final_merged_datasets\images\train\img_001298.png,Daylight
D:\Guvi\Projects\major\number-plate-vehicle-detection\data\final_merged_datasets\images\train\img_001299.png,Daylight
D:\Guvi\Projects\major\number-plate-vehicle-detection\data\final_merged_datasets\images\train\img_001300.png,Daylight
D:\Guvi\Projects\major\number-plate-vehicle-detection\data\final_merged_datasets\images\train\img_001301.png,Daylight
D:\Guvi\Projects\major\number-plate-vehicle-detection\data\final_merged_datasets\images\train\img_001303.png,Daylight
D:\Guvi\Projects\major\number-plate-vehicle-detection\data\final_merged_datasets\images\train\img_001304.png,Daylight
D:\Guvi\Projects\major\number-plate-vehicle-detection\data\final_merged_datasets\images\train\img_001305.png,Daylight
D:\Guvi\Projects\major\number-plate-vehicle-detection\data\final_merged_datasets\images\train\img_001306.png,Daylight
D:\Guvi\Projects\major\number-plate-vehicle-detection\data\final_merged_datasets\images\train\img_001307.png,Daylight
D:\Guvi\Projects\major\number-plate-vehicle-detection\data\final_merged_datasets\images\train\img_001308.png,Daylight
D:\Guvi\Projects\major\number-plate-vehicle-detection\data\final_merged_datasets\images\train\img_001309.png,Daylight
D:\Guvi\Projects\major\number-plate-vehicle-detection\data\final_merged_datasets\images\train\img_001310.png,Daylight
D:\Guvi\Projects\major\number-plate-vehicle-detection\data\final_merged_datasets\images\train\img_001312.png,Daylight
D:\Guvi\Projects\major\number-plate-vehicle-detection\data\final_merged_datasets\images\train\img_001314.png,Daylight
D:\Guvi\Projects\major\number-plate-vehicle-detection\data\final_merged_datasets\images\train\img_001318.png,Daylight
D:\Guvi\Projects\major\number-plate-vehicle-detection\data\final_merged_datasets\images\train\img_001320.png,Daylight
D:\Guvi\Projects\major\number-plate-vehicle-detection\data\final_merged_datasets\images\train\img_001322.png,Daylight
D:\Guvi\Projects\major\number-plate-vehicle-detection\data\final_merged_datasets\images\train\img_001323.png,Daylight
D:\Guvi\Projects\major\number-plate-vehicle-detection\data\final_merged_datasets\images\train\img_001324.png,Daylight
D:\Guvi\Projects\major\number-plate-vehicle-detection\data\final_merged_datasets\images\train\img_001325.png,Daylight
D:\Guvi\Projects\major\number-plate-vehicle-detection\data\final_merged_datasets\images\train\img_001326.png,Daylight
D:\Guvi\Projects\major\number-plate-vehicle-detection\data\final_merged_datasets\images\train\img_001327.png,Daylight
D:\Guvi\Projects\major\number-plate-vehicle-detection\data\final_merged_datasets\images\train\img_001328.png,Daylight
D:\Guvi\Projects\major\number-plate-vehicle-detection\data\final_merged_datasets\images\train\img_001330.png,Daylight
D:\Guvi\Projects\major\number-plate-vehicle-detection\data\final_merged_datasets\images\train\img_001331.png,Daylight
D:\Guvi\Projects\major\number-plate-vehicle-detection\data\final_merged_datasets\images\train\img_001334.png,Daylight
D:\Guvi\Projects\major\number-plate-vehicle-detection\data\final_merged_datasets\images\train\img_001335.png,Daylight
D:\Guvi\Projects\major\number-plate-vehicle-detection\data\final_merged_datasets\images\train\img_001336.png,Daylight
D:\Guvi\Projects\major\number-plate-vehicle-detection\data\final_merged_datasets\images\train\img_001337.png,Daylight
D:\Guvi\Projects\major\number-plate-vehicle-detection\data\final_merged_datasets\images\train\img_001339.png,Daylight
D:\Guvi\Projects\major\number-plate-vehicle-detection\data\final_merged_datasets\images\train\img_001340.png,Daylight
D:\Guvi\Projects\major\number-plate-vehicle-detection\data\final_merged_datasets\images\train\img_001341.png,Daylight
D:\Guvi\Projects\major\number-plate-vehicle-detection\data\final_merged_datasets\images\train\img_001343.png,Daylight
D:\Guvi\Projects\major\number-plate-vehicle-detection\data\final_merged_datasets\images\train\img_001344.png,Daylight
D:\Guvi\Projects\major\number-plate-vehicle-detection\data\final_merged_datasets\images\train\img_001346.png,Daylight
D:\Guvi\Projects\major\number-plate-vehicle-detection\data\final_merged_datasets\images\train\img_001348.png,Daylight
D:\Guvi\Projects\major\number-plate-vehicle-detection\data\final_merged_datasets\images\train\img_001349.png,Daylight
D:\Guvi\Projects\major\number-plate-vehicle-detection\data\final_merged_datasets\images\train\img_001353.png,Daylight
D:\Guvi\Projects\major\number-plate-vehicle-detection\data\final_merged_datasets\images\train\img_001354.png,Daylight
D:\Guvi\Projects\major\number-plate-vehicle-detection\data\final_merged_datasets\images\train\img_001355.png,Daylight
D:\Guvi\Projects\major\number-plate-vehicle-detection\data\final_merged_datasets\images\train\img_001358.png,Daylight
D:\Guvi\Projects\major\number-plate-vehicle-detection\data\final_merged_datasets\images\train\img_001360.png,Daylight
D:\Guvi\Projects\major\number-plate-vehicle-detection\data\final_merged_datasets\images\train\img_001361.png,Daylight
D:\Guvi\Projects\major\number-plate-vehicle-detection\data\final_merged_datasets\images\train\img_001362.png,Daylight
D:\Guvi\Projects\major\number-plate-vehicle-detection\data\final_merged_datasets\images\train\img_001364.png,Daylight
D:\Guvi\Projects\major\number-plate-vehicle-detection\data\final_merged_datasets\images\train\img_001365.png,Daylight
D:\Guvi\Projects\major\number-plate-vehicle-detection\data\final_merged_datasets\images\train\img_001366.png,Daylight
D:\Guvi\Projects\major\number-plate-vehicle-detection\data\final_merged_datasets\images\train\img_001369.png,Daylight
D:\Guvi\Projects\major\number-plate-vehicle-detection\data\final_merged_datasets\images\train\img_001370.png,Daylight
D:\Guvi\Projects\major\number-plate-vehicle-detection\data\final_merged_datasets\images\train\img_001371.png,Daylight
D:\Guvi\Projects\major\number-plate-vehicle-detection\data\final_merged_datasets\images\train\img_001375.png,Daylight
D:\Guvi\Projects\major\number-plate-vehicle-detection\data\final_merged_datasets\images\train\img_001376.png,Daylight
D:\Guvi\Projects\major\number-plate-vehicle-detection\data\final_merged_datasets\images\train\img_001377.png,Daylight
D:\Guvi\Projects\major\number-plate-vehicle-detection\data\final_merged_datasets\images\train\img_001378.png,Daylight
D:\Guvi\Projects\major\number-plate-vehicle-detection\data\final_merged_datasets\images\train\img_001379.png,Daylight
D:\Guvi\Projects\major\number-plate-vehicle-detection\data\final_merged_datasets\images\train\img_001380.png,Daylight
D:\Guvi\Projects\major\number-plate-vehicle-detection\data\final_merged_datasets\images\train\img_001381.png,Daylight
D:\Guvi\Projects\major\number-plate-vehicle-detection\data\final_merged_datasets\images\train\img_001383.png,Daylight
D:\Guvi\Projects\major\number-plate-vehicle-detection\data\final_merged_datasets\images\train\img_001384.png,Daylight
D:\Guvi\Projects\major\number-plate-vehicle-detection\data\final_merged_datasets\images\train\img_001385.png,Daylight
D:\Guvi\Projects\major\number-plate-vehicle-detection\data\final_merged_datasets\images\train\img_001386.png,Daylight
D:\Guvi\Projects\major\number-plate-vehicle-detection\data\final_merged_datasets\images\train\img_001387.png,Daylight
D:\Guvi\Projects\major\number-plate-vehicle-detection\data\final_merged_datasets\images\train\img_001388.png,Daylight
D:\Guvi\Projects\major\number-plate-vehicle-detection\data\final_merged_datasets\images\train\img_001389.png,Daylight
D:\Guvi\Projects\major\number-plate-vehicle-detection\data\final_merged_datasets\images\train\img_001390.png,Daylight
D:\Guvi\Projects\major\number-plate-vehicle-detection\data\final_merged_datasets\images\train\img_001391.png,Daylight
D:\Guvi\Projects\major\number-plate-vehicle-detection\data\final_merged_datasets\images\train\img_001392.png,Daylight
D:\Guvi\Projects\major\number-plate-vehicle-detection\data\final_merged_datasets\images\train\img_001393.png,Daylight
D:\Guvi\Projects\major\number-plate-vehicle-detection\data\final_merged_datasets\images\train\img_001395.png,Daylight
D:\Guvi\Projects\major\number-plate-vehicle-detection\data\final_merged_datasets\images\train\img_001396.png,Daylight
D:\Guvi\Projects\major\number-plate-vehicle-detection\data\final_merged_datasets\images\train\img_001397.png,Daylight
D:\Guvi\Projects\major\number-plate-vehicle-detection\data\final_merged_datasets\images\train\img_001398.png,Daylight
D:\Guvi\Projects\major\number-plate-vehicle-detection\data\final_merged_datasets\images\train\img_001399.png,Daylight
D:\Guvi\Projects\major\number-plate-vehicle-detection\data\final_merged_datasets\images\train\img_001402.png,Daylight
D:\Guvi\Projects\major\number-plate-vehicle-detection\data\final_merged_datasets\images\train\img_001404.png,Daylight
D:\Guvi\Projects\major\number-plate-vehicle-detection\data\final_merged_datasets\images\train\img_001406.png,Daylight
D:\Guvi\Projects\major\number-plate-vehicle-detection\data\final_merged_datasets\images\train\img_001407.png,Daylight
D:\Guvi\Projects\major\number-plate-vehicle-detection\data\final_merged_datasets\images\train\img_001408.png,Daylight
D:\Guvi\Projects\major\number-plate-vehicle-detection\data\final_merged_datasets\images\train\img_001409.png,Daylight
D:\Guvi\Projects\major\number-plate-vehicle-detection\data\final_merged_datasets\images\train\img_001412.png,Daylight
D:\Guvi\Projects\major\number-plate-vehicle-detection\data\final_merged_datasets\images\train\img_001413.png,Daylight
D:\Guvi\Projects\major\number-plate-vehicle-detection\data\final_merged_datasets\images\train\img_001414.png,Daylight
D:\Guvi\Projects\major\number-plate-vehicle-detection\data\final_merged_datasets\images\train\img_001415.png,Daylight
D:\Guvi\Projects\major\number-plate-vehicle-detection\data\final_merged_datasets\images\train\img_001416.png,Daylight
D:\Guvi\Projects\major\number-plate-vehicle-detection\data\final_merged_datasets\images\train\img_001417.png,Daylight
D:\Guvi\Projects\major\number-plate-vehicle-detection\data\final_merged_datasets\images\train\img_001418.png,Daylight
D:\Guvi\Projects\major\number-plate-vehicle-detection\data\final_merged_datasets\images\train\img_001420.png,Daylight
D:\Guvi\Projects\major\number-plate-vehicle-detection\data\final_merged_datasets\images\train\img_001422.png,Daylight
D:\Guvi\Projects\major\number-plate-vehicle-detection\data\final_merged_datasets\images\train\img_001423.png,Daylight
D:\Guvi\Projects\major\number-plate-vehicle-detection\data\final_merged_datasets\images\train\img_001424.png,Daylight
D:\Guvi\Projects\major\number-plate-vehicle-detection\data\final_merged_datasets\images\train\img_001425.png,Daylight
D:\Guvi\Projects\major\number-plate-vehicle-detection\data\final_merged_datasets\images\train\img_001426.png,Daylight
D:\Guvi\Projects\major\number-plate-vehicle-detection\data\final_merged_datasets\images\train\img_001428.png,Daylight
D:\Guvi\Projects\major\number-plate-vehicle-detection\data\final_merged_datasets\images\train\img_001429.png,Daylight
D:\Guvi\Projects\major\number-plate-vehicle-detection\data\final_merged_datasets\images\train\img_001435.png,Daylight
D:\Guvi\Projects\major\number-plate-vehicle-detection\data\final_merged_datasets\images\train\img_001436.png,Daylight
D:\Guvi\Projects\major\number-plate-vehicle-detection\data\final_merged_datasets\images\train\img_001438.png,Daylight
D:\Guvi\Projects\major\number-plate-vehicle-detection\data\final_merged_datasets\images\train\img_001439.png,Daylight
D:\Guvi\Projects\major\number-plate-vehicle-detection\data\final_merged_datasets\images\train\img_001440.png,Daylight
D:\Guvi\Projects\major\number-plate-vehicle-detection\data\final_merged_datasets\images\train\img_001441.png,Daylight
D:\Guvi\Projects\major\number-plate-vehicle-detection\data\final_merged_datasets\images\train\img_001442.png,Daylight
D:\Guvi\Projects\major\number-plate-vehicle-detection\data\final_merged_datasets\images\train\img_001443.png,Daylight
D:\Guvi\Projects\major\number-plate-vehicle-detection\data\final_merged_datasets\images\train\img_001444.png,Daylight
D:\Guvi\Projects\major\number-plate-vehicle-detection\data\final_merged_datasets\images\train\img_001445.png,Daylight
D:\Guvi\Projects\major\number-plate-vehicle-detection\data\final_merged_datasets\images\train\img_001446.png,Daylight
D:\Guvi\Projects\major\number-plate-vehicle-detection\data\final_merged_datasets\images\train\img_001449.png,Daylight
D:\Guvi\Projects\major\number-plate-vehicle-detection\data\final_merged_datasets\images\train\img_001450.png,Daylight
D:\Guvi\Projects\major\number-plate-vehicle-detection\data\final_merged_datasets\images\train\img_001451.png,Daylight
D:\Guvi\Projects\major\number-plate-vehicle-detection\data\final_merged_datasets\images\train\img_001452.png,Daylight
D:\Guvi\Projects\major\number-plate-vehicle-detection\data\final_merged_datasets\images\train\img_001453.png,Daylight
D:\Guvi\Projects\major\number-plate-vehicle-detection\data\final_merged_datasets\images\train\img_001454.png,Daylight
D:\Guvi\Projects\major\number-plate-vehicle-detection\data\final_merged_datasets\images\train\img_001455.png,Daylight
D:\Guvi\Projects\major\number-plate-vehicle-detection\data\final_merged_datasets\images\train\img_001456.png,Daylight
D:\Guvi\Projects\major\number-plate-vehicle-detection\data\final_merged_datasets\images\train\img_001457.png,Daylight
D:\Guvi\Projects\major\number-plate-vehicle-detection\data\final_merged_datasets\images\train\img_001458.png,Daylight
D:\Guvi\Projects\major\number-plate-vehicle-detection\data\final_merged_datasets\images\train\img_001459.png,Daylight
D:\Guvi\Projects\major\number-plate-vehicle-detection\data\final_merged_datasets\images\train\img_001461.png,Daylight
D:\Guvi\Projects\major\number-plate-vehicle-detection\data\final_merged_datasets\images\train\img_001462.png,Daylight
D:\Guvi\Projects\major\number-plate-vehicle-detection\data\final_merged_datasets\images\train\img_001463.png,Daylight
D:\Guvi\Projects\major\number-plate-vehicle-detection\data\final_merged_datasets\images\train\img_001464.png,Daylight
D:\Guvi\Projects\major\number-plate-vehicle-detection\data\final_merged_datasets\images\train\img_001465.png,Daylight
D:\Guvi\Projects\major\number-plate-vehicle-detection\data\final_merged_datasets\images\train\img_001467.png,Daylight
D:\Guvi\Projects\major\number-plate-vehicle-detection\data\final_merged_datasets\images\train\img_001468.png,Daylight
D:\Guvi\Projects\major\number-plate-vehicle-detection\data\final_merged_datasets\images\train\img_001470.png,Daylight
D:\Guvi\Projects\major\number-plate-vehicle-detection\data\final_merged_datasets\images\train\img_001473.png,Daylight
D:\Guvi\Projects\major\number-plate-vehicle-detection\data\final_merged_datasets\images\train\img_001475.png,Daylight
D:\Guvi\Projects\major\number-plate-vehicle-detection\data\final_merged_datasets\images\train\img_001478.png,Daylight
D:\Guvi\Projects\major\number-plate-vehicle-detection\data\final_merged_datasets\images\train\img_001479.png,Daylight
D:\Guvi\Projects\major\number-plate-vehicle-detection\data\final_merged_datasets\images\train\img_001480.png,Daylight
D:\Guvi\Projects\major\number-plate-vehicle-detection\data\final_merged_datasets\images\train\img_001481.png,Daylight
D:\Guvi\Projects\major\number-plate-vehicle-detection\data\final_merged_datasets\images\train\img_001482.png,Daylight
D:\Guvi\Projects\major\number-plate-vehicle-detection\data\final_merged_datasets\images\train\img_001483.png,Daylight
D:\Guvi\Projects\major\number-plate-vehicle-detection\data\final_merged_datasets\images\train\img_001484.png,Daylight
D:\Guvi\Projects\major\number-plate-vehicle-detection\data\final_merged_datasets\images\train\img_001485.png,Daylight
D:\Guvi\Projects\major\number-plate-vehicle-detection\data\final_merged_datasets\images\train\img_001487.png,Daylight
D:\Guvi\Projects\major\number-plate-vehicle-detection\data\final_merged_datasets\images\train\img_001489.png,Daylight
D:\Guvi\Projects\major\number-plate-vehicle-detection\data\final_merged_datasets\images\train\img_001490.png,Daylight
D:\Guvi\Projects\major\number-plate-vehicle-detection\data\final_merged_datasets\images\train\img_001492.png,Night/Dark
D:\Guvi\Projects\major\number-plate-vehicle-detection\data\final_merged_datasets\images\train\img_001493.png,Night/Dark
D:\Guvi\Projects\major\number-plate-vehicle-detection\data\final_merged_datasets\images\train\img_001494.png,Night/Dark
D:\Guvi\Projects\major\number-plate-vehicle-detection\data\final_merged_datasets\images\train\img_001495.png,Night/Dark
D:\Guvi\Projects\major\number-plate-vehicle-detection\data\final_merged_datasets\images\train\img_001498.png,Night/Dark
D:\Guvi\Projects\major\number-plate-vehicle-detection\data\final_merged_datasets\images\train\img_001499.png,Night/Dark
D:\Guvi\Projects\major\number-plate-vehicle-detection\data\final_merged_datasets\images\train\img_001500.png,Night/Dark
D:\Guvi\Projects\major\number-plate-vehicle-detection\data\final_merged_datasets\images\train\img_001501.png,Night/Dark
D:\Guvi\Projects\major\number-plate-vehicle-detection\data\final_merged_datasets\images\train\img_001502.png,Night/Dark
D:\Guvi\Projects\major\number-plate-vehicle-detection\data\final_merged_datasets\images\train\img_001503.png,Night/Dark
D:\Guvi\Projects\major\number-plate-vehicle-detection\data\final_merged_datasets\images\train\img_001506.png,Night/Dark
D:\Guvi\Projects\major\number-plate-vehicle-detection\data\final_merged_datasets\images\train\img_001507.png,Night/Dark
D:\Guvi\Projects\major\number-plate-vehicle-detection\data\final_merged_datasets\images\train\img_001508.png,Night/Dark
D:\Guvi\Projects\major\number-plate-vehicle-detection\data\final_merged_datasets\images\train\img_001509.png,Night/Dark
D:\Guvi\Projects\major\number-plate-vehicle-detection\data\final_merged_datasets\images\train\img_001515.png,Night/Dark
D:\Guvi\Projects\major\number-plate-vehicle-detection\data\final_merged_datasets\images\train\img_001516.png,Night/Dark
D:\Guvi\Projects\major\number-plate-vehicle-detection\data\final_merged_datasets\images\train\img_001517.png,Night/Dark
D:\Guvi\Projects\major\number-plate-vehicle-detection\data\final_merged_datasets\images\train\img_001519.png,Night/Dark
D:\Guvi\Projects\major\number-plate-vehicle-detection\data\final_merged_datasets\images\train\img_001520.png,Night/Dark
D:\Guvi\Projects\major\number-plate-vehicle-detection\data\final_merged_datasets\images\train\img_001521.png,Night/Dark
D:\Guvi\Projects\major\number-plate-vehicle-detection\data\final_merged_datasets\images\train\img_001522.png,Night/Dark
D:\Guvi\Projects\major\number-plate-vehicle-detection\data\final_merged_datasets\images\train\img_001524.png,Night/Dark
D:\Guvi\Projects\major\number-plate-vehicle-detection\data\final_merged_datasets\images\train\img_001526.png,Night/Dark
D:\Guvi\Projects\major\number-plate-vehicle-detection\data\final_merged_datasets\images\train\img_001527.png,Night/Dark
D:\Guvi\Projects\major\number-plate-vehicle-detection\data\final_merged_datasets\images\train\img_001528.png,Night/Dark
D:\Guvi\Projects\major\number-plate-vehicle-detection\data\final_merged_datasets\images\train\img_001532.png,Night/Dark
D:\Guvi\Projects\major\number-plate-vehicle-detection\data\final_merged_datasets\images\train\img_001533.png,Daylight
D:\Guvi\Projects\major\number-plate-vehicle-detection\data\final_merged_datasets\images\train\img_001534.png,Daylight
D:\Guvi\Projects\major\number-plate-vehicle-detection\data\final_merged_datasets\images\train\img_001535.png,Daylight
D:\Guvi\Projects\major\number-plate-vehicle-detection\data\final_merged_datasets\images\train\img_001536.png,Daylight
D:\Guvi\Projects\major\number-plate-vehicle-detection\data\final_merged_datasets\images\train\img_001537.png,Daylight
D:\Guvi\Projects\major\number-plate-vehicle-detection\data\final_merged_datasets\images\train\img_001538.png,Daylight
D:\Guvi\Projects\major\number-plate-vehicle-detection\data\final_merged_datasets\images\train\img_001539.png,Daylight
D:\Guvi\Projects\major\number-plate-vehicle-detection\data\final_merged_datasets\images\train\img_001542.png,Daylight
D:\Guvi\Projects\major\number-plate-vehicle-detection\data\final_merged_datasets\images\train\img_001544.png,Daylight
D:\Guvi\Projects\major\number-plate-vehicle-detection\data\final_merged_datasets\images\train\img_001545.png,Daylight
D:\Guvi\Projects\major\number-plate-vehicle-detection\data\final_merged_datasets\images\train\img_001546.png,Daylight
D:\Guvi\Projects\major\number-plate-vehicle-detection\data\final_merged_datasets\images\train\img_001547.png,Daylight
D:\Guvi\Projects\major\number-plate-vehicle-detection\data\final_merged_datasets\images\train\img_001548.png,Daylight
D:\Guvi\Projects\major\number-plate-vehicle-detection\data\final_merged_datasets\images\train\img_001550.png,Daylight
D:\Guvi\Projects\major\number-plate-vehicle-detection\data\final_merged_datasets\images\train\img_001552.png,Daylight
D:\Guvi\Projects\major\number-plate-vehicle-detection\data\final_merged_datasets\images\train\img_001554.png,Daylight
D:\Guvi\Projects\major\number-plate-vehicle-detection\data\final_merged_datasets\images\train\img_001557.png,Daylight
D:\Guvi\Projects\major\number-plate-vehicle-detection\data\final_merged_datasets\images\train\img_001559.png,Daylight
D:\Guvi\Projects\major\number-plate-vehicle-detection\data\final_merged_datasets\images\train\img_001560.png,Daylight
D:\Guvi\Projects\major\number-plate-vehicle-detection\data\final_merged_datasets\images\train\img_001561.png,Daylight
D:\Guvi\Projects\major\number-plate-vehicle-detection\data\final_merged_datasets\images\train\img_001563.png,Daylight
D:\Guvi\Projects\major\number-plate-vehicle-detection\data\final_merged_datasets\images\train\img_001564.png,Daylight
D:\Guvi\Projects\major\number-plate-vehicle-detection\data\final_merged_datasets\images\train\img_001566.png,Daylight
D:\Guvi\Projects\major\number-plate-vehicle-detection\data\final_merged_datasets\images\train\img_001567.png,Daylight
D:\Guvi\Projects\major\number-plate-vehicle-detection\data\final_merged_datasets\images\train\img_001568.png,Daylight
D:\Guvi\Projects\major\number-plate-vehicle-detection\data\final_merged_datasets\images\train\img_001570.png,Daylight
D:\Guvi\Projects\major\number-plate-vehicle-detection\data\final_merged_datasets\images\train\img_001573.png,Daylight
D:\Guvi\Projects\major\number-plate-vehicle-detection\data\final_merged_datasets\images\train\img_001576.png,Daylight
D:\Guvi\Projects\major\number-plate-vehicle-detection\data\final_merged_datasets\images\train\img_001578.png,Daylight
D:\Guvi\Projects\major\number-plate-vehicle-detection\data\final_merged_datasets\images\train\img_001581.png,Daylight
D:\Guvi\Projects\major\number-plate-vehicle-detection\data\final_merged_datasets\images\train\img_001582.png,Daylight
D:\Guvi\Projects\major\number-plate-vehicle-detection\data\final_merged_datasets\images\train\img_001583.png,Daylight
D:\Guvi\Projects\major\number-plate-vehicle-detection\data\final_merged_datasets\images\train\img_001584.png,Daylight
D:\Guvi\Projects\major\number-plate-vehicle-detection\data\final_merged_datasets\images\train\img_001585.png,Daylight
D:\Guvi\Projects\major\number-plate-vehicle-detection\data\final_merged_datasets\images\train\img_001586.png,Daylight
D:\Guvi\Projects\major\number-plate-vehicle-detection\data\final_merged_datasets\images\train\img_001588.png,Daylight
D:\Guvi\Projects\major\number-plate-vehicle-detection\data\final_merged_datasets\images\train\img_001589.png,Daylight
D:\Guvi\Projects\major\number-plate-vehicle-detection\data\final_merged_datasets\images\train\img_001590.png,Daylight
D:\Guvi\Projects\major\number-plate-vehicle-detection\data\final_merged_datasets\images\train\img_001591.png,Daylight
D:\Guvi\Projects\major\number-plate-vehicle-detection\data\final_merged_datasets\images\train\img_001592.png,Daylight
D:\Guvi\Projects\major\number-plate-vehicle-detection\data\final_merged_datasets\images\train\img_001593.png,Daylight
D:\Guvi\Projects\major\number-plate-vehicle-detection\data\final_merged_datasets\images\train\img_001595.png,Daylight
D:\Guvi\Projects\major\number-plate-vehicle-detection\data\final_merged_datasets\images\train\img_001597.png,Daylight
D:\Guvi\Projects\major\number-plate-vehicle-detection\data\final_merged_datasets\images\train\img_001598.png,Daylight
D:\Guvi\Projects\major\number-plate-vehicle-detection\data\final_merged_datasets\images\train\img_001599.png,Daylight
D:\Guvi\Projects\major\number-plate-vehicle-detection\data\final_merged_datasets\images\train\img_001601.png,Daylight
D:\Guvi\Projects\major\number-plate-vehicle-detection\data\final_merged_datasets\images\train\img_001602.png,Daylight
D:\Guvi\Projects\major\number-plate-vehicle-detection\data\final_merged_datasets\images\train\img_001603.png,Daylight
D:\Guvi\Projects\major\number-plate-vehicle-detection\data\final_merged_datasets\images\train\img_001604.png,Daylight
D:\Guvi\Projects\major\number-plate-vehicle-detection\data\final_merged_datasets\images\train\img_001605.png,Daylight
D:\Guvi\Projects\major\number-plate-vehicle-detection\data\final_merged_datasets\images\train\img_001607.png,Night/Dark
D:\Guvi\Projects\major\number-plate-vehicle-detection\data\final_merged_datasets\images\train\img_001610.png,Daylight
D:\Guvi\Projects\major\number-plate-vehicle-detection\data\final_merged_datasets\images\train\img_001611.png,Daylight
D:\Guvi\Projects\major\number-plate-vehicle-detection\data\final_merged_datasets\images\train\img_001612.png,Daylight
D:\Guvi\Projects\major\number-plate-vehicle-detection\data\final_merged_datasets\images\train\img_001613.png,Daylight
D:\Guvi\Projects\major\number-plate-vehicle-detection\data\final_merged_datasets\images\train\img_001614.png,Daylight
D:\Guvi\Projects\major\number-plate-vehicle-detection\data\final_merged_datasets\images\train\img_001615.png,Daylight
D:\Guvi\Projects\major\number-plate-vehicle-detection\data\final_merged_datasets\images\train\img_001616.png,Daylight
D:\Guvi\Projects\major\number-plate-vehicle-detection\data\final_merged_datasets\images\train\img_001617.png,Daylight
D:\Guvi\Projects\major\number-plate-vehicle-detection\data\final_merged_datasets\images\train\img_001618.png,Daylight
D:\Guvi\Projects\major\number-plate-vehicle-detection\data\final_merged_datasets\images\train\img_001619.png,Daylight
D:\Guvi\Projects\major\number-plate-vehicle-detection\data\final_merged_datasets\images\train\img_001622.png,Daylight
D:\Guvi\Projects\major\number-plate-vehicle-detection\data\final_merged_datasets\images\train\img_001623.png,Daylight
D:\Guvi\Projects\major\number-plate-vehicle-detection\data\final_merged_datasets\images\train\img_001624.png,Daylight
D:\Guvi\Projects\major\number-plate-vehicle-detection\data\final_merged_datasets\images\train\img_001625.png,Daylight
D:\Guvi\Projects\major\number-plate-vehicle-detection\data\final_merged_datasets\images\train\img_001626.png,Daylight
D:\Guvi\Projects\major\number-plate-vehicle-detection\data\final_merged_datasets\images\train\img_001628.png,Daylight
D:\Guvi\Projects\major\number-plate-vehicle-detection\data\final_merged_datasets\images\train\img_001629.png,Daylight
D:\Guvi\Projects\major\number-plate-vehicle-detection\data\final_merged_datasets\images\train\img_001630.png,Daylight
D:\Guvi\Projects\major\number-plate-vehicle-detection\data\final_merged_datasets\images\train\img_001631.png,Daylight
D:\Guvi\Projects\major\number-plate-vehicle-detection\data\final_merged_datasets\images\train\img_001633.png,Night/Dark
D:\Guvi\Projects\major\number-plate-vehicle-detection\data\final_merged_datasets\images\train\img_001634.png,Night/Dark
D:\Guvi\Projects\major\number-plate-vehicle-detection\data\final_merged_datasets\images\train\img_001635.png,Night/Dark
D:\Guvi\Projects\major\number-plate-vehicle-detection\data\final_merged_datasets\images\train\img_001636.png,Daylight
D:\Guvi\Projects\major\number-plate-vehicle-detection\data\final_merged_datasets\images\train\img_001637.png,Daylight
D:\Guvi\Projects\major\number-plate-vehicle-detection\data\final_merged_datasets\images\train\img_001638.png,Daylight
D:\Guvi\Projects\major\number-plate-vehicle-detection\data\final_merged_datasets\images\train\img_001639.png,Daylight
D:\Guvi\Projects\major\number-plate-vehicle-detection\data\final_merged_datasets\images\train\img_001641.png,Daylight
D:\Guvi\Projects\major\number-plate-vehicle-detection\data\final_merged_datasets\images\train\img_001644.png,Daylight
D:\Guvi\Projects\major\number-plate-vehicle-detection\data\final_merged_datasets\images\train\img_001645.png,Daylight
D:\Guvi\Projects\major\number-plate-vehicle-detection\data\final_merged_datasets\images\train\img_001647.png,Daylight
D:\Guvi\Projects\major\number-plate-vehicle-detection\data\final_merged_datasets\images\train\img_001648.png,Daylight
D:\Guvi\Projects\major\number-plate-vehicle-detection\data\final_merged_datasets\images\train\img_001649.png,Daylight
D:\Guvi\Projects\major\number-plate-vehicle-detection\data\final_merged_datasets\images\train\img_001652.png,Daylight
D:\Guvi\Projects\major\number-plate-vehicle-detection\data\final_merged_datasets\images\train\img_001654.png,Daylight
D:\Guvi\Projects\major\number-plate-vehicle-detection\data\final_merged_datasets\images\train\img_001657.png,Daylight
D:\Guvi\Projects\major\number-plate-vehicle-detection\data\final_merged_datasets\images\train\img_001658.png,Daylight
D:\Guvi\Projects\major\number-plate-vehicle-detection\data\final_merged_datasets\images\train\img_001659.png,Daylight
D:\Guvi\Projects\major\number-plate-vehicle-detection\data\final_merged_datasets\images\train\img_001661.png,Daylight
D:\Guvi\Projects\major\number-plate-vehicle-detection\data\final_merged_datasets\images\train\img_001662.png,Daylight
D:\Guvi\Projects\major\number-plate-vehicle-detection\data\final_merged_datasets\images\train\img_001663.png,Daylight
D:\Guvi\Projects\major\number-plate-vehicle-detection\data\final_merged_datasets\images\train\img_001664.png,Daylight
D:\Guvi\Projects\major\number-plate-vehicle-detection\data\final_merged_datasets\images\train\img_001666.png,Daylight
D:\Guvi\Projects\major\number-plate-vehicle-detection\data\final_merged_datasets\images\val\img_000090.png,Daylight
D:\Guvi\Projects\major\number-plate-vehicle-detection\data\final_merged_datasets\images\val\img_000096.png,Daylight
D:\Guvi\Projects\major\number-plate-vehicle-detection\data\final_merged_datasets\images\val\img_000109.png,Daylight
D:\Guvi\Projects\major\number-plate-vehicle-detection\data\final_merged_datasets\images\val\img_000111.png,Daylight
D:\Guvi\Projects\major\number-plate-vehicle-detection\data\final_merged_datasets\images\val\img_000116.png,Daylight
D:\Guvi\Projects\major\number-plate-vehicle-detection\data\final_merged_datasets\images\val\img_000120.png,Daylight
D:\Guvi\Projects\major\number-plate-vehicle-detection\data\final_merged_datasets\images\val\img_000125.png,Daylight
D:\Guvi\Projects\major\number-plate-vehicle-detection\data\final_merged_datasets\images\val\img_000128.png,Daylight
D:\Guvi\Projects\major\number-plate-vehicle-detection\data\final_merged_datasets\images\val\img_000129.png,Bright/Sunny
D:\Guvi\Projects\major\number-plate-vehicle-detection\data\final_merged_datasets\images\val\img_000136.png,Daylight
D:\Guvi\Projects\major\number-plate-vehicle-detection\data\final_merged_datasets\images\val\img_000137.png,Daylight
D:\Guvi\Projects\major\number-plate-vehicle-detection\data\final_merged_datasets\images\val\img_000139.png,Daylight
D:\Guvi\Projects\major\number-plate-vehicle-detection\data\final_merged_datasets\images\val\img_000143.png,Daylight
D:\Guvi\Projects\major\number-plate-vehicle-detection\data\final_merged_datasets\images\val\img_000145.png,Daylight
D:\Guvi\Projects\major\number-plate-vehicle-detection\data\final_merged_datasets\images\val\img_000148.png,Night/Dark
D:\Guvi\Projects\major\number-plate-vehicle-detection\data\final_merged_datasets\images\val\img_000154.png,Daylight
D:\Guvi\Projects\major\number-plate-vehicle-detection\data\final_merged_datasets\images\val\img_000161.png,Daylight
D:\Guvi\Projects\major\number-plate-vehicle-detection\data\final_merged_datasets\images\val\img_000162.png,Daylight
D:\Guvi\Projects\major\number-plate-vehicle-detection\data\final_merged_datasets\images\val\img_000166.png,Daylight
D:\Guvi\Projects\major\number-plate-vehicle-detection\data\final_merged_datasets\images\val\img_000168.png,Daylight
D:\Guvi\Projects\major\number-plate-vehicle-detection\data\final_merged_datasets\images\val\img_000177.png,Daylight
D:\Guvi\Projects\major\number-plate-vehicle-detection\data\final_merged_datasets\images\val\img_000935.png,Daylight
D:\Guvi\Projects\major\number-plate-vehicle-detection\data\final_merged_datasets\images\val\img_000938.png,Daylight
D:\Guvi\Projects\major\number-plate-vehicle-detection\data\final_merged_datasets\images\val\img_000945.png,Daylight
D:\Guvi\Projects\major\number-plate-vehicle-detection\data\final_merged_datasets\images\val\img_000948.png,Daylight
D:\Guvi\Projects\major\number-plate-vehicle-detection\data\final_merged_datasets\images\val\img_000954.png,Daylight
D:\Guvi\Projects\major\number-plate-vehicle-detection\data\final_merged_datasets\images\val\img_000956.png,Daylight
D:\Guvi\Projects\major\number-plate-vehicle-detection\data\final_merged_datasets\images\val\img_000975.png,Daylight
D:\Guvi\Projects\major\number-plate-vehicle-detection\data\final_merged_datasets\images\val\img_000985.png,Night/Dark
D:\Guvi\Projects\major\number-plate-vehicle-detection\data\final_merged_datasets\images\val\img_000987.png,Night/Dark
D:\Guvi\Projects\major\number-plate-vehicle-detection\data\final_merged_datasets\images\val\img_001003.png,Daylight
D:\Guvi\Projects\major\number-plate-vehicle-detection\data\final_merged_datasets\images\val\img_001004.png,Daylight
D:\Guvi\Projects\major\number-plate-vehicle-detection\data\final_merged_datasets\images\val\img_001010.png,Daylight
D:\Guvi\Projects\major\number-plate-vehicle-detection\data\final_merged_datasets\images\val\img_001011.png,Daylight
D:\Guvi\Projects\major\number-plate-vehicle-detection\data\final_merged_datasets\images\val\img_001023.png,Daylight
D:\Guvi\Projects\major\number-plate-vehicle-detection\data\final_merged_datasets\images\val\img_001024.png,Daylight
D:\Guvi\Projects\major\number-plate-vehicle-detection\data\final_merged_datasets\images\val\img_001027.png,Daylight
D:\Guvi\Projects\major\number-plate-vehicle-detection\data\final_merged_datasets\images\val\img_001034.png,Daylight
D:\Guvi\Projects\major\number-plate-vehicle-detection\data\final_merged_datasets\images\val\img_001038.png,Daylight
D:\Guvi\Projects\major\number-plate-vehicle-detection\data\final_merged_datasets\images\val\img_001039.png,Daylight
D:\Guvi\Projects\major\number-plate-vehicle-detection\data\final_merged_datasets\images\val\img_001040.png,Daylight
D:\Guvi\Projects\major\number-plate-vehicle-detection\data\final_merged_datasets\images\val\img_001042.png,Daylight
D:\Guvi\Projects\major\number-plate-vehicle-detection\data\final_merged_datasets\images\val\img_001045.png,Daylight
D:\Guvi\Projects\major\number-plate-vehicle-detection\data\final_merged_datasets\images\val\img_001050.png,Daylight
D:\Guvi\Projects\major\number-plate-vehicle-detection\data\final_merged_datasets\images\val\img_001054.png,Daylight
D:\Guvi\Projects\major\number-plate-vehicle-detection\data\final_merged_datasets\images\val\img_001058.png,Daylight
D:\Guvi\Projects\major\number-plate-vehicle-detection\data\final_merged_datasets\images\val\img_001062.png,Daylight
D:\Guvi\Projects\major\number-plate-vehicle-detection\data\final_merged_datasets\images\val\img_001065.png,Daylight
D:\Guvi\Projects\major\number-plate-vehicle-detection\data\final_merged_datasets\images\val\img_001067.png,Daylight
D:\Guvi\Projects\major\number-plate-vehicle-detection\data\final_merged_datasets\images\val\img_001071.png,Daylight
D:\Guvi\Projects\major\number-plate-vehicle-detection\data\final_merged_datasets\images\val\img_001074.png,Daylight
D:\Guvi\Projects\major\number-plate-vehicle-detection\data\final_merged_datasets\images\val\img_001080.png,Daylight
D:\Guvi\Projects\major\number-plate-vehicle-detection\data\final_merged_datasets\images\val\img_001082.png,Daylight
D:\Guvi\Projects\major\number-plate-vehicle-detection\data\final_merged_datasets\images\val\img_001083.png,Daylight
D:\Guvi\Projects\major\number-plate-vehicle-detection\data\final_merged_datasets\images\val\img_001098.png,Daylight
D:\Guvi\Projects\major\number-plate-vehicle-detection\data\final_merged_datasets\images\val\img_001099.png,Daylight
D:\Guvi\Projects\major\number-plate-vehicle-detection\data\final_merged_datasets\images\val\img_001100.png,Daylight
D:\Guvi\Projects\major\number-plate-vehicle-detection\data\final_merged_datasets\images\val\img_001107.png,Daylight
D:\Guvi\Projects\major\number-plate-vehicle-detection\data\final_merged_datasets\images\val\img_001112.png,Daylight
D:\Guvi\Projects\major\number-plate-vehicle-detection\data\final_merged_datasets\images\val\img_001116.png,Daylight
D:\Guvi\Projects\major\number-plate-vehicle-detection\data\final_merged_datasets\images\val\img_001118.png,Daylight
D:\Guvi\Projects\major\number-plate-vehicle-detection\data\final_merged_datasets\images\val\img_001119.png,Daylight
D:\Guvi\Projects\major\number-plate-vehicle-detection\data\final_merged_datasets\images\val\img_001120.png,Daylight
D:\Guvi\Projects\major\number-plate-vehicle-detection\data\final_merged_datasets\images\val\img_001123.png,Daylight
D:\Guvi\Projects\major\number-plate-vehicle-detection\data\final_merged_datasets\images\val\img_001125.png,Daylight
D:\Guvi\Projects\major\number-plate-vehicle-detection\data\final_merged_datasets\images\val\img_001128.png,Daylight
D:\Guvi\Projects\major\number-plate-vehicle-detection\data\final_merged_datasets\images\val\img_001139.png,Daylight
D:\Guvi\Projects\major\number-plate-vehicle-detection\data\final_merged_datasets\images\val\img_001140.png,Daylight
D:\Guvi\Projects\major\number-plate-vehicle-detection\data\final_merged_datasets\images\val\img_001144.png,Daylight
D:\Guvi\Projects\major\number-plate-vehicle-detection\data\final_merged_datasets\images\val\img_001145.png,Daylight
D:\Guvi\Projects\major\number-plate-vehicle-detection\data\final_merged_datasets\images\val\img_001157.png,Daylight
D:\Guvi\Projects\major\number-plate-vehicle-detection\data\final_merged_datasets\images\val\img_001174.png,Daylight
D:\Guvi\Projects\major\number-plate-vehicle-detection\data\final_merged_datasets\images\val\img_001181.png,Daylight
D:\Guvi\Projects\major\number-plate-vehicle-detection\data\final_merged_datasets\images\val\img_001193.png,Daylight
D:\Guvi\Projects\major\number-plate-vehicle-detection\data\final_merged_datasets\images\val\img_001194.png,Daylight
D:\Guvi\Projects\major\number-plate-vehicle-detection\data\final_merged_datasets\images\val\img_001196.png,Daylight
D:\Guvi\Projects\major\number-plate-vehicle-detection\data\final_merged_datasets\images\val\img_001208.png,Daylight
D:\Guvi\Projects\major\number-plate-vehicle-detection\data\final_merged_datasets\images\val\img_001212.png,Daylight
D:\Guvi\Projects\major\number-plate-vehicle-detection\data\final_merged_datasets\images\val\img_001216.png,Daylight
D:\Guvi\Projects\major\number-plate-vehicle-detection\data\final_merged_datasets\images\val\img_001222.png,Daylight
D:\Guvi\Projects\major\number-plate-vehicle-detection\data\final_merged_datasets\images\val\img_001226.png,Daylight
D:\Guvi\Projects\major\number-plate-vehicle-detection\data\final_merged_datasets\images\val\img_001229.png,Daylight
D:\Guvi\Projects\major\number-plate-vehicle-detection\data\final_merged_datasets\images\val\img_001230.png,Daylight
D:\Guvi\Projects\major\number-plate-vehicle-detection\data\final_merged_datasets\images\val\img_001232.png,Bright/Sunny
D:\Guvi\Projects\major\number-plate-vehicle-detection\data\final_merged_datasets\images\val\img_001234.png,Daylight
D:\Guvi\Projects\major\number-plate-vehicle-detection\data\final_merged_datasets\images\val\img_001242.png,Daylight
D:\Guvi\Projects\major\number-plate-vehicle-detection\data\final_merged_datasets\images\val\img_001253.png,Daylight
D:\Guvi\Projects\major\number-plate-vehicle-detection\data\final_merged_datasets\images\val\img_001258.png,Daylight
D:\Guvi\Projects\major\number-plate-vehicle-detection\data\final_merged_datasets\images\val\img_001259.png,Daylight
D:\Guvi\Projects\major\number-plate-vehicle-detection\data\final_merged_datasets\images\val\img_001264.png,Daylight
D:\Guvi\Projects\major\number-plate-vehicle-detection\data\final_merged_datasets\images\val\img_001265.png,Daylight
D:\Guvi\Projects\major\number-plate-vehicle-detection\data\final_merged_datasets\images\val\img_001272.png,Daylight
D:\Guvi\Projects\major\number-plate-vehicle-detection\data\final_merged_datasets\images\val\img_001293.png,Daylight
D:\Guvi\Projects\major\number-plate-vehicle-detection\data\final_merged_datasets\images\val\img_001296.png,Daylight
D:\Guvi\Projects\major\number-plate-vehicle-detection\data\final_merged_datasets\images\val\img_001302.png,Daylight
D:\Guvi\Projects\major\number-plate-vehicle-detection\data\final_merged_datasets\images\val\img_001313.png,Daylight
D:\Guvi\Projects\major\number-plate-vehicle-detection\data\final_merged_datasets\images\val\img_001315.png,Daylight
D:\Guvi\Projects\major\number-plate-vehicle-detection\data\final_merged_datasets\images\val\img_001316.png,Daylight
D:\Guvi\Projects\major\number-plate-vehicle-detection\data\final_merged_datasets\images\val\img_001319.png,Daylight
D:\Guvi\Projects\major\number-plate-vehicle-detection\data\final_merged_datasets\images\val\img_001321.png,Daylight
D:\Guvi\Projects\major\number-plate-vehicle-detection\data\final_merged_datasets\images\val\img_001329.png,Daylight
D:\Guvi\Projects\major\number-plate-vehicle-detection\data\final_merged_datasets\images\val\img_001332.png,Daylight
D:\Guvi\Projects\major\number-plate-vehicle-detection\data\final_merged_datasets\images\val\img_001333.png,Daylight
D:\Guvi\Projects\major\number-plate-vehicle-detection\data\final_merged_datasets\images\val\img_001338.png,Daylight
D:\Guvi\Projects\major\number-plate-vehicle-detection\data\final_merged_datasets\images\val\img_001345.png,Daylight
D:\Guvi\Projects\major\number-plate-vehicle-detection\data\final_merged_datasets\images\val\img_001347.png,Daylight
D:\Guvi\Projects\major\number-plate-vehicle-detection\data\final_merged_datasets\images\val\img_001350.png,Daylight
D:\Guvi\Projects\major\number-plate-vehicle-detection\data\final_merged_datasets\images\val\img_001351.png,Daylight
D:\Guvi\Projects\major\number-plate-vehicle-detection\data\final_merged_datasets\images\val\img_001356.png,Daylight
D:\Guvi\Projects\major\number-plate-vehicle-detection\data\final_merged_datasets\images\val\img_001368.png,Daylight
D:\Guvi\Projects\major\number-plate-vehicle-detection\data\final_merged_datasets\images\val\img_001372.png,Daylight
D:\Guvi\Projects\major\number-plate-vehicle-detection\data\final_merged_datasets\images\val\img_001374.png,Daylight
D:\Guvi\Projects\major\number-plate-vehicle-detection\data\final_merged_datasets\images\val\img_001382.png,Daylight
D:\Guvi\Projects\major\number-plate-vehicle-detection\data\final_merged_datasets\images\val\img_001400.png,Daylight
D:\Guvi\Projects\major\number-plate-vehicle-detection\data\final_merged_datasets\images\val\img_001403.png,Daylight
D:\Guvi\Projects\major\number-plate-vehicle-detection\data\final_merged_datasets\images\val\img_001405.png,Daylight
D:\Guvi\Projects\major\number-plate-vehicle-detection\data\final_merged_datasets\images\val\img_001411.png,Daylight
D:\Guvi\Projects\major\number-plate-vehicle-detection\data\final_merged_datasets\images\val\img_001419.png,Daylight
D:\Guvi\Projects\major\number-plate-vehicle-detection\data\final_merged_datasets\images\val\img_001421.png,Daylight
D:\Guvi\Projects\major\number-plate-vehicle-detection\data\final_merged_datasets\images\val\img_001427.png,Daylight
D:\Guvi\Projects\major\number-plate-vehicle-detection\data\final_merged_datasets\images\val\img_001430.png,Daylight
D:\Guvi\Projects\major\number-plate-vehicle-detection\data\final_merged_datasets\images\val\img_001431.png,Daylight
D:\Guvi\Projects\major\number-plate-vehicle-detection\data\final_merged_datasets\images\val\img_001432.png,Daylight
D:\Guvi\Projects\major\number-plate-vehicle-detection\data\final_merged_datasets\images\val\img_001433.png,Daylight
D:\Guvi\Projects\major\number-plate-vehicle-detection\data\final_merged_datasets\images\val\img_001434.png,Daylight
D:\Guvi\Projects\major\number-plate-vehicle-detection\data\final_merged_datasets\images\val\img_001447.png,Daylight
D:\Guvi\Projects\major\number-plate-vehicle-detection\data\final_merged_datasets\images\val\img_001466.png,Daylight
D:\Guvi\Projects\major\number-plate-vehicle-detection\data\final_merged_datasets\images\val\img_001469.png,Daylight
D:\Guvi\Projects\major\number-plate-vehicle-detection\data\final_merged_datasets\images\val\img_001474.png,Daylight
D:\Guvi\Projects\major\number-plate-vehicle-detection\data\final_merged_datasets\images\val\img_001486.png,Daylight
D:\Guvi\Projects\major\number-plate-vehicle-detection\data\final_merged_datasets\images\val\img_001496.png,Night/Dark
D:\Guvi\Projects\major\number-plate-vehicle-detection\data\final_merged_datasets\images\val\img_001505.png,Night/Dark
D:\Guvi\Projects\major\number-plate-vehicle-detection\data\final_merged_datasets\images\val\img_001510.png,Night/Dark
D:\Guvi\Projects\major\number-plate-vehicle-detection\data\final_merged_datasets\images\val\img_001513.png,Night/Dark
D:\Guvi\Projects\major\number-plate-vehicle-detection\data\final_merged_datasets\images\val\img_001523.png,Night/Dark
D:\Guvi\Projects\major\number-plate-vehicle-detection\data\final_merged_datasets\images\val\img_001525.png,Night/Dark
D:\Guvi\Projects\major\number-plate-vehicle-detection\data\final_merged_datasets\images\val\img_001529.png,Night/Dark
D:\Guvi\Projects\major\number-plate-vehicle-detection\data\final_merged_datasets\images\val\img_001530.png,Night/Dark
D:\Guvi\Projects\major\number-plate-vehicle-detection\data\final_merged_datasets\images\val\img_001531.png,Night/Dark
D:\Guvi\Projects\major\number-plate-vehicle-detection\data\final_merged_datasets\images\val\img_001541.png,Daylight
D:\Guvi\Projects\major\number-plate-vehicle-detection\data\final_merged_datasets\images\val\img_001549.png,Daylight
D:\Guvi\Projects\major\number-plate-vehicle-detection\data\final_merged_datasets\images\val\img_001551.png,Daylight
D:\Guvi\Projects\major\number-plate-vehicle-detection\data\final_merged_datasets\images\val\img_001555.png,Daylight
D:\Guvi\Projects\major\number-plate-vehicle-detection\data\final_merged_datasets\images\val\img_001558.png,Daylight
D:\Guvi\Projects\major\number-plate-vehicle-detection\data\final_merged_datasets\images\val\img_001565.png,Daylight
D:\Guvi\Projects\major\number-plate-vehicle-detection\data\final_merged_datasets\images\val\img_001569.png,Daylight
D:\Guvi\Projects\major\number-plate-vehicle-detection\data\final_merged_datasets\images\val\img_001572.png,Daylight
D:\Guvi\Projects\major\number-plate-vehicle-detection\data\final_merged_datasets\images\val\img_001577.png,Daylight
D:\Guvi\Projects\major\number-plate-vehicle-detection\data\final_merged_datasets\images\val\img_001579.png,Daylight
D:\Guvi\Projects\major\number-plate-vehicle-detection\data\final_merged_datasets\images\val\img_001580.png,Daylight
D:\Guvi\Projects\major\number-plate-vehicle-detection\data\final_merged_datasets\images\val\img_001594.png,Daylight
D:\Guvi\Projects\major\number-plate-vehicle-detection\data\final_merged_datasets\images\val\img_001596.png,Daylight
D:\Guvi\Projects\major\number-plate-vehicle-detection\data\final_merged_datasets\images\val\img_001600.png,Daylight
D:\Guvi\Projects\major\number-plate-vehicle-detection\data\final_merged_datasets\images\val\img_001606.png,Daylight
D:\Guvi\Projects\major\number-plate-vehicle-detection\data\final_merged_datasets\images\val\img_001609.png,Night/Dark
D:\Guvi\Projects\major\number-plate-vehicle-detection\data\final_merged_datasets\images\val\img_001620.png,Daylight
D:\Guvi\Projects\major\number-plate-vehicle-detection\data\final_merged_datasets\images\val\img_001627.png,Daylight
D:\Guvi\Projects\major\number-plate-vehicle-detection\data\final_merged_datasets\images\val\img_001632.png,Night/Dark
D:\Guvi\Projects\major\number-plate-vehicle-detection\data\final_merged_datasets\images\val\img_001640.png,Daylight
D:\Guvi\Projects\major\number-plate-vehicle-detection\data\final_merged_datasets\images\val\img_001643.png,Daylight
D:\Guvi\Projects\major\number-plate-vehicle-detection\data\final_merged_datasets\images\val\img_001646.png,Daylight
D:\Guvi\Projects\major\number-plate-vehicle-detection\data\final_merged_datasets\images\val\img_001650.png,Daylight
D:\Guvi\Projects\major\number-plate-vehicle-detection\data\final_merged_datasets\images\val\img_001651.png,Daylight
D:\Guvi\Projects\major\number-plate-vehicle-detection\data\final_merged_datasets\images\val\img_001653.png,Daylight
D:\Guvi\Projects\major\number-plate-vehicle-detection\data\final_merged_datasets\images\val\img_001655.png,Daylight
D:\Guvi\Projects\major\number-plate-vehicle-detection\data\final_merged_datasets\images\val\img_001665.png,Daylight
